2026-04-21 14:33:52 | INFO     | app.recognition.face_recognizer:105 - identify_in_frame cam=2: 1 face(s) detected, 1 track(s)
2026-04-21 14:33:53 | INFO     | app.recognition.face_recognizer:105 - identify_in_frame cam=2: 0 face(s) detected, 1 track(s)
2026-04-21 14:33:53 | INFO     | app.recognition.face_recognizer:105 - identify_in_frame cam=2: 0 face(s) detected, 2 track(s)
2026-04-21 14:33:54 | INFO     | app.recognition.face_recognizer:105 - identify_in_frame cam=3: 1 face(s) detected, 1 track(s)
2026-04-21 14:33:55 | INFO     | app.recognition.face_recognizer:105 - identify_in_frame cam=3: 1 face(s) detected, 1 track(s)
2026-04-21 14:33:57 | INFO     | app.recognition.face_recognizer:105 - identify_in_frame cam=3: 1 face(s) detected, 1 track(s)
2026-04-21 14:33:57 | INFO     | app.services.alert_service:74 - Alert: gyanendra missing — last seen 26m ago
2026-04-21 14:33:57 | INFO     | app.pipeline.processing_pipeline:523 - Pipeline cam=2: 3.2 fps actual
2026-04-21 14:33:57 | INFO     | app.recognition.face_recognizer:105 - identify_in_frame cam=2: 0 face(s) detected, 2 track(s)
2026-04-21 14:34:00 | INFO     | app.pipeline.processing_pipeline:523 - Pipeline cam=3: 2.4 fps actual
2026-04-21 14:34:00 | INFO     | app.recognition.face_recognizer:105 - identify_in_frame cam=3: 0 face(s) detected, 1 track(s)
2026-04-21 14:34:01 | INFO     | app.recognition.face_recognizer:105 - identify_in_frame cam=2: 0 face(s) detected, 1 track(s)
2026-04-21 14:34:04 | INFO     | app.recognition.face_recognizer:105 - identify_in_frame cam=2: 0 face(s) detected, 1 track(s)
2026-04-21 14:34:05 | INFO     | app.recognition.face_recognizer:105 - identify_in_frame cam=3: 0 face(s) detected, 1 track(s)
2026-04-21 14:34:07 | INFO     | app.pipeline.processing_pipeline:523 - Pipeline cam=2: 3.1 fps actual
2026-04-21 14:34:08 | INFO     | app.recognition.face_recognizer:105 - identify_in_frame cam=3: 0 face(s) detected, 1 track(s)
2026-04-21 14:34:12 | INFO     | app.pipeline.processing_pipeline:523 - Pipeline cam=3: 2.5 fps actual
2026-04-21 14:34:19 | INFO     | app.pipeline.processing_pipeline:523 - Pipeline cam=2: 2.6 fps actual
2026-04-21 14:34:22 | INFO     | app.pipeline.processing_pipeline:523 - Pipeline cam=3: 2.8 fps actual
2026-04-21 14:34:31 | INFO     | app.pipeline.processing_pipeline:523 - Pipeline cam=2: 2.4 fps actual
2026-04-21 14:34:32 | INFO     | app.pipeline.processing_pipeline:523 - Pipeline cam=3: 3.1 fps actual
2026-04-21 14:34:43 | INFO     | app.pipeline.processing_pipeline:523 - Pipeline cam=3: 2.8 fps actual
2026-04-21 14:34:43 | INFO     | app.pipeline.processing_pipeline:523 - Pipeline cam=2: 2.5 fps actual
2026-04-21 14:34:54 | INFO     | app.pipeline.processing_pipeline:523 - Pipeline cam=3: 2.6 fps actual
2026-04-21 14:34:56 | INFO     | app.pipeline.processing_pipeline:523 - Pipeline cam=2: 2.4 fps actual
2026-04-21 14:34:57 | INFO     | app.services.alert_service:74 - Alert: hariom missing — last seen 36m ago
2026-04-21 14:35:04 | INFO     | app.pipeline.processing_pipeline:523 - Pipeline cam=3: 3.1 fps actual
2026-04-21 14:35:09 | INFO     | app.pipeline.processing_pipeline:523 - Pipeline cam=2: 2.3 fps actual
2026-04-21 14:35:13 | INFO     | app.pipeline.processing_pipeline:523 - Pipeline cam=3: 3.3 fps actual
2026-04-21 14:35:19 | INFO     | app.pipeline.processing_pipeline:523 - Pipeline cam=2: 3.1 fps actual
2026-04-21 14:35:24 | INFO     | app.pipeline.processing_pipeline:523 - Pipeline cam=3: 2.8 fps actual
2026-04-21 14:35:28 | INFO     | app.pipeline.processing_pipeline:523 - Pipeline cam=2: 3.1 fps actual
2026-04-21 14:35:34 | INFO     | app.pipeline.processing_pipeline:523 - Pipeline cam=3: 3.1 fps actual
2026-04-21 14:35:39 | INFO     | app.pipeline.processing_pipeline:523 - Pipeline cam=2: 2.7 fps actual
2026-04-21 14:35:42 | INFO     | app.pipeline.processing_pipeline:523 - Pipeline cam=3: 3.5 fps actual
2026-04-21 14:35:51 | INFO     | app.pipeline.processing_pipeline:523 - Pipeline cam=3: 3.4 fps actual
2026-04-21 14:35:52 | INFO     | app.pipeline.processing_pipeline:523 - Pipeline cam=2: 2.4 fps actual
2026-04-21 14:36:01 | INFO     | app.pipeline.processing_pipeline:523 - Pipeline cam=3: 3.0 fps actual
2026-04-21 14:36:04 | INFO     | app.pipeline.processing_pipeline:523 - Pipeline cam=2: 2.3 fps actual
2026-04-21 14:36:11 | INFO     | app.pipeline.processing_pipeline:523 - Pipeline cam=3: 3.1 fps actual
2026-04-21 14:36:14 | INFO     | app.pipeline.processing_pipeline:523 - Pipeline cam=2: 3.1 fps actual
2026-04-21 14:36:22 | INFO     | app.pipeline.processing_pipeline:523 - Pipeline cam=3: 2.7 fps actual
2026-04-21 14:36:26 | INFO     | app.pipeline.processing_pipeline:523 - Pipeline cam=2: 2.5 fps actual
2026-04-21 14:36:30 | INFO     | app.pipeline.processing_pipeline:523 - Pipeline cam=3: 3.7 fps actual
2026-04-21 14:36:38 | INFO     | app.pipeline.processing_pipeline:523 - Pipeline cam=2: 2.6 fps actual
2026-04-21 14:36:40 | INFO     | app.pipeline.processing_pipeline:523 - Pipeline cam=3: 3.1 fps actual
2026-04-21 14:36:48 | INFO     | app.pipeline.processing_pipeline:523 - Pipeline cam=2: 2.9 fps actual
2026-04-21 14:36:51 | INFO     | app.pipeline.processing_pipeline:523 - Pipeline cam=3: 2.8 fps actual
2026-04-21 14:36:57 | INFO     | app.pipeline.processing_pipeline:523 - Pipeline cam=2: 3.3 fps actual
2026-04-21 14:37:01 | INFO     | app.pipeline.processing_pipeline:523 - Pipeline cam=3: 3.0 fps actual
2026-04-21 14:37:09 | INFO     | app.pipeline.processing_pipeline:523 - Pipeline cam=2: 2.5 fps actual
2026-04-21 14:37:11 | INFO     | app.pipeline.processing_pipeline:523 - Pipeline cam=3: 2.9 fps actual
2026-04-21 14:37:21 | INFO     | app.pipeline.processing_pipeline:523 - Pipeline cam=2: 2.5 fps actual
2026-04-21 14:37:22 | INFO     | app.pipeline.processing_pipeline:523 - Pipeline cam=3: 2.8 fps actual
2026-04-21 14:37:31 | INFO     | app.pipeline.processing_pipeline:523 - Pipeline cam=3: 3.3 fps actual
2026-04-21 14:37:32 | INFO     | app.pipeline.processing_pipeline:523 - Pipeline cam=2: 2.9 fps actual
2026-04-21 14:37:40 | INFO     | app.pipeline.processing_pipeline:523 - Pipeline cam=3: 3.3 fps actual
2026-04-21 14:37:42 | INFO     | app.pipeline.processing_pipeline:523 - Pipeline cam=2: 2.8 fps actual
2026-04-21 14:37:50 | INFO     | app.pipeline.processing_pipeline:523 - Pipeline cam=3: 2.9 fps actual
2026-04-21 14:37:53 | INFO     | app.pipeline.processing_pipeline:523 - Pipeline cam=2: 2.8 fps actual
2026-04-21 14:37:57 | INFO     | app.services.alert_service:74 - Alert: Himanshi  missing — last seen 36m ago
2026-04-21 14:38:00 | INFO     | app.pipeline.processing_pipeline:523 - Pipeline cam=3: 3.1 fps actual
2026-04-21 14:38:02 | INFO     | app.pipeline.processing_pipeline:523 - Pipeline cam=2: 3.3 fps actual
2026-04-21 14:38:11 | INFO     | app.pipeline.processing_pipeline:523 - Pipeline cam=3: 2.6 fps actual
2026-04-21 14:38:13 | INFO     | app.pipeline.processing_pipeline:523 - Pipeline cam=2: 2.7 fps actual
2026-04-21 14:38:22 | INFO     | app.pipeline.processing_pipeline:523 - Pipeline cam=3: 2.8 fps actual
2026-04-21 14:38:23 | INFO     | app.pipeline.processing_pipeline:523 - Pipeline cam=2: 2.9 fps actual
2026-04-21 14:38:32 | INFO     | app.pipeline.processing_pipeline:523 - Pipeline cam=3: 2.9 fps actual
2026-04-21 14:38:35 | INFO     | app.pipeline.processing_pipeline:523 - Pipeline cam=2: 2.5 fps actual
2026-04-21 14:38:44 | INFO     | app.pipeline.processing_pipeline:523 - Pipeline cam=3: 2.5 fps actual
2026-04-21 14:38:46 | INFO     | app.pipeline.processing_pipeline:523 - Pipeline cam=2: 2.9 fps actual
2026-04-21 14:38:55 | INFO     | app.pipeline.processing_pipeline:523 - Pipeline cam=3: 2.9 fps actual
2026-04-21 14:38:56 | INFO     | app.pipeline.processing_pipeline:523 - Pipeline cam=2: 3.0 fps actual
2026-04-21 14:38:57 | INFO     | app.services.alert_service:74 - Alert: devkanya missing — last seen 36m ago
2026-04-21 14:38:57 | INFO     | app.services.alert_service:74 - Alert: Anjali missing — last seen 35m ago
2026-04-21 14:39:04 | INFO     | app.pipeline.processing_pipeline:523 - Pipeline cam=3: 3.1 fps actual
2026-04-21 14:39:06 | INFO     | app.pipeline.processing_pipeline:523 - Pipeline cam=2: 3.1 fps actual
2026-04-21 14:39:14 | INFO     | app.pipeline.processing_pipeline:523 - Pipeline cam=3: 2.9 fps actual
2026-04-21 14:39:16 | INFO     | app.pipeline.processing_pipeline:523 - Pipeline cam=2: 2.9 fps actual
2026-04-21 14:39:26 | INFO     | app.pipeline.processing_pipeline:523 - Pipeline cam=3: 2.6 fps actual
2026-04-21 14:39:26 | INFO     | app.pipeline.processing_pipeline:523 - Pipeline cam=2: 3.0 fps actual
2026-04-21 14:39:35 | INFO     | app.pipeline.processing_pipeline:523 - Pipeline cam=3: 3.3 fps actual
2026-04-21 14:39:37 | INFO     | app.pipeline.processing_pipeline:523 - Pipeline cam=2: 2.7 fps actual
2026-04-21 14:39:46 | INFO     | app.pipeline.processing_pipeline:523 - Pipeline cam=3: 2.6 fps actual
2026-04-21 14:39:49 | INFO     | app.pipeline.processing_pipeline:523 - Pipeline cam=2: 2.6 fps actual
2026-04-21 14:39:56 | INFO     | app.pipeline.processing_pipeline:523 - Pipeline cam=3: 3.0 fps actual
2026-04-21 14:40:00 | INFO     | app.pipeline.processing_pipeline:523 - Pipeline cam=2: 2.8 fps actual
2026-04-21 14:40:06 | INFO     | app.pipeline.processing_pipeline:523 - Pipeline cam=3: 3.2 fps actual
2026-04-21 14:40:09 | INFO     | app.pipeline.processing_pipeline:523 - Pipeline cam=2: 3.2 fps actual
2026-04-21 14:40:15 | INFO     | app.pipeline.processing_pipeline:523 - Pipeline cam=3: 3.2 fps actual
2026-04-21 14:40:20 | INFO     | app.pipeline.processing_pipeline:523 - Pipeline cam=2: 2.6 fps actual
2026-04-21 14:40:26 | INFO     | app.pipeline.processing_pipeline:523 - Pipeline cam=3: 2.8 fps actual
2026-04-21 14:40:31 | INFO     | app.pipeline.processing_pipeline:523 - Pipeline cam=2: 2.8 fps actual
2026-04-21 14:40:36 | INFO     | app.pipeline.processing_pipeline:523 - Pipeline cam=3: 2.9 fps actual
2026-04-21 14:40:42 | INFO     | app.pipeline.processing_pipeline:523 - Pipeline cam=2: 2.7 fps actual
2026-04-21 14:40:48 | INFO     | app.pipeline.processing_pipeline:523 - Pipeline cam=3: 2.5 fps actual
2026-04-21 14:40:53 | INFO     | app.pipeline.processing_pipeline:523 - Pipeline cam=2: 2.7 fps actual
2026-04-21 14:40:59 | INFO     | app.pipeline.processing_pipeline:523 - Pipeline cam=3: 2.9 fps actual
2026-04-21 14:41:05 | INFO     | app.pipeline.processing_pipeline:523 - Pipeline cam=2: 2.5 fps actual
2026-04-21 14:41:07 | INFO     | app.pipeline.processing_pipeline:523 - Pipeline cam=3: 3.6 fps actual
2026-04-21 14:41:16 | INFO     | app.pipeline.processing_pipeline:523 - Pipeline cam=2: 2.7 fps actual
2026-04-21 14:41:17 | INFO     | app.pipeline.processing_pipeline:523 - Pipeline cam=3: 3.0 fps actual
2026-04-21 14:41:27 | INFO     | app.pipeline.processing_pipeline:523 - Pipeline cam=2: 2.9 fps actual
2026-04-21 14:41:27 | INFO     | app.pipeline.processing_pipeline:523 - Pipeline cam=3: 2.8 fps actual
2026-04-21 14:41:33 | INFO     | app.recognition.face_recognizer:105 - identify_in_frame cam=3: 0 face(s) detected, 1 track(s)
2026-04-21 14:41:34 | INFO     | app.recognition.face_recognizer:105 - identify_in_frame cam=3: 0 face(s) detected, 1 track(s)
2026-04-21 14:41:35 | INFO     | app.recognition.face_recognizer:105 - identify_in_frame cam=3: 0 face(s) detected, 1 track(s)
2026-04-21 14:41:35 | INFO     | app.recognition.face_recognizer:105 - identify_in_frame cam=2: 0 face(s) detected, 1 track(s)
2026-04-21 14:41:37 | INFO     | app.recognition.face_recognizer:105 - identify_in_frame cam=2: 1 face(s) detected, 1 track(s)
2026-04-21 14:41:38 | INFO     | app.recognition.face_recognizer:105 - identify_in_frame cam=2: 0 face(s) detected, 2 track(s)
2026-04-21 14:41:38 | INFO     | app.pipeline.processing_pipeline:523 - Pipeline cam=3: 2.8 fps actual
2026-04-21 14:41:38 | INFO     | app.recognition.face_recognizer:105 - identify_in_frame cam=3: 0 face(s) detected, 1 track(s)
2026-04-21 14:41:38 | INFO     | app.pipeline.processing_pipeline:523 - Pipeline cam=2: 2.6 fps actual
2026-04-21 14:41:39 | INFO     | app.recognition.face_recognizer:105 - identify_in_frame cam=2: 0 face(s) detected, 2 track(s)
2026-04-21 14:41:40 | INFO     | app.recognition.face_recognizer:105 - identify_in_frame cam=2: 0 face(s) detected, 1 track(s)
2026-04-21 14:41:42 | INFO     | app.recognition.face_recognizer:105 - identify_in_frame cam=2: 0 face(s) detected, 2 track(s)
2026-04-21 14:41:42 | INFO     | app.recognition.face_recognizer:105 - identify_in_frame cam=3: 0 face(s) detected, 1 track(s)
2026-04-21 14:41:45 | INFO     | app.recognition.face_recognizer:105 - identify_in_frame cam=2: 0 face(s) detected, 2 track(s)
2026-04-21 14:41:45 | INFO     | app.recognition.face_recognizer:105 - identify_in_frame cam=3: 0 face(s) detected, 1 track(s)
2026-04-21 14:41:48 | INFO     | app.pipeline.processing_pipeline:523 - Pipeline cam=2: 3.2 fps actual
2026-04-21 14:41:48 | INFO     | app.pipeline.processing_pipeline:523 - Pipeline cam=3: 3.0 fps actual
2026-04-21 14:41:57 | INFO     | app.services.alert_service:74 - Alert: Devrishi Sharma missing — last seen 15m ago
2026-04-21 14:41:58 | INFO     | app.pipeline.processing_pipeline:523 - Pipeline cam=3: 3.0 fps actual
2026-04-21 14:41:59 | INFO     | app.pipeline.processing_pipeline:523 - Pipeline cam=2: 2.8 fps actual
2026-04-21 14:42:09 | INFO     | app.pipeline.processing_pipeline:523 - Pipeline cam=3: 2.8 fps actual
2026-04-21 14:42:09 | INFO     | app.pipeline.processing_pipeline:523 - Pipeline cam=2: 3.0 fps actual
2026-04-21 14:42:18 | INFO     | app.pipeline.processing_pipeline:523 - Pipeline cam=3: 3.3 fps actual
2026-04-21 14:42:22 | INFO     | app.pipeline.processing_pipeline:523 - Pipeline cam=2: 2.3 fps actual
2026-04-21 14:42:28 | INFO     | app.pipeline.processing_pipeline:523 - Pipeline cam=3: 3.0 fps actual
2026-04-21 14:42:32 | INFO     | app.pipeline.processing_pipeline:523 - Pipeline cam=2: 2.8 fps actual
2026-04-21 14:42:37 | INFO     | app.pipeline.processing_pipeline:523 - Pipeline cam=3: 3.2 fps actual
2026-04-21 14:42:42 | INFO     | app.pipeline.processing_pipeline:523 - Pipeline cam=2: 3.1 fps actual
2026-04-21 14:42:46 | INFO     | app.pipeline.processing_pipeline:523 - Pipeline cam=3: 3.3 fps actual
2026-04-21 14:42:54 | INFO     | app.pipeline.processing_pipeline:523 - Pipeline cam=2: 2.6 fps actual
2026-04-21 14:42:56 | INFO     | app.pipeline.processing_pipeline:523 - Pipeline cam=3: 3.1 fps actual
2026-04-21 14:43:05 | INFO     | app.pipeline.processing_pipeline:523 - Pipeline cam=2: 2.6 fps actual
2026-04-21 14:43:06 | INFO     | app.pipeline.processing_pipeline:523 - Pipeline cam=3: 3.1 fps actual
2026-04-21 14:43:16 | INFO     | app.pipeline.processing_pipeline:523 - Pipeline cam=3: 3.0 fps actual
2026-04-21 14:43:16 | INFO     | app.pipeline.processing_pipeline:523 - Pipeline cam=2: 2.7 fps actual
2026-04-21 14:43:26 | INFO     | app.pipeline.processing_pipeline:523 - Pipeline cam=2: 3.1 fps actual
2026-04-21 14:43:27 | INFO     | app.pipeline.processing_pipeline:523 - Pipeline cam=3: 2.7 fps actual
2026-04-21 14:43:36 | INFO     | app.pipeline.processing_pipeline:523 - Pipeline cam=2: 3.1 fps actual
2026-04-21 14:43:36 | INFO     | app.pipeline.processing_pipeline:523 - Pipeline cam=3: 3.3 fps actual
2026-04-21 14:43:45 | INFO     | app.pipeline.processing_pipeline:523 - Pipeline cam=2: 3.3 fps actual
2026-04-21 14:43:46 | INFO     | app.pipeline.processing_pipeline:523 - Pipeline cam=3: 2.9 fps actual
2026-04-21 14:43:57 | INFO     | app.pipeline.processing_pipeline:523 - Pipeline cam=2: 2.5 fps actual
2026-04-21 14:43:57 | INFO     | app.services.alert_service:74 - Alert: gyanendra missing — last seen 36m ago
2026-04-21 14:43:58 | INFO     | app.pipeline.processing_pipeline:523 - Pipeline cam=3: 2.6 fps actual
2026-04-21 14:44:08 | INFO     | app.pipeline.processing_pipeline:523 - Pipeline cam=3: 3.0 fps actual
2026-04-21 14:44:09 | INFO     | app.pipeline.processing_pipeline:523 - Pipeline cam=2: 2.4 fps actual
2026-04-21 14:44:17 | INFO     | app.pipeline.processing_pipeline:523 - Pipeline cam=3: 3.1 fps actual
2026-04-21 14:44:21 | INFO     | app.pipeline.processing_pipeline:523 - Pipeline cam=2: 2.6 fps actual
2026-04-21 14:44:28 | INFO     | app.pipeline.processing_pipeline:523 - Pipeline cam=3: 2.9 fps actual
2026-04-21 14:44:31 | INFO     | app.pipeline.processing_pipeline:523 - Pipeline cam=2: 3.0 fps actual
2026-04-21 14:44:32 | INFO     | app.recognition.face_recognizer:105 - identify_in_frame cam=2: 0 face(s) detected, 1 track(s)
2026-04-21 14:44:33 | INFO     | app.recognition.face_recognizer:105 - identify_in_frame cam=2: 0 face(s) detected, 2 track(s)
2026-04-21 14:44:34 | INFO     | app.recognition.face_recognizer:105 - identify_in_frame cam=2: 0 face(s) detected, 2 track(s)
2026-04-21 14:44:35 | INFO     | app.recognition.face_recognizer:105 - identify_in_frame cam=2: 0 face(s) detected, 1 track(s)
2026-04-21 14:44:35 | INFO     | app.recognition.face_recognizer:105 - identify_in_frame cam=3: 1 face(s) detected, 1 track(s)
2026-04-21 14:44:35 | INFO     | app.recognition.face_recognizer:204 -   face→track 34: best_id=1024 score=0.1340 (high>=0.5 verified>=0.42 med>=0.37)
2026-04-21 14:44:35 | INFO     | app.recognition.face_recognizer:105 - identify_in_frame cam=2: 0 face(s) detected, 1 track(s)
2026-04-21 14:44:36 | INFO     | app.recognition.face_recognizer:105 - identify_in_frame cam=3: 0 face(s) detected, 2 track(s)
2026-04-21 14:44:37 | INFO     | app.recognition.face_recognizer:105 - identify_in_frame cam=3: 0 face(s) detected, 2 track(s)
2026-04-21 14:44:38 | INFO     | app.pipeline.processing_pipeline:523 - Pipeline cam=3: 2.8 fps actual
2026-04-21 14:44:38 | INFO     | app.recognition.face_recognizer:105 - identify_in_frame cam=2: 0 face(s) detected, 2 track(s)
2026-04-21 14:44:38 | INFO     | app.recognition.face_recognizer:105 - identify_in_frame cam=3: 0 face(s) detected, 2 track(s)
2026-04-21 14:44:41 | INFO     | app.recognition.face_recognizer:105 - identify_in_frame cam=3: 0 face(s) detected, 2 track(s)
2026-04-21 14:44:42 | INFO     | app.pipeline.processing_pipeline:523 - Pipeline cam=2: 2.7 fps actual
2026-04-21 14:44:42 | INFO     | app.recognition.face_recognizer:105 - identify_in_frame cam=2: 0 face(s) detected, 2 track(s)
2026-04-21 14:44:45 | INFO     | app.recognition.face_recognizer:105 - identify_in_frame cam=3: 0 face(s) detected, 2 track(s)
2026-04-21 14:44:48 | INFO     | app.pipeline.processing_pipeline:523 - Pipeline cam=3: 3.1 fps actual
2026-04-21 14:44:55 | INFO     | app.pipeline.processing_pipeline:523 - Pipeline cam=2: 2.3 fps actual
2026-04-21 14:44:57 | INFO     | app.services.alert_service:74 - Alert: hariom missing — last seen 46m ago
2026-04-21 14:44:58 | INFO     | app.pipeline.processing_pipeline:523 - Pipeline cam=3: 3.1 fps actual
2026-04-21 14:45:06 | INFO     | app.pipeline.processing_pipeline:523 - Pipeline cam=3: 3.6 fps actual
2026-04-21 14:45:09 | INFO     | app.pipeline.processing_pipeline:523 - Pipeline cam=2: 2.3 fps actual
2026-04-21 14:45:15 | INFO     | app.pipeline.processing_pipeline:523 - Pipeline cam=3: 3.3 fps actual
2026-04-21 14:45:20 | INFO     | app.pipeline.processing_pipeline:523 - Pipeline cam=2: 2.8 fps actual
2026-04-21 14:45:25 | INFO     | app.pipeline.processing_pipeline:523 - Pipeline cam=3: 3.1 fps actual
2026-04-21 14:45:30 | INFO     | app.pipeline.processing_pipeline:523 - Pipeline cam=2: 2.9 fps actual
2026-04-21 14:45:35 | INFO     | app.pipeline.processing_pipeline:523 - Pipeline cam=3: 2.9 fps actual
2026-04-21 14:45:40 | INFO     | app.pipeline.processing_pipeline:523 - Pipeline cam=2: 3.0 fps actual
2026-04-21 14:45:42 | INFO     | app.recognition.face_recognizer:105 - identify_in_frame cam=2: 0 face(s) detected, 1 track(s)
2026-04-21 14:45:43 | INFO     | app.recognition.face_recognizer:105 - identify_in_frame cam=2: 0 face(s) detected, 1 track(s)
2026-04-21 14:45:45 | INFO     | app.recognition.face_recognizer:105 - identify_in_frame cam=2: 1 face(s) detected, 2 track(s)
2026-04-21 14:45:45 | INFO     | app.pipeline.processing_pipeline:523 - Pipeline cam=3: 2.9 fps actual
2026-04-21 14:45:46 | INFO     | app.recognition.face_recognizer:105 - identify_in_frame cam=2: 0 face(s) detected, 2 track(s)
2026-04-21 14:45:47 | INFO     | app.recognition.face_recognizer:105 - identify_in_frame cam=2: 0 face(s) detected, 3 track(s)
2026-04-21 14:45:47 | INFO     | app.recognition.face_recognizer:105 - identify_in_frame cam=2: 0 face(s) detected, 2 track(s)
2026-04-21 14:45:48 | INFO     | app.recognition.face_recognizer:105 - identify_in_frame cam=2: 0 face(s) detected, 2 track(s)
2026-04-21 14:45:49 | INFO     | app.recognition.face_recognizer:105 - identify_in_frame cam=2: 0 face(s) detected, 1 track(s)
2026-04-21 14:45:50 | INFO     | app.pipeline.processing_pipeline:523 - Pipeline cam=2: 3.0 fps actual
2026-04-21 14:45:50 | INFO     | app.recognition.face_recognizer:105 - identify_in_frame cam=2: 0 face(s) detected, 4 track(s)
2026-04-21 14:45:53 | INFO     | app.recognition.face_recognizer:105 - identify_in_frame cam=2: 0 face(s) detected, 3 track(s)
2026-04-21 14:45:55 | INFO     | app.pipeline.processing_pipeline:523 - Pipeline cam=3: 3.1 fps actual
2026-04-21 14:45:56 | INFO     | app.recognition.face_recognizer:105 - identify_in_frame cam=3: 0 face(s) detected, 1 track(s)
2026-04-21 14:45:57 | INFO     | app.recognition.face_recognizer:105 - identify_in_frame cam=2: 0 face(s) detected, 2 track(s)
2026-04-21 14:45:57 | INFO     | app.recognition.face_recognizer:105 - identify_in_frame cam=3: 1 face(s) detected, 2 track(s)
2026-04-21 14:45:58 | INFO     | app.recognition.face_recognizer:105 - identify_in_frame cam=3: 0 face(s) detected, 2 track(s)
2026-04-21 14:45:59 | INFO     | app.recognition.face_recognizer:105 - identify_in_frame cam=3: 0 face(s) detected, 1 track(s)
2026-04-21 14:45:59 | INFO     | app.recognition.face_recognizer:105 - identify_in_frame cam=2: 1 face(s) detected, 1 track(s)
2026-04-21 14:45:59 | INFO     | app.recognition.face_recognizer:204 -   face→track 90: best_id=1023 score=0.3980 (high>=0.5 verified>=0.42 med>=0.37)
2026-04-21 14:46:00 | INFO     | app.recognition.face_recognizer:105 - identify_in_frame cam=3: 0 face(s) detected, 1 track(s)
2026-04-21 14:46:00 | INFO     | app.recognition.face_recognizer:262 -   deepface candidate emp=1023 score=0.3980 verified=False sim=0.2110 facenet_min=0.55
2026-04-21 14:46:01 | INFO     | app.pipeline.processing_pipeline:523 - Pipeline cam=2: 2.7 fps actual
2026-04-21 14:46:01 | INFO     | app.recognition.face_recognizer:105 - identify_in_frame cam=2: 0 face(s) detected, 1 track(s)
2026-04-21 14:46:02 | INFO     | app.recognition.face_recognizer:105 - identify_in_frame cam=3: 0 face(s) detected, 2 track(s)
2026-04-21 14:46:03 | INFO     | app.recognition.face_recognizer:105 - identify_in_frame cam=2: 0 face(s) detected, 1 track(s)
2026-04-21 14:46:05 | INFO     | app.recognition.face_recognizer:105 - identify_in_frame cam=2: 0 face(s) detected, 1 track(s)
2026-04-21 14:46:06 | INFO     | app.recognition.face_recognizer:105 - identify_in_frame cam=2: 1 face(s) detected, 1 track(s)
2026-04-21 14:46:06 | INFO     | app.pipeline.processing_pipeline:523 - Pipeline cam=3: 2.7 fps actual
2026-04-21 14:46:07 | INFO     | app.recognition.face_recognizer:105 - identify_in_frame cam=3: 0 face(s) detected, 2 track(s)
2026-04-21 14:46:08 | INFO     | app.recognition.face_recognizer:105 - identify_in_frame cam=2: 1 face(s) detected, 2 track(s)
2026-04-21 14:46:08 | INFO     | app.recognition.face_recognizer:204 -   face→track 92: best_id=1012 score=0.0969 (high>=0.5 verified>=0.42 med>=0.37)
2026-04-21 14:46:09 | INFO     | app.recognition.face_recognizer:105 - identify_in_frame cam=2: 0 face(s) detected, 3 track(s)
2026-04-21 14:46:09 | INFO     | app.recognition.face_recognizer:105 - identify_in_frame cam=3: 0 face(s) detected, 2 track(s)
2026-04-21 14:46:10 | INFO     | app.recognition.face_recognizer:105 - identify_in_frame cam=2: 0 face(s) detected, 2 track(s)
2026-04-21 14:46:11 | INFO     | app.recognition.face_recognizer:105 - identify_in_frame cam=2: 0 face(s) detected, 2 track(s)
2026-04-21 14:46:11 | INFO     | app.recognition.face_recognizer:105 - identify_in_frame cam=2: 0 face(s) detected, 1 track(s)
2026-04-21 14:46:12 | INFO     | app.pipeline.processing_pipeline:523 - Pipeline cam=2: 2.6 fps actual
2026-04-21 14:46:13 | INFO     | app.recognition.face_recognizer:105 - identify_in_frame cam=2: 0 face(s) detected, 3 track(s)
2026-04-21 14:46:14 | INFO     | app.recognition.face_recognizer:105 - identify_in_frame cam=3: 0 face(s) detected, 2 track(s)
2026-04-21 14:46:16 | INFO     | app.recognition.face_recognizer:105 - identify_in_frame cam=2: 0 face(s) detected, 3 track(s)
2026-04-21 14:46:17 | INFO     | app.pipeline.processing_pipeline:523 - Pipeline cam=3: 2.7 fps actual
2026-04-21 14:46:23 | INFO     | app.pipeline.processing_pipeline:523 - Pipeline cam=2: 2.8 fps actual
2026-04-21 14:46:28 | INFO     | app.pipeline.processing_pipeline:523 - Pipeline cam=3: 2.9 fps actual
2026-04-21 14:46:33 | INFO     | app.pipeline.processing_pipeline:523 - Pipeline cam=2: 2.9 fps actual
2026-04-21 14:46:38 | INFO     | app.pipeline.processing_pipeline:523 - Pipeline cam=3: 2.9 fps actual
2026-04-21 14:46:46 | INFO     | app.pipeline.processing_pipeline:523 - Pipeline cam=2: 2.4 fps actual
2026-04-21 14:46:49 | INFO     | app.pipeline.processing_pipeline:523 - Pipeline cam=3: 2.7 fps actual
2026-04-21 14:46:55 | INFO     | app.pipeline.processing_pipeline:523 - Pipeline cam=2: 3.2 fps actual
2026-04-21 14:46:59 | INFO     | app.pipeline.processing_pipeline:523 - Pipeline cam=3: 3.2 fps actual
2026-04-21 14:47:07 | INFO     | app.pipeline.processing_pipeline:523 - Pipeline cam=3: 3.7 fps actual
2026-04-21 14:47:08 | INFO     | app.pipeline.processing_pipeline:523 - Pipeline cam=2: 2.4 fps actual
2026-04-21 14:47:16 | INFO     | app.pipeline.processing_pipeline:523 - Pipeline cam=2: 3.5 fps actual
2026-04-21 14:47:16 | INFO     | app.pipeline.processing_pipeline:523 - Pipeline cam=3: 3.1 fps actual
2026-04-21 14:47:27 | INFO     | app.pipeline.processing_pipeline:523 - Pipeline cam=3: 2.9 fps actual
2026-04-21 14:47:29 | INFO     | app.pipeline.processing_pipeline:523 - Pipeline cam=2: 2.4 fps actual
2026-04-21 14:47:36 | INFO     | app.pipeline.processing_pipeline:523 - Pipeline cam=3: 3.1 fps actual
2026-04-21 14:47:39 | INFO     | app.pipeline.processing_pipeline:523 - Pipeline cam=2: 2.9 fps actual
2026-04-21 14:47:48 | INFO     | app.pipeline.processing_pipeline:523 - Pipeline cam=3: 2.5 fps actual
2026-04-21 14:47:49 | INFO     | app.pipeline.processing_pipeline:523 - Pipeline cam=2: 2.9 fps actual
2026-04-21 14:47:56 | INFO     | app.pipeline.processing_pipeline:523 - Pipeline cam=3: 3.8 fps actual
2026-04-21 14:47:57 | INFO     | app.services.alert_service:74 - Alert: Himanshi  missing — last seen 46m ago
2026-04-21 14:48:01 | INFO     | app.pipeline.processing_pipeline:523 - Pipeline cam=2: 2.6 fps actual
2026-04-21 14:48:08 | INFO     | app.pipeline.processing_pipeline:523 - Pipeline cam=3: 2.5 fps actual
2026-04-21 14:48:11 | INFO     | app.pipeline.processing_pipeline:523 - Pipeline cam=2: 3.0 fps actual
2026-04-21 14:48:20 | INFO     | app.pipeline.processing_pipeline:523 - Pipeline cam=3: 2.5 fps actual
2026-04-21 14:48:22 | INFO     | app.pipeline.processing_pipeline:523 - Pipeline cam=2: 2.6 fps actual
2026-04-21 14:48:29 | INFO     | app.recognition.face_recognizer:105 - identify_in_frame cam=2: 1 face(s) detected, 2 track(s)
2026-04-21 14:48:29 | INFO     | app.recognition.face_recognizer:204 -   face→track 94: best_id=1020 score=0.1313 (high>=0.5 verified>=0.42 med>=0.37)
2026-04-21 14:48:30 | INFO     | app.recognition.face_recognizer:105 - identify_in_frame cam=2: 1 face(s) detected, 2 track(s)
2026-04-21 14:48:32 | INFO     | app.recognition.face_recognizer:105 - identify_in_frame cam=2: 1 face(s) detected, 2 track(s)
2026-04-21 14:48:33 | INFO     | app.pipeline.processing_pipeline:523 - Pipeline cam=3: 2.3 fps actual
2026-04-21 14:48:33 | INFO     | app.pipeline.processing_pipeline:523 - Pipeline cam=2: 2.8 fps actual
2026-04-21 14:48:34 | INFO     | app.recognition.face_recognizer:105 - identify_in_frame cam=2: 1 face(s) detected, 3 track(s)
2026-04-21 14:48:34 | INFO     | app.recognition.face_recognizer:105 - identify_in_frame cam=3: 0 face(s) detected, 1 track(s)
2026-04-21 14:48:35 | INFO     | app.recognition.face_recognizer:105 - identify_in_frame cam=2: 0 face(s) detected, 1 track(s)
2026-04-21 14:48:36 | INFO     | app.recognition.face_recognizer:105 - identify_in_frame cam=3: 0 face(s) detected, 1 track(s)
2026-04-21 14:48:36 | INFO     | app.recognition.face_recognizer:105 - identify_in_frame cam=2: 0 face(s) detected, 1 track(s)
2026-04-21 14:48:37 | INFO     | app.recognition.face_recognizer:105 - identify_in_frame cam=3: 2 face(s) detected, 1 track(s)
2026-04-21 14:48:37 | INFO     | app.recognition.face_recognizer:204 -   face→track 39: best_id=1024 score=0.1182 (high>=0.5 verified>=0.42 med>=0.37)
2026-04-21 14:48:37 | INFO     | app.recognition.face_recognizer:172 -   face bbox=(404,273,428,293) — no track within 400px
2026-04-21 14:48:37 | INFO     | app.recognition.face_recognizer:105 - identify_in_frame cam=3: 0 face(s) detected, 1 track(s)
2026-04-21 14:48:38 | INFO     | app.recognition.face_recognizer:105 - identify_in_frame cam=2: 0 face(s) detected, 3 track(s)
2026-04-21 14:48:41 | INFO     | app.recognition.face_recognizer:105 - identify_in_frame cam=3: 1 face(s) detected, 1 track(s)
2026-04-21 14:48:42 | INFO     | app.recognition.face_recognizer:105 - identify_in_frame cam=3: 1 face(s) detected, 1 track(s)
2026-04-21 14:48:42 | INFO     | app.recognition.face_recognizer:105 - identify_in_frame cam=3: 1 face(s) detected, 1 track(s)
2026-04-21 14:48:43 | INFO     | app.recognition.face_recognizer:105 - identify_in_frame cam=2: 0 face(s) detected, 3 track(s)
2026-04-21 14:48:43 | INFO     | app.recognition.face_recognizer:105 - identify_in_frame cam=3: 0 face(s) detected, 1 track(s)
2026-04-21 14:48:45 | INFO     | app.pipeline.processing_pipeline:523 - Pipeline cam=3: 2.6 fps actual
2026-04-21 14:48:45 | INFO     | app.recognition.face_recognizer:105 - identify_in_frame cam=3: 1 face(s) detected, 3 track(s)
2026-04-21 14:48:46 | INFO     | app.pipeline.processing_pipeline:523 - Pipeline cam=2: 2.3 fps actual
2026-04-21 14:48:47 | INFO     | app.recognition.face_recognizer:105 - identify_in_frame cam=3: 0 face(s) detected, 1 track(s)
2026-04-21 14:48:47 | INFO     | app.recognition.face_recognizer:105 - identify_in_frame cam=2: 0 face(s) detected, 2 track(s)
2026-04-21 14:48:47 | INFO     | app.recognition.face_recognizer:105 - identify_in_frame cam=3: 0 face(s) detected, 1 track(s)
2026-04-21 14:48:48 | INFO     | app.recognition.face_recognizer:105 - identify_in_frame cam=3: 0 face(s) detected, 1 track(s)
2026-04-21 14:48:48 | INFO     | app.recognition.face_recognizer:105 - identify_in_frame cam=3: 0 face(s) detected, 3 track(s)
2026-04-21 14:48:49 | INFO     | app.recognition.face_recognizer:105 - identify_in_frame cam=3: 1 face(s) detected, 1 track(s)
2026-04-21 14:48:49 | INFO     | app.recognition.face_recognizer:204 -   face→track 42: best_id=1010 score=0.1418 (high>=0.5 verified>=0.42 med>=0.37)
2026-04-21 14:48:50 | INFO     | app.recognition.face_recognizer:105 - identify_in_frame cam=3: 0 face(s) detected, 1 track(s)
2026-04-21 14:48:51 | INFO     | app.recognition.face_recognizer:105 - identify_in_frame cam=2: 0 face(s) detected, 1 track(s)
2026-04-21 14:48:52 | INFO     | app.recognition.face_recognizer:105 - identify_in_frame cam=3: 0 face(s) detected, 3 track(s)
2026-04-21 14:48:54 | INFO     | app.recognition.face_recognizer:105 - identify_in_frame cam=2: 0 face(s) detected, 1 track(s)
2026-04-21 14:48:55 | INFO     | app.pipeline.processing_pipeline:523 - Pipeline cam=3: 2.9 fps actual
2026-04-21 14:48:55 | INFO     | app.recognition.face_recognizer:105 - identify_in_frame cam=3: 0 face(s) detected, 2 track(s)
2026-04-21 14:48:57 | INFO     | app.services.alert_service:74 - Alert: devkanya missing — last seen 46m ago
2026-04-21 14:48:57 | INFO     | app.services.alert_service:74 - Alert: Anjali missing — last seen 45m ago
2026-04-21 14:48:57 | INFO     | app.pipeline.processing_pipeline:523 - Pipeline cam=2: 2.7 fps actual
2026-04-21 14:48:58 | INFO     | app.recognition.face_recognizer:105 - identify_in_frame cam=2: 0 face(s) detected, 1 track(s)
2026-04-21 14:48:58 | INFO     | app.recognition.face_recognizer:105 - identify_in_frame cam=3: 0 face(s) detected, 1 track(s)
2026-04-21 14:49:04 | INFO     | app.pipeline.processing_pipeline:523 - Pipeline cam=3: 3.3 fps actual
2026-04-21 14:49:09 | INFO     | app.pipeline.processing_pipeline:523 - Pipeline cam=2: 2.7 fps actual
2026-04-21 14:49:15 | INFO     | app.pipeline.processing_pipeline:523 - Pipeline cam=3: 2.8 fps actual
2026-04-21 14:49:20 | INFO     | app.pipeline.processing_pipeline:523 - Pipeline cam=2: 2.7 fps actual
2026-04-21 14:49:24 | INFO     | app.pipeline.processing_pipeline:523 - Pipeline cam=3: 3.3 fps actual
2026-04-21 14:49:32 | INFO     | app.pipeline.processing_pipeline:523 - Pipeline cam=2: 2.4 fps actual
2026-04-21 14:49:34 | INFO     | app.pipeline.processing_pipeline:523 - Pipeline cam=3: 3.0 fps actual
2026-04-21 14:49:42 | INFO     | app.pipeline.processing_pipeline:523 - Pipeline cam=3: 3.6 fps actual
2026-04-21 14:49:43 | INFO     | app.pipeline.processing_pipeline:523 - Pipeline cam=2: 2.8 fps actual
2026-04-21 14:49:50 | INFO     | app.pipeline.processing_pipeline:523 - Pipeline cam=3: 3.7 fps actual
2026-04-21 14:49:56 | INFO     | app.pipeline.processing_pipeline:523 - Pipeline cam=2: 2.4 fps actual
2026-04-21 14:49:58 | INFO     | app.recognition.face_recognizer:105 - identify_in_frame cam=3: 0 face(s) detected, 1 track(s)
2026-04-21 14:49:59 | INFO     | app.recognition.face_recognizer:105 - identify_in_frame cam=3: 0 face(s) detected, 1 track(s)
2026-04-21 14:50:00 | INFO     | app.recognition.face_recognizer:105 - identify_in_frame cam=3: 0 face(s) detected, 1 track(s)
2026-04-21 14:50:00 | INFO     | app.recognition.face_recognizer:105 - identify_in_frame cam=2: 1 face(s) detected, 1 track(s)
2026-04-21 14:50:01 | INFO     | app.pipeline.processing_pipeline:523 - Pipeline cam=3: 2.9 fps actual
2026-04-21 14:50:01 | INFO     | app.recognition.face_recognizer:105 - identify_in_frame cam=3: 0 face(s) detected, 1 track(s)
2026-04-21 14:50:02 | INFO     | app.recognition.face_recognizer:105 - identify_in_frame cam=2: 1 face(s) detected, 1 track(s)
2026-04-21 14:50:02 | INFO     | app.recognition.face_recognizer:204 -   face→track 97: best_id=1023 score=0.1842 (high>=0.5 verified>=0.42 med>=0.37)
2026-04-21 14:50:03 | INFO     | app.recognition.face_recognizer:105 - identify_in_frame cam=2: 0 face(s) detected, 1 track(s)
2026-04-21 14:50:04 | INFO     | app.recognition.face_recognizer:105 - identify_in_frame cam=3: 0 face(s) detected, 1 track(s)
2026-04-21 14:50:04 | INFO     | app.recognition.face_recognizer:105 - identify_in_frame cam=2: 0 face(s) detected, 1 track(s)
2026-04-21 14:50:07 | INFO     | app.recognition.face_recognizer:105 - identify_in_frame cam=3: 0 face(s) detected, 1 track(s)
2026-04-21 14:50:07 | INFO     | app.pipeline.processing_pipeline:523 - Pipeline cam=2: 2.7 fps actual
2026-04-21 14:50:07 | INFO     | app.recognition.face_recognizer:105 - identify_in_frame cam=2: 0 face(s) detected, 1 track(s)
2026-04-21 14:50:11 | INFO     | app.pipeline.processing_pipeline:523 - Pipeline cam=3: 3.1 fps actual
2026-04-21 14:50:11 | INFO     | app.recognition.face_recognizer:105 - identify_in_frame cam=2: 0 face(s) detected, 1 track(s)
2026-04-21 14:50:18 | INFO     | app.pipeline.processing_pipeline:523 - Pipeline cam=2: 2.7 fps actual
2026-04-21 14:50:21 | INFO     | app.pipeline.processing_pipeline:523 - Pipeline cam=3: 2.9 fps actual
2026-04-21 14:50:29 | INFO     | app.pipeline.processing_pipeline:523 - Pipeline cam=2: 2.9 fps actual
2026-04-21 14:50:31 | INFO     | app.pipeline.processing_pipeline:523 - Pipeline cam=3: 3.0 fps actual
2026-04-21 14:50:40 | INFO     | app.pipeline.processing_pipeline:523 - Pipeline cam=2: 2.6 fps actual
2026-04-21 14:50:41 | INFO     | app.pipeline.processing_pipeline:523 - Pipeline cam=3: 3.1 fps actual
2026-04-21 14:50:49 | INFO     | app.pipeline.processing_pipeline:523 - Pipeline cam=3: 3.5 fps actual
2026-04-21 14:50:51 | INFO     | app.pipeline.processing_pipeline:523 - Pipeline cam=2: 2.7 fps actual
2026-04-21 14:50:59 | INFO     | app.pipeline.processing_pipeline:523 - Pipeline cam=3: 3.0 fps actual
2026-04-21 14:51:02 | INFO     | app.pipeline.processing_pipeline:523 - Pipeline cam=2: 2.8 fps actual
2026-04-21 14:51:08 | INFO     | app.pipeline.processing_pipeline:523 - Pipeline cam=3: 3.3 fps actual
2026-04-21 14:51:12 | INFO     | app.pipeline.processing_pipeline:523 - Pipeline cam=2: 3.0 fps actual
2026-04-21 14:51:19 | INFO     | app.pipeline.processing_pipeline:523 - Pipeline cam=3: 2.9 fps actual
2026-04-21 14:51:23 | INFO     | app.pipeline.processing_pipeline:523 - Pipeline cam=2: 2.8 fps actual
2026-04-21 14:51:28 | INFO     | app.pipeline.processing_pipeline:523 - Pipeline cam=3: 3.1 fps actual
2026-04-21 14:51:34 | INFO     | app.pipeline.processing_pipeline:523 - Pipeline cam=2: 2.8 fps actual
2026-04-21 14:51:38 | INFO     | app.pipeline.processing_pipeline:523 - Pipeline cam=3: 3.0 fps actual
2026-04-21 14:51:42 | INFO     | app.pipeline.processing_pipeline:523 - Pipeline cam=2: 3.6 fps actual
2026-04-21 14:51:48 | INFO     | app.pipeline.processing_pipeline:523 - Pipeline cam=3: 3.2 fps actual
2026-04-21 14:51:51 | INFO     | app.pipeline.processing_pipeline:523 - Pipeline cam=2: 3.4 fps actual
2026-04-21 14:51:57 | INFO     | app.services.alert_service:74 - Alert: Devrishi Sharma missing — last seen 25m ago
2026-04-21 14:51:58 | INFO     | app.pipeline.processing_pipeline:523 - Pipeline cam=3: 2.9 fps actual
2026-04-21 14:52:01 | INFO     | app.pipeline.processing_pipeline:523 - Pipeline cam=2: 2.9 fps actual
2026-04-21 14:52:08 | INFO     | app.pipeline.processing_pipeline:523 - Pipeline cam=3: 3.0 fps actual
2026-04-21 14:52:12 | INFO     | app.pipeline.processing_pipeline:523 - Pipeline cam=2: 2.8 fps actual
2026-04-21 14:52:22 | INFO     | app.pipeline.processing_pipeline:523 - Pipeline cam=3: 2.2 fps actual
2026-04-21 14:52:23 | INFO     | app.pipeline.processing_pipeline:523 - Pipeline cam=2: 2.7 fps actual
2026-04-21 14:52:34 | INFO     | app.pipeline.processing_pipeline:523 - Pipeline cam=3: 2.5 fps actual
2026-04-21 14:52:35 | INFO     | app.pipeline.processing_pipeline:523 - Pipeline cam=2: 2.5 fps actual
2026-04-21 14:52:46 | INFO     | app.pipeline.processing_pipeline:523 - Pipeline cam=3: 2.5 fps actual
2026-04-21 14:52:46 | INFO     | app.pipeline.processing_pipeline:523 - Pipeline cam=2: 2.8 fps actual
2026-04-21 14:52:58 | INFO     | app.pipeline.processing_pipeline:523 - Pipeline cam=3: 2.6 fps actual
2026-04-21 14:53:00 | INFO     | app.pipeline.processing_pipeline:523 - Pipeline cam=2: 2.1 fps actual
2026-04-21 14:53:07 | INFO     | app.pipeline.processing_pipeline:523 - Pipeline cam=3: 3.2 fps actual
2026-04-21 14:53:12 | INFO     | app.pipeline.processing_pipeline:523 - Pipeline cam=2: 2.5 fps actual
2026-04-21 14:53:16 | INFO     | app.pipeline.processing_pipeline:523 - Pipeline cam=3: 3.3 fps actual
2026-04-21 14:53:22 | INFO     | app.pipeline.processing_pipeline:523 - Pipeline cam=2: 3.1 fps actual
2026-04-21 14:53:25 | INFO     | app.pipeline.processing_pipeline:523 - Pipeline cam=3: 3.5 fps actual
2026-04-21 14:53:32 | INFO     | app.pipeline.processing_pipeline:523 - Pipeline cam=2: 2.9 fps actual
2026-04-21 14:53:35 | INFO     | app.pipeline.processing_pipeline:523 - Pipeline cam=3: 2.9 fps actual
2026-04-21 14:53:42 | INFO     | app.pipeline.processing_pipeline:523 - Pipeline cam=2: 3.0 fps actual
2026-04-21 14:53:44 | INFO     | app.pipeline.processing_pipeline:523 - Pipeline cam=3: 3.3 fps actual
2026-04-21 14:53:54 | INFO     | app.pipeline.processing_pipeline:523 - Pipeline cam=2: 2.6 fps actual
2026-04-21 14:53:54 | INFO     | app.pipeline.processing_pipeline:523 - Pipeline cam=3: 2.8 fps actual
2026-04-21 14:53:57 | INFO     | app.services.alert_service:74 - Alert: gyanendra missing — last seen 46m ago
2026-04-21 14:54:06 | INFO     | app.pipeline.processing_pipeline:523 - Pipeline cam=2: 2.4 fps actual
2026-04-21 14:54:06 | INFO     | app.pipeline.processing_pipeline:523 - Pipeline cam=3: 2.6 fps actual
2026-04-21 14:54:16 | INFO     | app.pipeline.processing_pipeline:523 - Pipeline cam=3: 3.0 fps actual
2026-04-21 14:54:17 | INFO     | app.pipeline.processing_pipeline:523 - Pipeline cam=2: 2.8 fps actual
2026-04-21 14:54:25 | INFO     | app.pipeline.processing_pipeline:523 - Pipeline cam=3: 3.6 fps actual
2026-04-21 14:54:30 | INFO     | app.pipeline.processing_pipeline:523 - Pipeline cam=2: 2.2 fps actual
2026-04-21 14:54:35 | INFO     | app.pipeline.processing_pipeline:523 - Pipeline cam=3: 2.8 fps actual
2026-04-21 15:00:33 | WARNING  | app.camera.camera_manager:69 - Camera 3 lost connection. Reconnecting...
2026-04-21 15:00:34 | WARNING  | app.camera.camera_manager:69 - Camera 2 lost connection. Reconnecting...
2026-04-21 15:00:35 | INFO     | app.camera.camera_manager:64 - Camera 3 connected
2026-04-21 15:00:36 | INFO     | app.camera.camera_manager:64 - Camera 2 connected
2026-04-21 15:00:39 | INFO     | app.pipeline.processing_pipeline:523 - Pipeline cam=2: 0.1 fps actual
2026-04-21 15:00:40 | INFO     | app.pipeline.processing_pipeline:523 - Pipeline cam=3: 0.1 fps actual
2026-04-21 15:00:43 | INFO     | app.services.alert_service:74 - Alert: hariom missing — last seen 62m ago
2026-04-21 15:00:43 | INFO     | app.services.alert_service:74 - Alert: Himanshi  missing — last seen 59m ago
2026-04-21 15:00:43 | INFO     | app.services.alert_service:74 - Alert: devkanya missing — last seen 58m ago
2026-04-21 15:00:43 | INFO     | app.services.alert_service:74 - Alert: Anjali missing — last seen 57m ago
2026-04-21 15:00:45 | INFO     | app.pipeline.processing_pipeline:523 - Pipeline cam=2: 4.9 fps actual
2026-04-21 15:00:47 | INFO     | app.pipeline.processing_pipeline:523 - Pipeline cam=3: 4.9 fps actual
2026-04-21 15:00:51 | INFO     | app.pipeline.processing_pipeline:523 - Pipeline cam=2: 4.9 fps actual
2026-04-21 15:00:53 | INFO     | app.pipeline.processing_pipeline:523 - Pipeline cam=3: 4.9 fps actual
2026-04-21 15:00:57 | INFO     | app.pipeline.processing_pipeline:523 - Pipeline cam=2: 4.7 fps actual
2026-04-21 15:00:59 | INFO     | app.pipeline.processing_pipeline:523 - Pipeline cam=3: 4.9 fps actual
2026-04-21 15:01:04 | INFO     | app.pipeline.processing_pipeline:523 - Pipeline cam=2: 4.6 fps actual
2026-04-21 15:01:05 | INFO     | app.pipeline.processing_pipeline:523 - Pipeline cam=3: 4.5 fps actual
2026-04-21 15:01:11 | INFO     | app.pipeline.processing_pipeline:523 - Pipeline cam=2: 4.3 fps actual
2026-04-21 15:01:12 | INFO     | app.pipeline.processing_pipeline:523 - Pipeline cam=3: 4.5 fps actual
2026-04-21 15:01:17 | INFO     | app.pipeline.processing_pipeline:523 - Pipeline cam=2: 4.6 fps actual
2026-04-21 15:01:18 | INFO     | app.pipeline.processing_pipeline:523 - Pipeline cam=3: 5.0 fps actual
2026-04-21 15:01:24 | INFO     | app.pipeline.processing_pipeline:523 - Pipeline cam=2: 4.7 fps actual
2026-04-21 15:01:24 | INFO     | app.pipeline.processing_pipeline:523 - Pipeline cam=3: 4.8 fps actual
2026-04-21 15:01:30 | INFO     | app.pipeline.processing_pipeline:523 - Pipeline cam=2: 4.5 fps actual
2026-04-21 15:01:30 | INFO     | app.pipeline.processing_pipeline:523 - Pipeline cam=3: 4.9 fps actual
2026-04-21 15:01:36 | INFO     | app.pipeline.processing_pipeline:523 - Pipeline cam=3: 5.0 fps actual
2026-04-21 15:01:37 | INFO     | app.pipeline.processing_pipeline:523 - Pipeline cam=2: 4.6 fps actual
2026-04-21 15:01:43 | INFO     | app.pipeline.processing_pipeline:523 - Pipeline cam=3: 4.9 fps actual
2026-04-21 15:01:43 | INFO     | app.pipeline.processing_pipeline:523 - Pipeline cam=2: 4.6 fps actual
2026-04-21 15:01:49 | INFO     | app.pipeline.processing_pipeline:523 - Pipeline cam=3: 4.9 fps actual
2026-04-21 15:01:49 | INFO     | app.pipeline.processing_pipeline:523 - Pipeline cam=2: 4.9 fps actual
2026-04-21 15:01:55 | INFO     | app.pipeline.processing_pipeline:523 - Pipeline cam=3: 4.9 fps actual
2026-04-21 15:01:56 | INFO     | app.pipeline.processing_pipeline:523 - Pipeline cam=2: 4.8 fps actual
2026-04-21 15:02:01 | INFO     | app.pipeline.processing_pipeline:523 - Pipeline cam=3: 4.8 fps actual
2026-04-21 15:02:02 | INFO     | app.pipeline.processing_pipeline:523 - Pipeline cam=2: 4.9 fps actual
2026-04-21 15:02:07 | INFO     | app.pipeline.processing_pipeline:523 - Pipeline cam=3: 4.9 fps actual
2026-04-21 15:02:08 | INFO     | app.pipeline.processing_pipeline:523 - Pipeline cam=2: 4.9 fps actual
2026-04-21 15:02:13 | INFO     | app.pipeline.processing_pipeline:523 - Pipeline cam=3: 4.9 fps actual
2026-04-21 15:02:14 | INFO     | app.pipeline.processing_pipeline:523 - Pipeline cam=2: 4.9 fps actual
2026-04-21 15:02:19 | INFO     | app.pipeline.processing_pipeline:523 - Pipeline cam=3: 4.9 fps actual
2026-04-21 15:02:21 | INFO     | app.pipeline.processing_pipeline:523 - Pipeline cam=2: 4.8 fps actual
2026-04-21 15:02:26 | INFO     | app.pipeline.processing_pipeline:523 - Pipeline cam=3: 4.9 fps actual
2026-04-21 15:02:27 | INFO     | app.pipeline.processing_pipeline:523 - Pipeline cam=2: 4.7 fps actual
2026-04-21 15:02:32 | INFO     | app.pipeline.processing_pipeline:523 - Pipeline cam=3: 4.8 fps actual
2026-04-21 15:02:33 | INFO     | app.pipeline.processing_pipeline:523 - Pipeline cam=2: 4.9 fps actual
2026-04-21 15:02:38 | INFO     | app.pipeline.processing_pipeline:523 - Pipeline cam=3: 4.9 fps actual
2026-04-21 15:02:39 | INFO     | app.pipeline.processing_pipeline:523 - Pipeline cam=2: 4.9 fps actual
2026-04-21 15:02:43 | INFO     | app.services.alert_service:74 - Alert: Devrishi Sharma missing — last seen 36m ago
2026-04-21 15:02:44 | INFO     | app.pipeline.processing_pipeline:523 - Pipeline cam=3: 4.9 fps actual
2026-04-21 15:02:45 | INFO     | app.pipeline.processing_pipeline:523 - Pipeline cam=2: 4.9 fps actual
2026-04-21 15:02:50 | INFO     | app.pipeline.processing_pipeline:523 - Pipeline cam=3: 4.9 fps actual
2026-04-21 15:02:52 | INFO     | app.pipeline.processing_pipeline:523 - Pipeline cam=2: 4.7 fps actual
2026-04-21 15:02:56 | INFO     | app.pipeline.processing_pipeline:523 - Pipeline cam=3: 4.9 fps actual
2026-04-21 15:02:58 | INFO     | app.pipeline.processing_pipeline:523 - Pipeline cam=2: 4.8 fps actual
2026-04-21 15:03:02 | INFO     | app.pipeline.processing_pipeline:523 - Pipeline cam=3: 4.9 fps actual
2026-04-21 15:03:04 | INFO     | app.pipeline.processing_pipeline:523 - Pipeline cam=2: 4.7 fps actual
2026-04-21 15:03:09 | INFO     | app.pipeline.processing_pipeline:523 - Pipeline cam=3: 4.9 fps actual
2026-04-21 15:03:11 | INFO     | app.pipeline.processing_pipeline:523 - Pipeline cam=2: 4.7 fps actual
2026-04-21 15:03:15 | INFO     | app.pipeline.processing_pipeline:523 - Pipeline cam=3: 4.9 fps actual
2026-04-21 15:03:17 | INFO     | app.pipeline.processing_pipeline:523 - Pipeline cam=2: 4.9 fps actual
2026-04-21 15:03:21 | INFO     | app.pipeline.processing_pipeline:523 - Pipeline cam=3: 4.9 fps actual
2026-04-21 15:03:23 | INFO     | app.pipeline.processing_pipeline:523 - Pipeline cam=2: 4.7 fps actual
2026-04-21 15:03:27 | INFO     | app.pipeline.processing_pipeline:523 - Pipeline cam=3: 4.9 fps actual
2026-04-21 15:03:29 | INFO     | app.pipeline.processing_pipeline:523 - Pipeline cam=2: 4.9 fps actual
2026-04-21 15:03:33 | INFO     | app.pipeline.processing_pipeline:523 - Pipeline cam=3: 4.7 fps actual
2026-04-21 15:03:36 | INFO     | app.pipeline.processing_pipeline:523 - Pipeline cam=2: 4.5 fps actual
2026-04-21 15:03:39 | INFO     | app.pipeline.processing_pipeline:523 - Pipeline cam=3: 4.9 fps actual
2026-04-21 15:03:44 | INFO     | app.pipeline.processing_pipeline:523 - Pipeline cam=2: 3.8 fps actual
2026-04-21 15:03:46 | INFO     | app.pipeline.processing_pipeline:523 - Pipeline cam=3: 4.9 fps actual
2026-04-21 15:03:50 | INFO     | app.pipeline.processing_pipeline:523 - Pipeline cam=2: 4.6 fps actual
2026-04-21 15:03:52 | INFO     | app.pipeline.processing_pipeline:523 - Pipeline cam=3: 4.9 fps actual
2026-04-21 15:03:57 | INFO     | app.pipeline.processing_pipeline:523 - Pipeline cam=2: 4.6 fps actual
2026-04-21 15:03:58 | INFO     | app.pipeline.processing_pipeline:523 - Pipeline cam=3: 4.7 fps actual
2026-04-21 15:04:04 | INFO     | app.pipeline.processing_pipeline:523 - Pipeline cam=2: 4.3 fps actual
2026-04-21 15:04:05 | INFO     | app.pipeline.processing_pipeline:523 - Pipeline cam=3: 4.7 fps actual
2026-04-21 15:04:11 | INFO     | app.pipeline.processing_pipeline:523 - Pipeline cam=2: 4.6 fps actual
2026-04-21 15:04:11 | INFO     | app.pipeline.processing_pipeline:523 - Pipeline cam=3: 4.9 fps actual
2026-04-21 15:04:17 | INFO     | app.pipeline.processing_pipeline:523 - Pipeline cam=3: 4.9 fps actual
2026-04-21 15:04:17 | INFO     | app.pipeline.processing_pipeline:523 - Pipeline cam=2: 4.4 fps actual
2026-04-21 15:04:23 | INFO     | app.pipeline.processing_pipeline:523 - Pipeline cam=3: 4.7 fps actual
2026-04-21 15:04:24 | INFO     | app.pipeline.processing_pipeline:523 - Pipeline cam=2: 4.7 fps actual
2026-04-21 15:04:30 | INFO     | app.pipeline.processing_pipeline:523 - Pipeline cam=3: 4.5 fps actual
2026-04-21 15:04:30 | INFO     | app.pipeline.processing_pipeline:523 - Pipeline cam=2: 4.6 fps actual
2026-04-21 15:04:36 | INFO     | app.pipeline.processing_pipeline:523 - Pipeline cam=3: 4.9 fps actual
2026-04-21 15:04:36 | INFO     | app.pipeline.processing_pipeline:523 - Pipeline cam=2: 4.9 fps actual
2026-04-21 15:04:42 | INFO     | app.pipeline.processing_pipeline:523 - Pipeline cam=3: 4.9 fps actual
2026-04-21 15:04:43 | INFO     | app.services.alert_service:74 - Alert: gyanendra missing — last seen 56m ago
2026-04-21 15:04:43 | INFO     | app.pipeline.processing_pipeline:523 - Pipeline cam=2: 4.3 fps actual
2026-04-21 15:04:49 | INFO     | app.pipeline.processing_pipeline:523 - Pipeline cam=3: 4.7 fps actual
2026-04-21 15:04:50 | INFO     | app.pipeline.processing_pipeline:523 - Pipeline cam=2: 4.8 fps actual
2026-04-21 15:04:55 | INFO     | app.pipeline.processing_pipeline:523 - Pipeline cam=3: 4.7 fps actual
2026-04-21 15:04:56 | INFO     | app.pipeline.processing_pipeline:523 - Pipeline cam=2: 4.7 fps actual
2026-04-21 15:05:01 | INFO     | app.pipeline.processing_pipeline:523 - Pipeline cam=3: 4.9 fps actual
2026-04-21 15:05:02 | INFO     | app.pipeline.processing_pipeline:523 - Pipeline cam=2: 4.9 fps actual
2026-04-21 15:05:05 | INFO     | app.recognition.face_recognizer:105 - identify_in_frame cam=2: 2 face(s) detected, 1 track(s)
2026-04-21 15:05:05 | INFO     | app.recognition.face_recognizer:204 -   face→track 98: best_id=8 score=0.0763 (high>=0.5 verified>=0.42 med>=0.37)
2026-04-21 15:05:05 | INFO     | app.recognition.face_recognizer:172 -   face bbox=(212,173,232,209) — no track within 400px
2026-04-21 15:05:06 | INFO     | app.recognition.face_recognizer:105 - identify_in_frame cam=2: 1 face(s) detected, 3 track(s)
2026-04-21 15:05:07 | INFO     | app.recognition.face_recognizer:105 - identify_in_frame cam=2: 1 face(s) detected, 3 track(s)
2026-04-21 15:05:09 | INFO     | app.pipeline.processing_pipeline:523 - Pipeline cam=3: 3.8 fps actual
2026-04-21 15:05:09 | INFO     | app.recognition.face_recognizer:105 - identify_in_frame cam=2: 2 face(s) detected, 1 track(s)
2026-04-21 15:05:10 | INFO     | app.recognition.face_recognizer:105 - identify_in_frame cam=2: 2 face(s) detected, 2 track(s)
2026-04-21 15:05:10 | INFO     | app.recognition.face_recognizer:105 - identify_in_frame cam=3: 1 face(s) detected, 1 track(s)
2026-04-21 15:05:10 | INFO     | app.recognition.face_recognizer:204 -   face→track 44: best_id=1015 score=0.1023 (high>=0.5 verified>=0.42 med>=0.37)
2026-04-21 15:05:11 | INFO     | app.pipeline.processing_pipeline:523 - Pipeline cam=2: 3.3 fps actual
2026-04-21 15:05:12 | INFO     | app.recognition.face_recognizer:105 - identify_in_frame cam=3: 1 face(s) detected, 1 track(s)
2026-04-21 15:05:13 | INFO     | app.recognition.face_recognizer:105 - identify_in_frame cam=2: 0 face(s) detected, 1 track(s)
2026-04-21 15:05:14 | INFO     | app.recognition.face_recognizer:105 - identify_in_frame cam=2: 0 face(s) detected, 4 track(s)
2026-04-21 15:05:14 | INFO     | app.recognition.face_recognizer:105 - identify_in_frame cam=3: 1 face(s) detected, 1 track(s)
2026-04-21 15:05:14 | INFO     | app.recognition.face_recognizer:204 -   face→track 44: best_id=1010 score=0.1366 (high>=0.5 verified>=0.42 med>=0.37)
2026-04-21 15:05:14 | INFO     | app.recognition.face_recognizer:105 - identify_in_frame cam=3: 0 face(s) detected, 1 track(s)
2026-04-21 15:05:15 | INFO     | app.recognition.face_recognizer:105 - identify_in_frame cam=3: 0 face(s) detected, 1 track(s)
2026-04-21 15:05:15 | INFO     | app.recognition.face_recognizer:105 - identify_in_frame cam=2: 0 face(s) detected, 1 track(s)
2026-04-21 15:05:16 | INFO     | app.recognition.face_recognizer:105 - identify_in_frame cam=2: 0 face(s) detected, 4 track(s)
2026-04-21 15:05:16 | INFO     | app.recognition.face_recognizer:105 - identify_in_frame cam=3: 0 face(s) detected, 1 track(s)
2026-04-21 15:05:16 | INFO     | app.recognition.face_recognizer:105 - identify_in_frame cam=3: 0 face(s) detected, 1 track(s)
2026-04-21 15:05:17 | INFO     | app.recognition.face_recognizer:105 - identify_in_frame cam=3: 0 face(s) detected, 2 track(s)
2026-04-21 15:05:18 | INFO     | app.recognition.face_recognizer:105 - identify_in_frame cam=2: 0 face(s) detected, 3 track(s)
2026-04-21 15:05:19 | INFO     | app.pipeline.processing_pipeline:523 - Pipeline cam=3: 3.0 fps actual
2026-04-21 15:05:19 | INFO     | app.recognition.face_recognizer:105 - identify_in_frame cam=3: 0 face(s) detected, 2 track(s)
2026-04-21 15:05:20 | INFO     | app.pipeline.processing_pipeline:523 - Pipeline cam=2: 3.4 fps actual
2026-04-21 15:05:21 | INFO     | app.recognition.face_recognizer:105 - identify_in_frame cam=3: 0 face(s) detected, 1 track(s)
2026-04-21 15:05:25 | INFO     | app.pipeline.processing_pipeline:523 - Pipeline cam=3: 4.7 fps actual
2026-04-21 15:05:26 | INFO     | app.pipeline.processing_pipeline:523 - Pipeline cam=2: 4.9 fps actual
2026-04-21 15:05:31 | INFO     | app.pipeline.processing_pipeline:523 - Pipeline cam=3: 4.9 fps actual
2026-04-21 15:05:33 | INFO     | app.pipeline.processing_pipeline:523 - Pipeline cam=2: 4.7 fps actual
2026-04-21 15:05:38 | INFO     | app.pipeline.processing_pipeline:523 - Pipeline cam=3: 4.9 fps actual
2026-04-21 15:05:40 | INFO     | app.pipeline.processing_pipeline:523 - Pipeline cam=2: 4.3 fps actual
2026-04-21 15:05:44 | INFO     | app.pipeline.processing_pipeline:523 - Pipeline cam=3: 4.9 fps actual
2026-04-21 15:05:46 | INFO     | app.pipeline.processing_pipeline:523 - Pipeline cam=2: 4.6 fps actual
2026-04-21 15:05:50 | INFO     | app.pipeline.processing_pipeline:523 - Pipeline cam=3: 4.9 fps actual
2026-04-21 15:05:53 | INFO     | app.pipeline.processing_pipeline:523 - Pipeline cam=2: 4.6 fps actual
2026-04-21 15:05:57 | INFO     | app.pipeline.processing_pipeline:523 - Pipeline cam=3: 4.4 fps actual
2026-04-21 15:05:59 | INFO     | app.pipeline.processing_pipeline:523 - Pipeline cam=2: 4.7 fps actual
2026-04-21 15:06:03 | INFO     | app.pipeline.processing_pipeline:523 - Pipeline cam=3: 4.7 fps actual
2026-04-21 15:06:06 | INFO     | app.pipeline.processing_pipeline:523 - Pipeline cam=2: 4.5 fps actual
2026-04-21 15:06:09 | INFO     | app.pipeline.processing_pipeline:523 - Pipeline cam=3: 4.9 fps actual
2026-04-21 15:06:12 | INFO     | app.pipeline.processing_pipeline:523 - Pipeline cam=2: 4.6 fps actual
2026-04-21 15:06:16 | INFO     | app.pipeline.processing_pipeline:523 - Pipeline cam=3: 4.6 fps actual
2026-04-21 15:06:18 | INFO     | app.pipeline.processing_pipeline:523 - Pipeline cam=2: 4.8 fps actual
2026-04-21 15:06:22 | INFO     | app.pipeline.processing_pipeline:523 - Pipeline cam=3: 4.9 fps actual
2026-04-21 15:06:25 | INFO     | app.pipeline.processing_pipeline:523 - Pipeline cam=2: 4.6 fps actual
2026-04-21 15:06:28 | INFO     | app.pipeline.processing_pipeline:523 - Pipeline cam=3: 4.8 fps actual
2026-04-21 15:06:32 | INFO     | app.pipeline.processing_pipeline:523 - Pipeline cam=2: 4.3 fps actual
2026-04-21 15:06:34 | INFO     | app.pipeline.processing_pipeline:523 - Pipeline cam=3: 4.9 fps actual
2026-04-21 15:06:39 | INFO     | app.pipeline.processing_pipeline:523 - Pipeline cam=2: 4.6 fps actual
2026-04-21 15:06:40 | INFO     | app.pipeline.processing_pipeline:523 - Pipeline cam=3: 4.9 fps actual
2026-04-21 15:06:45 | INFO     | app.pipeline.processing_pipeline:523 - Pipeline cam=2: 4.6 fps actual
2026-04-21 15:06:47 | INFO     | app.pipeline.processing_pipeline:523 - Pipeline cam=3: 4.6 fps actual
2026-04-21 15:06:51 | INFO     | app.pipeline.processing_pipeline:523 - Pipeline cam=2: 4.7 fps actual
2026-04-21 15:06:53 | INFO     | app.pipeline.processing_pipeline:523 - Pipeline cam=3: 4.7 fps actual
2026-04-21 15:06:58 | INFO     | app.pipeline.processing_pipeline:523 - Pipeline cam=2: 4.9 fps actual
2026-04-21 15:07:00 | INFO     | app.pipeline.processing_pipeline:523 - Pipeline cam=3: 4.9 fps actual
2026-04-21 15:07:04 | INFO     | app.pipeline.processing_pipeline:523 - Pipeline cam=2: 4.6 fps actual
2026-04-21 15:07:06 | INFO     | app.pipeline.processing_pipeline:523 - Pipeline cam=3: 4.9 fps actual
2026-04-21 15:07:10 | INFO     | app.pipeline.processing_pipeline:523 - Pipeline cam=2: 4.9 fps actual
2026-04-21 15:07:12 | INFO     | app.pipeline.processing_pipeline:523 - Pipeline cam=3: 4.8 fps actual
2026-04-21 15:07:17 | INFO     | app.pipeline.processing_pipeline:523 - Pipeline cam=2: 4.7 fps actual
2026-04-21 15:07:18 | INFO     | app.pipeline.processing_pipeline:523 - Pipeline cam=3: 5.0 fps actual
2026-04-21 15:07:23 | INFO     | app.pipeline.processing_pipeline:523 - Pipeline cam=2: 4.6 fps actual
2026-04-21 15:07:24 | INFO     | app.pipeline.processing_pipeline:523 - Pipeline cam=3: 4.8 fps actual
2026-04-21 15:07:29 | INFO     | app.pipeline.processing_pipeline:523 - Pipeline cam=2: 4.9 fps actual
2026-04-21 15:07:30 | INFO     | app.pipeline.processing_pipeline:523 - Pipeline cam=3: 4.9 fps actual
2026-04-21 15:07:36 | INFO     | app.pipeline.processing_pipeline:523 - Pipeline cam=2: 4.4 fps actual
2026-04-21 15:07:36 | INFO     | app.pipeline.processing_pipeline:523 - Pipeline cam=3: 4.8 fps actual
2026-04-21 15:07:43 | INFO     | app.pipeline.processing_pipeline:523 - Pipeline cam=2: 4.7 fps actual
2026-04-21 15:07:43 | INFO     | app.pipeline.processing_pipeline:523 - Pipeline cam=3: 4.9 fps actual
2026-04-21 15:07:49 | INFO     | app.pipeline.processing_pipeline:523 - Pipeline cam=2: 4.9 fps actual
2026-04-21 15:07:49 | INFO     | app.pipeline.processing_pipeline:523 - Pipeline cam=3: 4.9 fps actual
2026-04-21 15:07:55 | INFO     | app.pipeline.processing_pipeline:523 - Pipeline cam=3: 4.9 fps actual
2026-04-21 15:07:55 | INFO     | app.pipeline.processing_pipeline:523 - Pipeline cam=2: 4.7 fps actual
2026-04-21 15:08:01 | INFO     | app.pipeline.processing_pipeline:523 - Pipeline cam=3: 4.9 fps actual
2026-04-21 15:08:01 | INFO     | app.pipeline.processing_pipeline:523 - Pipeline cam=2: 4.7 fps actual
2026-04-21 15:08:07 | INFO     | app.pipeline.processing_pipeline:523 - Pipeline cam=3: 4.7 fps actual
2026-04-21 15:08:09 | INFO     | app.pipeline.processing_pipeline:523 - Pipeline cam=2: 4.1 fps actual
2026-04-21 15:08:13 | INFO     | app.pipeline.processing_pipeline:523 - Pipeline cam=3: 4.9 fps actual
2026-04-21 15:08:16 | INFO     | app.pipeline.processing_pipeline:523 - Pipeline cam=2: 4.2 fps actual
2026-04-21 15:08:20 | INFO     | app.pipeline.processing_pipeline:523 - Pipeline cam=3: 4.8 fps actual
2026-04-21 15:08:22 | INFO     | app.pipeline.processing_pipeline:523 - Pipeline cam=2: 4.7 fps actual
2026-04-21 15:08:27 | INFO     | app.pipeline.processing_pipeline:523 - Pipeline cam=3: 4.1 fps actual
2026-04-21 15:08:30 | INFO     | app.pipeline.processing_pipeline:523 - Pipeline cam=2: 4.0 fps actual
2026-04-21 15:08:33 | INFO     | app.pipeline.processing_pipeline:523 - Pipeline cam=3: 4.9 fps actual
2026-04-21 15:08:36 | INFO     | app.pipeline.processing_pipeline:523 - Pipeline cam=2: 4.9 fps actual
2026-04-21 15:08:39 | INFO     | app.pipeline.processing_pipeline:523 - Pipeline cam=3: 4.9 fps actual
2026-04-21 15:08:42 | INFO     | app.pipeline.processing_pipeline:523 - Pipeline cam=2: 4.7 fps actual
2026-04-21 15:08:46 | INFO     | app.pipeline.processing_pipeline:523 - Pipeline cam=3: 4.6 fps actual
2026-04-21 15:08:50 | INFO     | app.pipeline.processing_pipeline:523 - Pipeline cam=2: 3.9 fps actual
2026-04-21 15:08:52 | INFO     | app.pipeline.processing_pipeline:523 - Pipeline cam=3: 4.7 fps actual
2026-04-21 15:08:56 | INFO     | app.pipeline.processing_pipeline:523 - Pipeline cam=2: 4.7 fps actual
2026-04-21 15:08:58 | INFO     | app.pipeline.processing_pipeline:523 - Pipeline cam=3: 4.9 fps actual
2026-04-21 15:09:03 | INFO     | app.pipeline.processing_pipeline:523 - Pipeline cam=2: 4.7 fps actual
2026-04-21 15:09:05 | INFO     | app.pipeline.processing_pipeline:523 - Pipeline cam=3: 4.9 fps actual
2026-04-21 15:09:09 | INFO     | app.pipeline.processing_pipeline:523 - Pipeline cam=2: 4.5 fps actual
2026-04-21 15:09:11 | INFO     | app.pipeline.processing_pipeline:523 - Pipeline cam=3: 4.7 fps actual
2026-04-21 15:09:16 | INFO     | app.pipeline.processing_pipeline:523 - Pipeline cam=2: 4.5 fps actual
2026-04-21 15:09:17 | INFO     | app.pipeline.processing_pipeline:523 - Pipeline cam=3: 4.9 fps actual
2026-04-21 15:09:23 | INFO     | app.pipeline.processing_pipeline:523 - Pipeline cam=2: 4.6 fps actual
2026-04-21 15:09:23 | INFO     | app.pipeline.processing_pipeline:523 - Pipeline cam=3: 4.9 fps actual
2026-04-21 15:09:29 | INFO     | app.pipeline.processing_pipeline:523 - Pipeline cam=2: 4.8 fps actual
2026-04-21 15:09:30 | INFO     | app.pipeline.processing_pipeline:523 - Pipeline cam=3: 4.3 fps actual
2026-04-21 15:09:35 | INFO     | app.pipeline.processing_pipeline:523 - Pipeline cam=2: 4.9 fps actual
2026-04-21 15:09:36 | INFO     | app.pipeline.processing_pipeline:523 - Pipeline cam=3: 4.9 fps actual
2026-04-21 15:09:41 | INFO     | app.recognition.face_recognizer:105 - identify_in_frame cam=2: 1 face(s) detected, 1 track(s)
2026-04-21 15:09:41 | INFO     | app.recognition.face_recognizer:105 - identify_in_frame cam=2: 1 face(s) detected, 1 track(s)
2026-04-21 15:09:41 | INFO     | app.recognition.face_recognizer:204 -   face→track 102: best_id=1010 score=0.5322 (high>=0.5 verified>=0.42 med>=0.37)
2026-04-21 15:09:41 | INFO     | app.recognition.face_recognizer:217 - identify_in_frame MATCH: cam=2 track=102 → emp=1010 score=0.5322
2026-04-21 15:09:41 | INFO     | app.pipeline.processing_pipeline:138 - Recognized cam=2 track=102 → employee_id=1010 conf=0.53 method=frame_high stable=1/1
2026-04-21 15:09:41 | INFO     | app.pipeline.processing_pipeline:523 - Pipeline cam=2: 4.6 fps actual
2026-04-21 15:09:43 | INFO     | app.pipeline.processing_pipeline:523 - Pipeline cam=3: 4.8 fps actual
2026-04-21 15:09:48 | INFO     | app.pipeline.processing_pipeline:523 - Pipeline cam=2: 4.7 fps actual
2026-04-21 15:09:49 | INFO     | app.recognition.face_recognizer:105 - identify_in_frame cam=2: 2 face(s) detected, 1 track(s)
2026-04-21 15:09:49 | INFO     | app.recognition.face_recognizer:204 -   face→track 105: best_id=1009 score=0.3269 (high>=0.5 verified>=0.42 med>=0.37)
2026-04-21 15:09:49 | INFO     | app.recognition.face_recognizer:105 - identify_in_frame cam=2: 2 face(s) detected, 1 track(s)
2026-04-21 15:09:49 | INFO     | app.recognition.face_recognizer:204 -   face→track 105: best_id=8 score=0.3181 (high>=0.5 verified>=0.42 med>=0.37)
2026-04-21 15:09:49 | INFO     | app.recognition.face_recognizer:172 -   face bbox=(384,164,404,196) — no track within 400px
2026-04-21 15:09:50 | INFO     | app.pipeline.processing_pipeline:523 - Pipeline cam=3: 4.2 fps actual
2026-04-21 15:09:50 | INFO     | app.recognition.face_recognizer:105 - identify_in_frame cam=2: 2 face(s) detected, 1 track(s)
2026-04-21 15:09:50 | INFO     | app.recognition.face_recognizer:204 -   face→track 105: best_id=1011 score=0.1306 (high>=0.5 verified>=0.42 med>=0.37)
2026-04-21 15:09:50 | INFO     | app.recognition.face_recognizer:172 -   face bbox=(348,302,374,344) — no track within 400px
2026-04-21 15:09:51 | INFO     | app.recognition.face_recognizer:105 - identify_in_frame cam=2: 0 face(s) detected, 1 track(s)
2026-04-21 15:09:53 | INFO     | app.recognition.face_recognizer:105 - identify_in_frame cam=2: 0 face(s) detected, 1 track(s)
2026-04-21 15:09:55 | INFO     | app.pipeline.processing_pipeline:523 - Pipeline cam=2: 4.3 fps actual
2026-04-21 15:09:55 | INFO     | app.recognition.face_recognizer:105 - identify_in_frame cam=2: 0 face(s) detected, 1 track(s)
2026-04-21 15:09:56 | INFO     | app.pipeline.processing_pipeline:523 - Pipeline cam=3: 4.8 fps actual
2026-04-21 15:10:01 | INFO     | app.pipeline.processing_pipeline:523 - Pipeline cam=2: 4.9 fps actual
2026-04-21 15:10:02 | INFO     | app.pipeline.processing_pipeline:523 - Pipeline cam=3: 4.9 fps actual
2026-04-21 15:10:08 | INFO     | app.pipeline.processing_pipeline:523 - Pipeline cam=2: 4.4 fps actual
2026-04-21 15:10:08 | INFO     | app.pipeline.processing_pipeline:523 - Pipeline cam=3: 4.7 fps actual
2026-04-21 15:10:14 | INFO     | app.pipeline.processing_pipeline:523 - Pipeline cam=2: 4.7 fps actual
2026-04-21 15:10:15 | INFO     | app.pipeline.processing_pipeline:523 - Pipeline cam=3: 4.9 fps actual
2026-04-21 15:10:20 | INFO     | app.pipeline.processing_pipeline:523 - Pipeline cam=2: 4.7 fps actual
2026-04-21 15:10:21 | INFO     | app.pipeline.processing_pipeline:523 - Pipeline cam=3: 4.7 fps actual
2026-04-21 15:10:27 | INFO     | app.pipeline.processing_pipeline:523 - Pipeline cam=2: 4.7 fps actual
2026-04-21 15:10:27 | INFO     | app.pipeline.processing_pipeline:523 - Pipeline cam=3: 4.7 fps actual
2026-04-21 15:10:33 | INFO     | app.pipeline.processing_pipeline:523 - Pipeline cam=2: 4.9 fps actual
2026-04-21 15:10:33 | INFO     | app.pipeline.processing_pipeline:523 - Pipeline cam=3: 4.9 fps actual
2026-04-21 15:10:39 | INFO     | app.pipeline.processing_pipeline:523 - Pipeline cam=2: 4.8 fps actual
2026-04-21 15:10:40 | INFO     | app.pipeline.processing_pipeline:523 - Pipeline cam=3: 4.8 fps actual
2026-04-21 15:10:43 | INFO     | app.services.alert_service:74 - Alert: hariom missing — last seen 72m ago
2026-04-21 15:10:43 | INFO     | app.services.alert_service:74 - Alert: Himanshi  missing — last seen 69m ago
2026-04-21 15:10:43 | INFO     | app.services.alert_service:74 - Alert: devkanya missing — last seen 68m ago
2026-04-21 15:10:46 | INFO     | app.pipeline.processing_pipeline:523 - Pipeline cam=3: 4.9 fps actual
2026-04-21 15:10:46 | INFO     | app.pipeline.processing_pipeline:523 - Pipeline cam=2: 4.5 fps actual
2026-04-21 15:10:52 | INFO     | app.pipeline.processing_pipeline:523 - Pipeline cam=3: 4.7 fps actual
2026-04-21 15:10:52 | INFO     | app.pipeline.processing_pipeline:523 - Pipeline cam=2: 4.7 fps actual
2026-04-21 15:10:58 | INFO     | app.pipeline.processing_pipeline:523 - Pipeline cam=3: 4.9 fps actual
2026-04-21 15:10:58 | INFO     | app.pipeline.processing_pipeline:523 - Pipeline cam=2: 4.9 fps actual
2026-04-21 15:11:05 | INFO     | app.pipeline.processing_pipeline:523 - Pipeline cam=3: 4.7 fps actual
2026-04-21 15:11:05 | INFO     | app.pipeline.processing_pipeline:523 - Pipeline cam=2: 4.7 fps actual
2026-04-21 15:11:11 | INFO     | app.pipeline.processing_pipeline:523 - Pipeline cam=3: 4.8 fps actual
2026-04-21 15:11:11 | INFO     | app.pipeline.processing_pipeline:523 - Pipeline cam=2: 4.9 fps actual
2026-04-21 15:11:17 | INFO     | app.pipeline.processing_pipeline:523 - Pipeline cam=3: 4.8 fps actual
2026-04-21 15:11:18 | INFO     | app.pipeline.processing_pipeline:523 - Pipeline cam=2: 4.6 fps actual
2026-04-21 15:11:24 | INFO     | app.pipeline.processing_pipeline:523 - Pipeline cam=3: 4.6 fps actual
2026-04-21 15:11:24 | INFO     | app.pipeline.processing_pipeline:523 - Pipeline cam=2: 4.8 fps actual
2026-04-21 15:11:30 | INFO     | app.pipeline.processing_pipeline:523 - Pipeline cam=3: 4.9 fps actual
2026-04-21 15:11:30 | INFO     | app.pipeline.processing_pipeline:523 - Pipeline cam=2: 4.6 fps actual
2026-04-21 15:11:36 | INFO     | app.pipeline.processing_pipeline:523 - Pipeline cam=3: 4.9 fps actual
2026-04-21 15:11:37 | INFO     | app.pipeline.processing_pipeline:523 - Pipeline cam=2: 4.7 fps actual
2026-04-21 15:11:42 | INFO     | app.pipeline.processing_pipeline:523 - Pipeline cam=3: 4.9 fps actual
2026-04-21 15:11:43 | INFO     | app.pipeline.processing_pipeline:523 - Pipeline cam=2: 4.8 fps actual
2026-04-21 15:11:48 | INFO     | app.pipeline.processing_pipeline:523 - Pipeline cam=3: 4.9 fps actual
2026-04-21 15:11:50 | INFO     | app.pipeline.processing_pipeline:523 - Pipeline cam=2: 4.6 fps actual
2026-04-21 15:11:54 | INFO     | app.pipeline.processing_pipeline:523 - Pipeline cam=3: 4.9 fps actual
2026-04-21 15:11:56 | INFO     | app.pipeline.processing_pipeline:523 - Pipeline cam=2: 4.7 fps actual
2026-04-21 15:12:01 | INFO     | app.pipeline.processing_pipeline:523 - Pipeline cam=3: 4.9 fps actual
2026-04-21 15:12:02 | INFO     | app.pipeline.processing_pipeline:523 - Pipeline cam=2: 4.9 fps actual
2026-04-21 15:12:07 | INFO     | app.pipeline.processing_pipeline:523 - Pipeline cam=3: 4.8 fps actual
2026-04-21 15:12:08 | INFO     | app.pipeline.processing_pipeline:523 - Pipeline cam=2: 4.7 fps actual
2026-04-21 15:12:13 | INFO     | app.pipeline.processing_pipeline:523 - Pipeline cam=3: 4.9 fps actual
2026-04-21 15:12:15 | INFO     | app.pipeline.processing_pipeline:523 - Pipeline cam=2: 4.5 fps actual
2026-04-21 15:12:19 | INFO     | app.pipeline.processing_pipeline:523 - Pipeline cam=3: 4.8 fps actual
2026-04-21 15:12:21 | INFO     | app.pipeline.processing_pipeline:523 - Pipeline cam=2: 4.7 fps actual
2026-04-21 15:12:25 | INFO     | app.pipeline.processing_pipeline:523 - Pipeline cam=3: 4.8 fps actual
2026-04-21 15:12:28 | INFO     | app.pipeline.processing_pipeline:523 - Pipeline cam=2: 4.7 fps actual
2026-04-21 15:12:32 | INFO     | app.pipeline.processing_pipeline:523 - Pipeline cam=3: 4.6 fps actual
2026-04-21 15:12:34 | INFO     | app.pipeline.processing_pipeline:523 - Pipeline cam=2: 4.9 fps actual
2026-04-21 15:12:38 | INFO     | app.pipeline.processing_pipeline:523 - Pipeline cam=3: 4.8 fps actual
2026-04-21 15:12:40 | INFO     | app.pipeline.processing_pipeline:523 - Pipeline cam=2: 4.6 fps actual
2026-04-21 15:12:43 | INFO     | app.services.alert_service:74 - Alert: Devrishi Sharma missing — last seen 46m ago
2026-04-21 15:12:44 | INFO     | app.pipeline.processing_pipeline:523 - Pipeline cam=3: 5.0 fps actual
2026-04-21 15:12:47 | INFO     | app.pipeline.processing_pipeline:523 - Pipeline cam=2: 4.5 fps actual
2026-04-21 15:12:50 | INFO     | app.pipeline.processing_pipeline:523 - Pipeline cam=3: 4.9 fps actual
2026-04-21 15:12:54 | INFO     | app.pipeline.processing_pipeline:523 - Pipeline cam=2: 4.7 fps actual
2026-04-21 15:12:57 | INFO     | app.pipeline.processing_pipeline:523 - Pipeline cam=3: 4.7 fps actual
2026-04-21 15:13:00 | INFO     | app.pipeline.processing_pipeline:523 - Pipeline cam=2: 4.7 fps actual
2026-04-21 15:13:03 | INFO     | app.pipeline.processing_pipeline:523 - Pipeline cam=3: 4.9 fps actual
2026-04-21 15:13:06 | INFO     | app.pipeline.processing_pipeline:523 - Pipeline cam=2: 4.9 fps actual
2026-04-21 15:13:09 | INFO     | app.pipeline.processing_pipeline:523 - Pipeline cam=3: 4.9 fps actual
2026-04-21 15:13:13 | INFO     | app.pipeline.processing_pipeline:523 - Pipeline cam=2: 4.3 fps actual
2026-04-21 15:13:15 | INFO     | app.pipeline.processing_pipeline:523 - Pipeline cam=3: 4.9 fps actual
2026-04-21 15:13:19 | INFO     | app.pipeline.processing_pipeline:523 - Pipeline cam=2: 4.9 fps actual
2026-04-21 15:13:21 | INFO     | app.pipeline.processing_pipeline:523 - Pipeline cam=3: 4.9 fps actual
2026-04-21 15:13:25 | INFO     | app.pipeline.processing_pipeline:523 - Pipeline cam=2: 4.8 fps actual
2026-04-21 15:13:28 | INFO     | app.pipeline.processing_pipeline:523 - Pipeline cam=3: 4.7 fps actual
2026-04-21 15:13:31 | INFO     | app.recognition.face_recognizer:105 - identify_in_frame cam=2: 0 face(s) detected, 2 track(s)
2026-04-21 15:13:31 | INFO     | app.recognition.face_recognizer:105 - identify_in_frame cam=2: 0 face(s) detected, 3 track(s)
2026-04-21 15:13:32 | INFO     | app.pipeline.processing_pipeline:523 - Pipeline cam=2: 4.6 fps actual
2026-04-21 15:13:32 | INFO     | app.recognition.face_recognizer:105 - identify_in_frame cam=2: 0 face(s) detected, 4 track(s)
2026-04-21 15:13:33 | INFO     | app.recognition.face_recognizer:105 - identify_in_frame cam=2: 0 face(s) detected, 3 track(s)
2026-04-21 15:13:34 | INFO     | app.recognition.face_recognizer:105 - identify_in_frame cam=3: 0 face(s) detected, 1 track(s)
2026-04-21 15:13:34 | INFO     | app.recognition.face_recognizer:105 - identify_in_frame cam=2: 0 face(s) detected, 2 track(s)
2026-04-21 15:13:35 | INFO     | app.recognition.face_recognizer:105 - identify_in_frame cam=3: 1 face(s) detected, 1 track(s)
2026-04-21 15:13:35 | INFO     | app.recognition.face_recognizer:105 - identify_in_frame cam=2: 0 face(s) detected, 1 track(s)
2026-04-21 15:13:36 | INFO     | app.pipeline.processing_pipeline:523 - Pipeline cam=3: 3.5 fps actual
2026-04-21 15:13:36 | INFO     | app.recognition.face_recognizer:105 - identify_in_frame cam=2: 0 face(s) detected, 5 track(s)
2026-04-21 15:13:37 | INFO     | app.recognition.face_recognizer:105 - identify_in_frame cam=3: 1 face(s) detected, 1 track(s)
2026-04-21 15:13:39 | INFO     | app.recognition.face_recognizer:105 - identify_in_frame cam=3: 1 face(s) detected, 1 track(s)
2026-04-21 15:13:39 | INFO     | app.recognition.face_recognizer:105 - identify_in_frame cam=2: 1 face(s) detected, 1 track(s)
2026-04-21 15:13:40 | INFO     | app.recognition.face_recognizer:105 - identify_in_frame cam=2: 0 face(s) detected, 5 track(s)
2026-04-21 15:13:40 | INFO     | app.recognition.face_recognizer:105 - identify_in_frame cam=3: 0 face(s) detected, 2 track(s)
2026-04-21 15:13:41 | INFO     | app.recognition.face_recognizer:105 - identify_in_frame cam=3: 0 face(s) detected, 1 track(s)
2026-04-21 15:13:41 | INFO     | app.recognition.face_recognizer:105 - identify_in_frame cam=2: 0 face(s) detected, 1 track(s)
2026-04-21 15:13:42 | INFO     | app.recognition.face_recognizer:105 - identify_in_frame cam=3: 0 face(s) detected, 2 track(s)
2026-04-21 15:13:42 | INFO     | app.recognition.face_recognizer:105 - identify_in_frame cam=2: 0 face(s) detected, 1 track(s)
2026-04-21 15:13:43 | INFO     | app.recognition.face_recognizer:105 - identify_in_frame cam=3: 2 face(s) detected, 2 track(s)
2026-04-21 15:13:44 | INFO     | app.pipeline.processing_pipeline:523 - Pipeline cam=2: 2.5 fps actual
2026-04-21 15:13:44 | INFO     | app.recognition.face_recognizer:105 - identify_in_frame cam=2: 0 face(s) detected, 4 track(s)
2026-04-21 15:13:45 | INFO     | app.recognition.face_recognizer:105 - identify_in_frame cam=3: 2 face(s) detected, 1 track(s)
2026-04-21 15:13:46 | INFO     | app.recognition.face_recognizer:105 - identify_in_frame cam=3: 1 face(s) detected, 3 track(s)
2026-04-21 15:13:46 | INFO     | app.recognition.face_recognizer:204 -   face→track 48: best_id=1010 score=0.1425 (high>=0.5 verified>=0.42 med>=0.37)
2026-04-21 15:13:47 | INFO     | app.recognition.face_recognizer:105 - identify_in_frame cam=3: 1 face(s) detected, 1 track(s)
2026-04-21 15:13:48 | INFO     | app.pipeline.processing_pipeline:523 - Pipeline cam=3: 2.5 fps actual
2026-04-21 15:13:48 | INFO     | app.recognition.face_recognizer:105 - identify_in_frame cam=3: 0 face(s) detected, 4 track(s)
2026-04-21 15:13:48 | INFO     | app.recognition.face_recognizer:105 - identify_in_frame cam=2: 0 face(s) detected, 4 track(s)
2026-04-21 15:13:51 | INFO     | app.recognition.face_recognizer:105 - identify_in_frame cam=3: 0 face(s) detected, 1 track(s)
2026-04-21 15:13:51 | INFO     | app.recognition.face_recognizer:105 - identify_in_frame cam=2: 0 face(s) detected, 2 track(s)
2026-04-21 15:13:53 | INFO     | app.pipeline.processing_pipeline:523 - Pipeline cam=2: 3.3 fps actual
2026-04-21 15:13:53 | INFO     | app.recognition.face_recognizer:105 - identify_in_frame cam=3: 0 face(s) detected, 1 track(s)
2026-04-21 15:13:55 | INFO     | app.pipeline.processing_pipeline:523 - Pipeline cam=3: 4.3 fps actual
2026-04-21 15:13:59 | INFO     | app.pipeline.processing_pipeline:523 - Pipeline cam=2: 4.9 fps actual
2026-04-21 15:14:01 | INFO     | app.pipeline.processing_pipeline:523 - Pipeline cam=3: 4.7 fps actual
2026-04-21 15:14:06 | INFO     | app.pipeline.processing_pipeline:523 - Pipeline cam=2: 4.5 fps actual
2026-04-21 15:14:07 | INFO     | app.pipeline.processing_pipeline:523 - Pipeline cam=3: 4.9 fps actual
2026-04-21 15:14:12 | INFO     | app.pipeline.processing_pipeline:523 - Pipeline cam=2: 4.6 fps actual
2026-04-21 15:14:14 | INFO     | app.pipeline.processing_pipeline:523 - Pipeline cam=3: 4.9 fps actual
2026-04-21 15:14:19 | INFO     | app.pipeline.processing_pipeline:523 - Pipeline cam=2: 4.6 fps actual
2026-04-21 15:14:20 | INFO     | app.pipeline.processing_pipeline:523 - Pipeline cam=3: 4.7 fps actual
2026-04-21 15:14:25 | INFO     | app.pipeline.processing_pipeline:523 - Pipeline cam=2: 4.7 fps actual
2026-04-21 15:14:26 | INFO     | app.pipeline.processing_pipeline:523 - Pipeline cam=3: 4.9 fps actual
2026-04-21 15:14:32 | INFO     | app.pipeline.processing_pipeline:523 - Pipeline cam=2: 4.5 fps actual
2026-04-21 15:14:32 | INFO     | app.pipeline.processing_pipeline:523 - Pipeline cam=3: 4.9 fps actual
2026-04-21 15:14:38 | INFO     | app.pipeline.processing_pipeline:523 - Pipeline cam=2: 4.8 fps actual
2026-04-21 15:14:38 | INFO     | app.pipeline.processing_pipeline:523 - Pipeline cam=3: 4.9 fps actual
2026-04-21 15:14:43 | INFO     | app.services.alert_service:74 - Alert: gyanendra missing — last seen 66m ago
2026-04-21 15:14:45 | INFO     | app.pipeline.processing_pipeline:523 - Pipeline cam=3: 4.7 fps actual
2026-04-21 15:14:45 | INFO     | app.pipeline.processing_pipeline:523 - Pipeline cam=2: 4.4 fps actual
2026-04-21 15:14:51 | INFO     | app.pipeline.processing_pipeline:523 - Pipeline cam=3: 4.9 fps actual
2026-04-21 15:14:52 | INFO     | app.pipeline.processing_pipeline:523 - Pipeline cam=2: 4.5 fps actual
2026-04-21 15:14:57 | INFO     | app.pipeline.processing_pipeline:523 - Pipeline cam=3: 4.9 fps actual
2026-04-21 15:14:58 | INFO     | app.pipeline.processing_pipeline:523 - Pipeline cam=2: 4.6 fps actual
2026-04-21 15:15:03 | INFO     | app.pipeline.processing_pipeline:523 - Pipeline cam=3: 4.9 fps actual
2026-04-21 15:15:05 | INFO     | app.pipeline.processing_pipeline:523 - Pipeline cam=2: 4.6 fps actual
2026-04-21 15:15:09 | INFO     | app.pipeline.processing_pipeline:523 - Pipeline cam=3: 4.9 fps actual
2026-04-21 15:15:11 | INFO     | app.pipeline.processing_pipeline:523 - Pipeline cam=2: 4.7 fps actual
2026-04-21 15:15:16 | INFO     | app.pipeline.processing_pipeline:523 - Pipeline cam=3: 4.9 fps actual
2026-04-21 15:15:18 | INFO     | app.recognition.face_recognizer:105 - identify_in_frame cam=2: 1 face(s) detected, 1 track(s)
2026-04-21 15:15:18 | INFO     | app.recognition.face_recognizer:204 -   face→track 114: best_id=7 score=0.1702 (high>=0.5 verified>=0.42 med>=0.37)
2026-04-21 15:15:18 | INFO     | app.pipeline.processing_pipeline:523 - Pipeline cam=2: 4.2 fps actual
2026-04-21 15:15:19 | INFO     | app.recognition.face_recognizer:105 - identify_in_frame cam=2: 1 face(s) detected, 1 track(s)
2026-04-21 15:15:19 | INFO     | app.recognition.face_recognizer:204 -   face→track 114: best_id=1015 score=0.1659 (high>=0.5 verified>=0.42 med>=0.37)
2026-04-21 15:15:19 | INFO     | app.recognition.face_recognizer:105 - identify_in_frame cam=2: 1 face(s) detected, 1 track(s)
2026-04-21 15:15:19 | INFO     | app.recognition.face_recognizer:204 -   face→track 114: best_id=1004 score=0.0910 (high>=0.5 verified>=0.42 med>=0.37)
2026-04-21 15:15:20 | INFO     | app.recognition.face_recognizer:105 - identify_in_frame cam=2: 0 face(s) detected, 1 track(s)
2026-04-21 15:15:21 | INFO     | app.recognition.face_recognizer:105 - identify_in_frame cam=2: 0 face(s) detected, 1 track(s)
2026-04-21 15:15:21 | INFO     | app.recognition.face_recognizer:105 - identify_in_frame cam=2: 0 face(s) detected, 1 track(s)
2026-04-21 15:15:22 | INFO     | app.recognition.face_recognizer:105 - identify_in_frame cam=2: 0 face(s) detected, 1 track(s)
2026-04-21 15:15:22 | INFO     | app.pipeline.processing_pipeline:523 - Pipeline cam=3: 4.6 fps actual
2026-04-21 15:15:22 | INFO     | app.recognition.face_recognizer:105 - identify_in_frame cam=2: 0 face(s) detected, 2 track(s)
2026-04-21 15:15:24 | INFO     | app.pipeline.processing_pipeline:523 - Pipeline cam=2: 4.8 fps actual
2026-04-21 15:15:25 | INFO     | app.recognition.face_recognizer:105 - identify_in_frame cam=2: 0 face(s) detected, 2 track(s)
2026-04-21 15:15:26 | INFO     | app.recognition.face_recognizer:105 - identify_in_frame cam=2: 0 face(s) detected, 1 track(s)
2026-04-21 15:15:28 | INFO     | app.pipeline.processing_pipeline:523 - Pipeline cam=3: 5.0 fps actual
2026-04-21 15:15:31 | INFO     | app.pipeline.processing_pipeline:523 - Pipeline cam=2: 4.7 fps actual
2026-04-21 15:15:34 | INFO     | app.pipeline.processing_pipeline:523 - Pipeline cam=3: 4.9 fps actual
2026-04-21 15:15:37 | INFO     | app.pipeline.processing_pipeline:523 - Pipeline cam=2: 4.8 fps actual
2026-04-21 15:15:40 | INFO     | app.pipeline.processing_pipeline:523 - Pipeline cam=3: 4.9 fps actual
2026-04-21 15:15:43 | INFO     | app.pipeline.processing_pipeline:523 - Pipeline cam=2: 4.9 fps actual
2026-04-21 15:15:47 | INFO     | app.pipeline.processing_pipeline:523 - Pipeline cam=3: 4.9 fps actual
2026-04-21 15:15:48 | INFO     | app.recognition.face_recognizer:105 - identify_in_frame cam=2: 0 face(s) detected, 2 track(s)
2026-04-21 15:15:49 | INFO     | app.recognition.face_recognizer:105 - identify_in_frame cam=2: 1 face(s) detected, 2 track(s)
2026-04-21 15:15:50 | INFO     | app.pipeline.processing_pipeline:523 - Pipeline cam=2: 4.3 fps actual
2026-04-21 15:15:50 | INFO     | app.recognition.face_recognizer:105 - identify_in_frame cam=2: 0 face(s) detected, 2 track(s)
2026-04-21 15:15:51 | INFO     | app.recognition.face_recognizer:105 - identify_in_frame cam=2: 0 face(s) detected, 1 track(s)
2026-04-21 15:15:52 | INFO     | app.recognition.face_recognizer:105 - identify_in_frame cam=2: 0 face(s) detected, 1 track(s)
2026-04-21 15:15:53 | INFO     | app.recognition.face_recognizer:105 - identify_in_frame cam=2: 0 face(s) detected, 1 track(s)
2026-04-21 15:15:53 | INFO     | app.recognition.face_recognizer:105 - identify_in_frame cam=2: 0 face(s) detected, 3 track(s)
2026-04-21 15:15:54 | INFO     | app.pipeline.processing_pipeline:523 - Pipeline cam=3: 3.8 fps actual
2026-04-21 15:15:55 | INFO     | app.recognition.face_recognizer:105 - identify_in_frame cam=2: 0 face(s) detected, 3 track(s)
2026-04-21 15:15:57 | INFO     | app.pipeline.processing_pipeline:523 - Pipeline cam=2: 4.0 fps actual
2026-04-21 15:15:58 | INFO     | app.recognition.face_recognizer:105 - identify_in_frame cam=2: 0 face(s) detected, 2 track(s)
2026-04-21 15:16:01 | INFO     | app.pipeline.processing_pipeline:523 - Pipeline cam=3: 4.6 fps actual
2026-04-21 15:16:04 | INFO     | app.pipeline.processing_pipeline:523 - Pipeline cam=2: 4.5 fps actual
2026-04-21 15:16:07 | INFO     | app.pipeline.processing_pipeline:523 - Pipeline cam=3: 4.9 fps actual
2026-04-21 15:16:11 | INFO     | app.pipeline.processing_pipeline:523 - Pipeline cam=2: 4.5 fps actual
2026-04-21 15:16:13 | INFO     | app.pipeline.processing_pipeline:523 - Pipeline cam=3: 4.7 fps actual
2026-04-21 15:16:17 | INFO     | app.pipeline.processing_pipeline:523 - Pipeline cam=2: 4.5 fps actual
2026-04-21 15:16:20 | INFO     | app.pipeline.processing_pipeline:523 - Pipeline cam=3: 4.7 fps actual
2026-04-21 15:16:24 | INFO     | app.pipeline.processing_pipeline:523 - Pipeline cam=2: 4.8 fps actual
2026-04-21 15:16:26 | INFO     | app.pipeline.processing_pipeline:523 - Pipeline cam=3: 4.9 fps actual
2026-04-21 15:16:30 | INFO     | app.pipeline.processing_pipeline:523 - Pipeline cam=2: 4.6 fps actual
2026-04-21 15:16:32 | INFO     | app.pipeline.processing_pipeline:523 - Pipeline cam=3: 4.9 fps actual
2026-04-21 15:16:36 | INFO     | app.pipeline.processing_pipeline:523 - Pipeline cam=2: 4.7 fps actual
2026-04-21 15:16:38 | INFO     | app.pipeline.processing_pipeline:523 - Pipeline cam=3: 4.9 fps actual
2026-04-21 15:16:43 | INFO     | app.pipeline.processing_pipeline:523 - Pipeline cam=2: 4.6 fps actual
2026-04-21 15:16:45 | INFO     | app.pipeline.processing_pipeline:523 - Pipeline cam=3: 4.6 fps actual
2026-04-21 15:16:49 | INFO     | app.pipeline.processing_pipeline:523 - Pipeline cam=2: 4.7 fps actual
2026-04-21 15:16:51 | INFO     | app.pipeline.processing_pipeline:523 - Pipeline cam=3: 4.9 fps actual
2026-04-21 15:16:56 | INFO     | app.pipeline.processing_pipeline:523 - Pipeline cam=2: 4.7 fps actual
2026-04-21 15:16:57 | INFO     | app.pipeline.processing_pipeline:523 - Pipeline cam=3: 4.9 fps actual
2026-04-21 15:17:02 | INFO     | app.pipeline.processing_pipeline:523 - Pipeline cam=2: 4.6 fps actual
2026-04-21 15:17:03 | INFO     | app.pipeline.processing_pipeline:523 - Pipeline cam=3: 4.9 fps actual
2026-04-21 15:17:08 | INFO     | app.recognition.face_recognizer:105 - identify_in_frame cam=2: 1 face(s) detected, 1 track(s)
2026-04-21 15:17:08 | INFO     | app.recognition.face_recognizer:204 -   face→track 119: best_id=1010 score=0.1797 (high>=0.5 verified>=0.42 med>=0.37)
2026-04-21 15:17:09 | INFO     | app.recognition.face_recognizer:105 - identify_in_frame cam=2: 0 face(s) detected, 2 track(s)
2026-04-21 15:17:09 | INFO     | app.pipeline.processing_pipeline:523 - Pipeline cam=2: 4.3 fps actual
2026-04-21 15:17:09 | INFO     | app.recognition.face_recognizer:105 - identify_in_frame cam=2: 0 face(s) detected, 3 track(s)
2026-04-21 15:17:10 | INFO     | app.pipeline.processing_pipeline:523 - Pipeline cam=3: 4.5 fps actual
2026-04-21 15:17:10 | INFO     | app.recognition.face_recognizer:105 - identify_in_frame cam=2: 0 face(s) detected, 2 track(s)
2026-04-21 15:17:11 | INFO     | app.recognition.face_recognizer:105 - identify_in_frame cam=2: 0 face(s) detected, 1 track(s)
2026-04-21 15:17:11 | INFO     | app.recognition.face_recognizer:105 - identify_in_frame cam=2: 0 face(s) detected, 3 track(s)
2026-04-21 15:17:14 | INFO     | app.recognition.face_recognizer:105 - identify_in_frame cam=2: 0 face(s) detected, 3 track(s)
2026-04-21 15:17:16 | INFO     | app.pipeline.processing_pipeline:523 - Pipeline cam=2: 4.5 fps actual
2026-04-21 15:17:16 | INFO     | app.pipeline.processing_pipeline:523 - Pipeline cam=3: 4.8 fps actual
2026-04-21 15:17:22 | INFO     | app.pipeline.processing_pipeline:523 - Pipeline cam=2: 4.7 fps actual
2026-04-21 15:17:22 | INFO     | app.pipeline.processing_pipeline:523 - Pipeline cam=3: 4.7 fps actual
2026-04-21 15:17:28 | INFO     | app.pipeline.processing_pipeline:523 - Pipeline cam=2: 4.7 fps actual
2026-04-21 15:17:29 | INFO     | app.pipeline.processing_pipeline:523 - Pipeline cam=3: 4.8 fps actual
2026-04-21 15:17:35 | INFO     | app.pipeline.processing_pipeline:523 - Pipeline cam=2: 4.9 fps actual
2026-04-21 15:17:35 | INFO     | app.pipeline.processing_pipeline:523 - Pipeline cam=3: 4.9 fps actual
2026-04-21 15:17:41 | INFO     | app.pipeline.processing_pipeline:523 - Pipeline cam=3: 4.6 fps actual
2026-04-21 15:17:41 | INFO     | app.pipeline.processing_pipeline:523 - Pipeline cam=2: 4.4 fps actual
2026-04-21 15:17:48 | INFO     | app.pipeline.processing_pipeline:523 - Pipeline cam=2: 4.4 fps actual
2026-04-21 15:17:49 | INFO     | app.pipeline.processing_pipeline:523 - Pipeline cam=3: 4.0 fps actual
2026-04-21 15:17:55 | INFO     | app.pipeline.processing_pipeline:523 - Pipeline cam=2: 4.7 fps actual
2026-04-21 15:17:55 | INFO     | app.pipeline.processing_pipeline:523 - Pipeline cam=3: 4.9 fps actual
2026-04-21 15:18:01 | INFO     | app.pipeline.processing_pipeline:523 - Pipeline cam=3: 4.9 fps actual
2026-04-21 15:18:01 | INFO     | app.pipeline.processing_pipeline:523 - Pipeline cam=2: 4.5 fps actual
2026-04-21 15:18:07 | INFO     | app.pipeline.processing_pipeline:523 - Pipeline cam=3: 4.9 fps actual
2026-04-21 15:18:08 | INFO     | app.pipeline.processing_pipeline:523 - Pipeline cam=2: 4.4 fps actual
2026-04-21 15:18:13 | INFO     | app.pipeline.processing_pipeline:523 - Pipeline cam=3: 4.9 fps actual
2026-04-21 15:18:14 | INFO     | app.pipeline.processing_pipeline:523 - Pipeline cam=2: 4.9 fps actual
2026-04-21 15:18:19 | INFO     | app.pipeline.processing_pipeline:523 - Pipeline cam=3: 4.9 fps actual
2026-04-21 15:18:20 | INFO     | app.pipeline.processing_pipeline:523 - Pipeline cam=2: 4.9 fps actual
2026-04-21 15:18:21 | INFO     | app.recognition.face_recognizer:105 - identify_in_frame cam=3: 0 face(s) detected, 1 track(s)
2026-04-21 15:18:21 | INFO     | app.recognition.face_recognizer:105 - identify_in_frame cam=3: 0 face(s) detected, 1 track(s)
2026-04-21 15:18:22 | INFO     | app.recognition.face_recognizer:105 - identify_in_frame cam=2: 0 face(s) detected, 2 track(s)
2026-04-21 15:18:23 | INFO     | app.recognition.face_recognizer:105 - identify_in_frame cam=3: 0 face(s) detected, 2 track(s)
2026-04-21 15:18:23 | INFO     | app.recognition.face_recognizer:105 - identify_in_frame cam=2: 0 face(s) detected, 2 track(s)
2026-04-21 15:18:24 | INFO     | app.recognition.face_recognizer:105 - identify_in_frame cam=3: 0 face(s) detected, 1 track(s)
2026-04-21 15:18:24 | INFO     | app.recognition.face_recognizer:105 - identify_in_frame cam=2: 1 face(s) detected, 2 track(s)
2026-04-21 15:18:25 | INFO     | app.recognition.face_recognizer:105 - identify_in_frame cam=3: 0 face(s) detected, 1 track(s)
2026-04-21 15:18:26 | INFO     | app.recognition.face_recognizer:105 - identify_in_frame cam=3: 0 face(s) detected, 2 track(s)
2026-04-21 15:18:27 | INFO     | app.recognition.face_recognizer:105 - identify_in_frame cam=2: 2 face(s) detected, 2 track(s)
2026-04-21 15:18:27 | INFO     | app.recognition.face_recognizer:204 -   face→track 122: best_id=1009 score=0.1381 (high>=0.5 verified>=0.42 med>=0.37)
2026-04-21 15:18:27 | INFO     | app.recognition.face_recognizer:204 -   face→track 123: best_id=1018 score=0.1896 (high>=0.5 verified>=0.42 med>=0.37)
2026-04-21 15:18:28 | INFO     | app.recognition.face_recognizer:105 - identify_in_frame cam=2: 2 face(s) detected, 2 track(s)
2026-04-21 15:18:28 | INFO     | app.recognition.face_recognizer:204 -   face→track 124: best_id=1011 score=0.1584 (high>=0.5 verified>=0.42 med>=0.37)
2026-04-21 15:18:28 | INFO     | app.recognition.face_recognizer:204 -   face→track 125: best_id=1011 score=0.1112 (high>=0.5 verified>=0.42 med>=0.37)
2026-04-21 15:18:28 | INFO     | app.recognition.face_recognizer:105 - identify_in_frame cam=2: 0 face(s) detected, 2 track(s)
2026-04-21 15:18:29 | INFO     | app.pipeline.processing_pipeline:523 - Pipeline cam=3: 3.3 fps actual
2026-04-21 15:18:29 | INFO     | app.recognition.face_recognizer:105 - identify_in_frame cam=3: 0 face(s) detected, 2 track(s)
2026-04-21 15:18:29 | INFO     | app.recognition.face_recognizer:105 - identify_in_frame cam=2: 0 face(s) detected, 2 track(s)
2026-04-21 15:18:30 | INFO     | app.pipeline.processing_pipeline:523 - Pipeline cam=2: 3.2 fps actual
2026-04-21 15:18:30 | INFO     | app.recognition.face_recognizer:105 - identify_in_frame cam=2: 0 face(s) detected, 4 track(s)
2026-04-21 15:18:31 | INFO     | app.recognition.face_recognizer:105 - identify_in_frame cam=3: 0 face(s) detected, 2 track(s)
2026-04-21 15:18:32 | INFO     | app.recognition.face_recognizer:105 - identify_in_frame cam=2: 0 face(s) detected, 4 track(s)
2026-04-21 15:18:33 | INFO     | app.recognition.face_recognizer:105 - identify_in_frame cam=3: 0 face(s) detected, 1 track(s)
2026-04-21 15:18:34 | INFO     | app.recognition.face_recognizer:105 - identify_in_frame cam=2: 0 face(s) detected, 2 track(s)
2026-04-21 15:18:35 | INFO     | app.pipeline.processing_pipeline:523 - Pipeline cam=3: 4.6 fps actual
2026-04-21 15:18:37 | INFO     | app.pipeline.processing_pipeline:523 - Pipeline cam=2: 4.2 fps actual
2026-04-21 15:18:41 | INFO     | app.pipeline.processing_pipeline:523 - Pipeline cam=3: 4.9 fps actual
2026-04-21 15:18:43 | INFO     | app.pipeline.processing_pipeline:523 - Pipeline cam=2: 4.6 fps actual
2026-04-21 15:18:48 | INFO     | app.pipeline.processing_pipeline:523 - Pipeline cam=3: 4.7 fps actual
2026-04-21 15:18:50 | INFO     | app.pipeline.processing_pipeline:523 - Pipeline cam=2: 4.7 fps actual
2026-04-21 15:18:54 | INFO     | app.pipeline.processing_pipeline:523 - Pipeline cam=3: 4.9 fps actual
2026-04-21 15:18:56 | INFO     | app.pipeline.processing_pipeline:523 - Pipeline cam=2: 4.9 fps actual
2026-04-21 15:19:00 | INFO     | app.pipeline.processing_pipeline:523 - Pipeline cam=3: 4.9 fps actual
2026-04-21 15:19:02 | INFO     | app.pipeline.processing_pipeline:523 - Pipeline cam=2: 4.6 fps actual
2026-04-21 15:19:06 | INFO     | app.pipeline.processing_pipeline:523 - Pipeline cam=3: 4.9 fps actual
2026-04-21 15:19:09 | INFO     | app.pipeline.processing_pipeline:523 - Pipeline cam=2: 4.4 fps actual
2026-04-21 15:19:13 | INFO     | app.pipeline.processing_pipeline:523 - Pipeline cam=3: 4.4 fps actual
2026-04-21 15:19:16 | INFO     | app.pipeline.processing_pipeline:523 - Pipeline cam=2: 4.4 fps actual
2026-04-21 15:19:19 | INFO     | app.pipeline.processing_pipeline:523 - Pipeline cam=3: 4.9 fps actual
2026-04-21 15:19:22 | INFO     | app.pipeline.processing_pipeline:523 - Pipeline cam=2: 4.9 fps actual
2026-04-21 15:19:25 | INFO     | app.pipeline.processing_pipeline:523 - Pipeline cam=3: 4.8 fps actual
2026-04-21 15:19:29 | INFO     | app.pipeline.processing_pipeline:523 - Pipeline cam=2: 4.6 fps actual
2026-04-21 15:19:31 | INFO     | app.pipeline.processing_pipeline:523 - Pipeline cam=3: 4.9 fps actual
2026-04-21 15:19:35 | INFO     | app.pipeline.processing_pipeline:523 - Pipeline cam=2: 4.9 fps actual
2026-04-21 15:19:37 | INFO     | app.pipeline.processing_pipeline:523 - Pipeline cam=3: 4.9 fps actual
2026-04-21 15:19:41 | INFO     | app.pipeline.processing_pipeline:523 - Pipeline cam=2: 4.9 fps actual
2026-04-21 15:19:44 | INFO     | app.pipeline.processing_pipeline:523 - Pipeline cam=3: 4.7 fps actual
2026-04-21 15:19:47 | INFO     | app.pipeline.processing_pipeline:523 - Pipeline cam=2: 4.6 fps actual
2026-04-21 15:19:50 | INFO     | app.pipeline.processing_pipeline:523 - Pipeline cam=3: 4.8 fps actual
2026-04-21 15:19:54 | INFO     | app.pipeline.processing_pipeline:523 - Pipeline cam=2: 4.7 fps actual
2026-04-21 15:19:56 | INFO     | app.pipeline.processing_pipeline:523 - Pipeline cam=3: 5.0 fps actual
2026-04-21 15:20:00 | INFO     | app.pipeline.processing_pipeline:523 - Pipeline cam=2: 4.6 fps actual
2026-04-21 15:20:02 | INFO     | app.pipeline.processing_pipeline:523 - Pipeline cam=3: 4.9 fps actual
2026-04-21 15:20:07 | INFO     | app.pipeline.processing_pipeline:523 - Pipeline cam=2: 4.5 fps actual
2026-04-21 15:20:08 | INFO     | app.pipeline.processing_pipeline:523 - Pipeline cam=3: 4.9 fps actual
2026-04-21 15:20:13 | INFO     | app.pipeline.processing_pipeline:523 - Pipeline cam=2: 4.7 fps actual
2026-04-21 15:20:15 | INFO     | app.pipeline.processing_pipeline:523 - Pipeline cam=3: 4.9 fps actual
2026-04-21 15:20:20 | INFO     | app.pipeline.processing_pipeline:523 - Pipeline cam=2: 4.7 fps actual
2026-04-21 15:20:21 | INFO     | app.pipeline.processing_pipeline:523 - Pipeline cam=3: 4.8 fps actual
2026-04-21 15:20:26 | INFO     | app.pipeline.processing_pipeline:523 - Pipeline cam=2: 4.9 fps actual
2026-04-21 15:20:27 | INFO     | app.pipeline.processing_pipeline:523 - Pipeline cam=3: 4.9 fps actual
2026-04-21 15:20:33 | INFO     | app.pipeline.processing_pipeline:523 - Pipeline cam=2: 4.5 fps actual
2026-04-21 15:20:33 | INFO     | app.pipeline.processing_pipeline:523 - Pipeline cam=3: 4.9 fps actual
2026-04-21 15:20:39 | INFO     | app.pipeline.processing_pipeline:523 - Pipeline cam=2: 4.6 fps actual
2026-04-21 15:20:39 | INFO     | app.pipeline.processing_pipeline:523 - Pipeline cam=3: 4.7 fps actual
2026-04-21 15:20:43 | INFO     | app.services.alert_service:74 - Alert: hariom missing — last seen 82m ago
2026-04-21 15:20:43 | INFO     | app.services.alert_service:74 - Alert: Himanshi  missing — last seen 79m ago
2026-04-21 15:20:43 | INFO     | app.services.alert_service:74 - Alert: devkanya missing — last seen 78m ago
2026-04-21 15:20:46 | INFO     | app.pipeline.processing_pipeline:523 - Pipeline cam=2: 4.6 fps actual
2026-04-21 15:20:46 | INFO     | app.pipeline.processing_pipeline:523 - Pipeline cam=3: 4.7 fps actual
2026-04-21 15:20:52 | INFO     | app.pipeline.processing_pipeline:523 - Pipeline cam=2: 4.9 fps actual
2026-04-21 15:20:52 | INFO     | app.pipeline.processing_pipeline:523 - Pipeline cam=3: 4.9 fps actual
2026-04-21 15:20:58 | INFO     | app.pipeline.processing_pipeline:523 - Pipeline cam=2: 4.9 fps actual
2026-04-21 15:20:58 | INFO     | app.pipeline.processing_pipeline:523 - Pipeline cam=3: 4.9 fps actual
2026-04-21 15:21:04 | INFO     | app.pipeline.processing_pipeline:523 - Pipeline cam=3: 4.8 fps actual
2026-04-21 15:21:04 | INFO     | app.pipeline.processing_pipeline:523 - Pipeline cam=2: 4.6 fps actual
2026-04-21 15:21:11 | INFO     | app.pipeline.processing_pipeline:523 - Pipeline cam=3: 4.7 fps actual
2026-04-21 15:21:11 | INFO     | app.pipeline.processing_pipeline:523 - Pipeline cam=2: 4.7 fps actual
2026-04-21 15:21:17 | INFO     | app.pipeline.processing_pipeline:523 - Pipeline cam=3: 4.9 fps actual
2026-04-21 15:21:17 | INFO     | app.pipeline.processing_pipeline:523 - Pipeline cam=2: 4.9 fps actual
2026-04-21 15:21:23 | INFO     | app.pipeline.processing_pipeline:523 - Pipeline cam=3: 4.9 fps actual
2026-04-21 15:21:23 | INFO     | app.pipeline.processing_pipeline:523 - Pipeline cam=2: 4.9 fps actual
2026-04-21 15:21:28 | INFO     | app.recognition.face_recognizer:105 - identify_in_frame cam=2: 1 face(s) detected, 1 track(s)
2026-04-21 15:21:28 | INFO     | app.recognition.face_recognizer:204 -   face→track 126: best_id=1025 score=0.1175 (high>=0.5 verified>=0.42 med>=0.37)
2026-04-21 15:21:29 | INFO     | app.recognition.face_recognizer:105 - identify_in_frame cam=2: 1 face(s) detected, 1 track(s)
2026-04-21 15:21:29 | INFO     | app.recognition.face_recognizer:204 -   face→track 126: best_id=1012 score=0.1554 (high>=0.5 verified>=0.42 med>=0.37)
2026-04-21 15:21:29 | INFO     | app.recognition.face_recognizer:105 - identify_in_frame cam=2: 0 face(s) detected, 1 track(s)
2026-04-21 15:21:29 | INFO     | app.pipeline.processing_pipeline:523 - Pipeline cam=3: 4.7 fps actual
2026-04-21 15:21:29 | INFO     | app.pipeline.processing_pipeline:523 - Pipeline cam=2: 4.8 fps actual
2026-04-21 15:21:30 | INFO     | app.recognition.face_recognizer:105 - identify_in_frame cam=2: 0 face(s) detected, 2 track(s)
2026-04-21 15:21:30 | INFO     | app.recognition.face_recognizer:105 - identify_in_frame cam=2: 0 face(s) detected, 1 track(s)
2026-04-21 15:21:31 | INFO     | app.recognition.face_recognizer:105 - identify_in_frame cam=2: 0 face(s) detected, 1 track(s)
2026-04-21 15:21:31 | INFO     | app.recognition.face_recognizer:105 - identify_in_frame cam=2: 0 face(s) detected, 2 track(s)
2026-04-21 15:21:34 | INFO     | app.recognition.face_recognizer:105 - identify_in_frame cam=2: 0 face(s) detected, 2 track(s)
2026-04-21 15:21:36 | INFO     | app.pipeline.processing_pipeline:523 - Pipeline cam=3: 4.4 fps actual
2026-04-21 15:21:36 | INFO     | app.pipeline.processing_pipeline:523 - Pipeline cam=2: 4.3 fps actual
2026-04-21 15:21:42 | INFO     | app.pipeline.processing_pipeline:523 - Pipeline cam=3: 4.9 fps actual
2026-04-21 15:21:43 | INFO     | app.pipeline.processing_pipeline:523 - Pipeline cam=2: 4.9 fps actual
2026-04-21 15:21:48 | INFO     | app.recognition.face_recognizer:105 - identify_in_frame cam=3: 0 face(s) detected, 1 track(s)
2026-04-21 15:21:49 | INFO     | app.recognition.face_recognizer:105 - identify_in_frame cam=3: 1 face(s) detected, 1 track(s)
2026-04-21 15:21:49 | INFO     | app.recognition.face_recognizer:204 -   face→track 52: best_id=1021 score=0.1273 (high>=0.5 verified>=0.42 med>=0.37)
2026-04-21 15:21:49 | INFO     | app.pipeline.processing_pipeline:523 - Pipeline cam=3: 4.6 fps actual
2026-04-21 15:21:50 | INFO     | app.recognition.face_recognizer:105 - identify_in_frame cam=3: 2 face(s) detected, 2 track(s)
2026-04-21 15:21:50 | INFO     | app.recognition.face_recognizer:204 -   face→track 53: best_id=1019 score=0.1524 (high>=0.5 verified>=0.42 med>=0.37)
2026-04-21 15:21:50 | INFO     | app.pipeline.processing_pipeline:523 - Pipeline cam=2: 3.9 fps actual
2026-04-21 15:21:51 | INFO     | app.recognition.face_recognizer:105 - identify_in_frame cam=3: 1 face(s) detected, 1 track(s)
2026-04-21 15:21:51 | INFO     | app.recognition.face_recognizer:105 - identify_in_frame cam=2: 0 face(s) detected, 1 track(s)
2026-04-21 15:21:52 | INFO     | app.recognition.face_recognizer:105 - identify_in_frame cam=3: 2 face(s) detected, 1 track(s)
2026-04-21 15:21:53 | INFO     | app.recognition.face_recognizer:105 - identify_in_frame cam=2: 0 face(s) detected, 1 track(s)
2026-04-21 15:21:53 | INFO     | app.recognition.face_recognizer:105 - identify_in_frame cam=3: 0 face(s) detected, 2 track(s)
2026-04-21 15:21:54 | INFO     | app.recognition.face_recognizer:105 - identify_in_frame cam=2: 1 face(s) detected, 1 track(s)
2026-04-21 15:21:55 | INFO     | app.recognition.face_recognizer:105 - identify_in_frame cam=2: 1 face(s) detected, 1 track(s)
2026-04-21 15:21:57 | INFO     | app.recognition.face_recognizer:105 - identify_in_frame cam=2: 0 face(s) detected, 1 track(s)
2026-04-21 15:21:57 | INFO     | app.recognition.face_recognizer:105 - identify_in_frame cam=2: 0 face(s) detected, 1 track(s)
2026-04-21 15:21:57 | INFO     | app.recognition.face_recognizer:105 - identify_in_frame cam=3: 0 face(s) detected, 2 track(s)
2026-04-21 15:21:58 | INFO     | app.recognition.face_recognizer:105 - identify_in_frame cam=2: 0 face(s) detected, 1 track(s)
2026-04-21 15:21:59 | INFO     | app.recognition.face_recognizer:105 - identify_in_frame cam=2: 0 face(s) detected, 1 track(s)
2026-04-21 15:22:00 | INFO     | app.pipeline.processing_pipeline:523 - Pipeline cam=3: 2.8 fps actual
2026-04-21 15:22:00 | INFO     | app.recognition.face_recognizer:105 - identify_in_frame cam=3: 0 face(s) detected, 2 track(s)
2026-04-21 15:22:00 | INFO     | app.pipeline.processing_pipeline:523 - Pipeline cam=2: 3.0 fps actual
2026-04-21 15:22:00 | INFO     | app.recognition.face_recognizer:105 - identify_in_frame cam=2: 0 face(s) detected, 2 track(s)
2026-04-21 15:22:02 | INFO     | app.recognition.face_recognizer:105 - identify_in_frame cam=3: 0 face(s) detected, 1 track(s)
2026-04-21 15:22:02 | INFO     | app.recognition.face_recognizer:105 - identify_in_frame cam=2: 0 face(s) detected, 2 track(s)
2026-04-21 15:22:06 | INFO     | app.pipeline.processing_pipeline:523 - Pipeline cam=3: 4.5 fps actual
2026-04-21 15:22:07 | INFO     | app.pipeline.processing_pipeline:523 - Pipeline cam=2: 4.5 fps actual
2026-04-21 15:22:13 | INFO     | app.pipeline.processing_pipeline:523 - Pipeline cam=3: 4.4 fps actual
2026-04-21 15:22:14 | INFO     | app.pipeline.processing_pipeline:523 - Pipeline cam=2: 4.4 fps actual
2026-04-21 15:22:19 | INFO     | app.pipeline.processing_pipeline:523 - Pipeline cam=3: 5.0 fps actual
2026-04-21 15:22:20 | INFO     | app.pipeline.processing_pipeline:523 - Pipeline cam=2: 4.7 fps actual
2026-04-21 15:22:25 | INFO     | app.pipeline.processing_pipeline:523 - Pipeline cam=3: 4.8 fps actual
2026-04-21 15:22:26 | INFO     | app.pipeline.processing_pipeline:523 - Pipeline cam=2: 4.8 fps actual
2026-04-21 15:22:32 | INFO     | app.pipeline.processing_pipeline:523 - Pipeline cam=3: 4.7 fps actual
2026-04-21 15:22:33 | INFO     | app.pipeline.processing_pipeline:523 - Pipeline cam=2: 4.6 fps actual
2026-04-21 15:22:38 | INFO     | app.pipeline.processing_pipeline:523 - Pipeline cam=3: 4.9 fps actual
2026-04-21 15:22:39 | INFO     | app.pipeline.processing_pipeline:523 - Pipeline cam=2: 4.5 fps actual
2026-04-21 15:22:43 | INFO     | app.services.alert_service:74 - Alert: Devrishi Sharma missing — last seen 56m ago
2026-04-21 15:22:44 | INFO     | app.pipeline.processing_pipeline:523 - Pipeline cam=3: 4.6 fps actual
2026-04-21 15:22:46 | INFO     | app.pipeline.processing_pipeline:523 - Pipeline cam=2: 4.7 fps actual
2026-04-21 15:22:51 | INFO     | app.pipeline.processing_pipeline:523 - Pipeline cam=3: 4.9 fps actual
2026-04-21 15:22:52 | INFO     | app.pipeline.processing_pipeline:523 - Pipeline cam=2: 4.6 fps actual
2026-04-21 15:22:57 | INFO     | app.pipeline.processing_pipeline:523 - Pipeline cam=3: 4.8 fps actual
2026-04-21 15:22:59 | INFO     | app.pipeline.processing_pipeline:523 - Pipeline cam=2: 4.7 fps actual
2026-04-21 15:22:59 | INFO     | app.recognition.face_recognizer:105 - identify_in_frame cam=2: 0 face(s) detected, 1 track(s)
2026-04-21 15:22:59 | INFO     | app.recognition.face_recognizer:105 - identify_in_frame cam=2: 0 face(s) detected, 1 track(s)
2026-04-21 15:23:00 | INFO     | app.recognition.face_recognizer:105 - identify_in_frame cam=2: 0 face(s) detected, 2 track(s)
2026-04-21 15:23:01 | INFO     | app.recognition.face_recognizer:105 - identify_in_frame cam=2: 0 face(s) detected, 1 track(s)
2026-04-21 15:23:01 | INFO     | app.recognition.face_recognizer:105 - identify_in_frame cam=2: 0 face(s) detected, 1 track(s)
2026-04-21 15:23:02 | INFO     | app.recognition.face_recognizer:105 - identify_in_frame cam=2: 0 face(s) detected, 1 track(s)
2026-04-21 15:23:03 | INFO     | app.recognition.face_recognizer:105 - identify_in_frame cam=2: 0 face(s) detected, 2 track(s)
2026-04-21 15:23:03 | INFO     | app.pipeline.processing_pipeline:523 - Pipeline cam=3: 4.5 fps actual
2026-04-21 15:23:05 | INFO     | app.pipeline.processing_pipeline:523 - Pipeline cam=2: 4.5 fps actual
2026-04-21 15:23:06 | INFO     | app.recognition.face_recognizer:105 - identify_in_frame cam=2: 0 face(s) detected, 2 track(s)
2026-04-21 15:23:08 | INFO     | app.recognition.face_recognizer:105 - identify_in_frame cam=2: 0 face(s) detected, 1 track(s)
2026-04-21 15:23:10 | INFO     | app.pipeline.processing_pipeline:523 - Pipeline cam=3: 4.9 fps actual
2026-04-21 15:23:12 | INFO     | app.pipeline.processing_pipeline:523 - Pipeline cam=2: 4.4 fps actual
2026-04-21 15:23:16 | INFO     | app.pipeline.processing_pipeline:523 - Pipeline cam=3: 4.9 fps actual
2026-04-21 15:23:18 | INFO     | app.pipeline.processing_pipeline:523 - Pipeline cam=2: 4.9 fps actual
2026-04-21 15:23:22 | INFO     | app.pipeline.processing_pipeline:523 - Pipeline cam=3: 4.9 fps actual
2026-04-21 15:23:25 | INFO     | app.pipeline.processing_pipeline:523 - Pipeline cam=2: 4.6 fps actual
2026-04-21 15:23:28 | INFO     | app.pipeline.processing_pipeline:523 - Pipeline cam=3: 4.6 fps actual
2026-04-21 15:23:31 | INFO     | app.pipeline.processing_pipeline:523 - Pipeline cam=2: 4.9 fps actual
2026-04-21 15:23:35 | INFO     | app.pipeline.processing_pipeline:523 - Pipeline cam=3: 4.6 fps actual
2026-04-21 15:23:38 | INFO     | app.pipeline.processing_pipeline:523 - Pipeline cam=2: 4.6 fps actual
2026-04-21 15:23:41 | INFO     | app.pipeline.processing_pipeline:523 - Pipeline cam=3: 4.8 fps actual
2026-04-21 15:23:44 | INFO     | app.pipeline.processing_pipeline:523 - Pipeline cam=2: 4.5 fps actual
2026-04-21 15:23:48 | INFO     | app.pipeline.processing_pipeline:523 - Pipeline cam=3: 4.4 fps actual
2026-04-21 15:23:51 | INFO     | app.pipeline.processing_pipeline:523 - Pipeline cam=2: 4.2 fps actual
2026-04-21 15:23:52 | INFO     | app.recognition.face_recognizer:105 - identify_in_frame cam=2: 0 face(s) detected, 1 track(s)
2026-04-21 15:23:53 | INFO     | app.recognition.face_recognizer:105 - identify_in_frame cam=2: 0 face(s) detected, 2 track(s)
2026-04-21 15:23:54 | INFO     | app.recognition.face_recognizer:105 - identify_in_frame cam=2: 0 face(s) detected, 2 track(s)
2026-04-21 15:23:55 | INFO     | app.recognition.face_recognizer:105 - identify_in_frame cam=2: 1 face(s) detected, 1 track(s)
2026-04-21 15:23:56 | INFO     | app.pipeline.processing_pipeline:523 - Pipeline cam=3: 3.9 fps actual
2026-04-21 15:23:56 | INFO     | app.recognition.face_recognizer:105 - identify_in_frame cam=2: 1 face(s) detected, 1 track(s)
2026-04-21 15:23:57 | INFO     | app.recognition.face_recognizer:105 - identify_in_frame cam=2: 0 face(s) detected, 2 track(s)
2026-04-21 15:23:59 | INFO     | app.pipeline.processing_pipeline:523 - Pipeline cam=2: 3.7 fps actual
2026-04-21 15:24:00 | INFO     | app.recognition.face_recognizer:105 - identify_in_frame cam=2: 0 face(s) detected, 2 track(s)
2026-04-21 15:24:02 | INFO     | app.recognition.face_recognizer:105 - identify_in_frame cam=2: 0 face(s) detected, 1 track(s)
2026-04-21 15:24:02 | INFO     | app.pipeline.processing_pipeline:523 - Pipeline cam=3: 4.8 fps actual
2026-04-21 15:24:06 | INFO     | app.pipeline.processing_pipeline:523 - Pipeline cam=2: 4.3 fps actual
2026-04-21 15:24:09 | INFO     | app.pipeline.processing_pipeline:523 - Pipeline cam=3: 4.2 fps actual
2026-04-21 15:24:12 | INFO     | app.pipeline.processing_pipeline:523 - Pipeline cam=2: 4.9 fps actual
2026-04-21 15:24:15 | INFO     | app.pipeline.processing_pipeline:523 - Pipeline cam=3: 4.9 fps actual
2026-04-21 15:24:19 | INFO     | app.pipeline.processing_pipeline:523 - Pipeline cam=2: 4.4 fps actual
2026-04-21 15:24:22 | INFO     | app.pipeline.processing_pipeline:523 - Pipeline cam=3: 4.6 fps actual
2026-04-21 15:24:25 | INFO     | app.pipeline.processing_pipeline:523 - Pipeline cam=2: 4.9 fps actual
2026-04-21 15:24:28 | INFO     | app.pipeline.processing_pipeline:523 - Pipeline cam=3: 4.9 fps actual
2026-04-21 15:24:32 | INFO     | app.pipeline.processing_pipeline:523 - Pipeline cam=2: 4.7 fps actual
2026-04-21 15:24:34 | INFO     | app.pipeline.processing_pipeline:523 - Pipeline cam=3: 4.9 fps actual
2026-04-21 15:24:38 | INFO     | app.pipeline.processing_pipeline:523 - Pipeline cam=2: 4.7 fps actual
2026-04-21 15:24:40 | INFO     | app.pipeline.processing_pipeline:523 - Pipeline cam=3: 4.9 fps actual
2026-04-21 15:24:43 | INFO     | app.services.alert_service:74 - Alert: Anjali missing — last seen 15m ago
2026-04-21 15:24:43 | INFO     | app.services.alert_service:74 - Alert: gyanendra missing — last seen 76m ago
2026-04-21 15:24:44 | INFO     | app.pipeline.processing_pipeline:523 - Pipeline cam=2: 4.8 fps actual
2026-04-21 15:24:46 | INFO     | app.pipeline.processing_pipeline:523 - Pipeline cam=3: 4.9 fps actual
2026-04-21 15:24:51 | INFO     | app.pipeline.processing_pipeline:523 - Pipeline cam=2: 4.7 fps actual
2026-04-21 15:24:52 | INFO     | app.pipeline.processing_pipeline:523 - Pipeline cam=3: 4.9 fps actual
2026-04-21 15:24:57 | INFO     | app.pipeline.processing_pipeline:523 - Pipeline cam=2: 4.7 fps actual
2026-04-21 15:24:59 | INFO     | app.pipeline.processing_pipeline:523 - Pipeline cam=3: 4.7 fps actual
2026-04-21 15:25:00 | INFO     | app.recognition.face_recognizer:105 - identify_in_frame cam=3: 0 face(s) detected, 1 track(s)
2026-04-21 15:25:01 | INFO     | app.recognition.face_recognizer:105 - identify_in_frame cam=3: 0 face(s) detected, 1 track(s)
2026-04-21 15:25:02 | INFO     | app.recognition.face_recognizer:105 - identify_in_frame cam=3: 1 face(s) detected, 1 track(s)
2026-04-21 15:25:02 | INFO     | app.recognition.face_recognizer:204 -   face→track 54: best_id=1025 score=0.1744 (high>=0.5 verified>=0.42 med>=0.37)
2026-04-21 15:25:03 | INFO     | app.recognition.face_recognizer:105 - identify_in_frame cam=3: 2 face(s) detected, 1 track(s)
2026-04-21 15:25:04 | INFO     | app.recognition.face_recognizer:105 - identify_in_frame cam=3: 1 face(s) detected, 1 track(s)
2026-04-21 15:25:04 | INFO     | app.recognition.face_recognizer:105 - identify_in_frame cam=3: 0 face(s) detected, 1 track(s)
2026-04-21 15:25:04 | INFO     | app.recognition.face_recognizer:105 - identify_in_frame cam=2: 0 face(s) detected, 1 track(s)
2026-04-21 15:25:05 | INFO     | app.recognition.face_recognizer:105 - identify_in_frame cam=3: 0 face(s) detected, 1 track(s)
2026-04-21 15:25:05 | INFO     | app.pipeline.processing_pipeline:523 - Pipeline cam=2: 3.9 fps actual
2026-04-21 15:25:05 | INFO     | app.recognition.face_recognizer:105 - identify_in_frame cam=2: 1 face(s) detected, 2 track(s)
2026-04-21 15:25:07 | INFO     | app.recognition.face_recognizer:105 - identify_in_frame cam=2: 1 face(s) detected, 2 track(s)
2026-04-21 15:25:07 | INFO     | app.recognition.face_recognizer:204 -   face→track 134: best_id=1019 score=0.1441 (high>=0.5 verified>=0.42 med>=0.37)
2026-04-21 15:25:07 | INFO     | app.pipeline.processing_pipeline:523 - Pipeline cam=3: 3.7 fps actual
2026-04-21 15:25:07 | INFO     | app.recognition.face_recognizer:105 - identify_in_frame cam=3: 0 face(s) detected, 2 track(s)
2026-04-21 15:25:08 | INFO     | app.recognition.face_recognizer:105 - identify_in_frame cam=2: 2 face(s) detected, 1 track(s)
2026-04-21 15:25:08 | INFO     | app.recognition.face_recognizer:204 -   face→track 135: best_id=1024 score=0.2771 (high>=0.5 verified>=0.42 med>=0.37)
2026-04-21 15:25:08 | INFO     | app.recognition.face_recognizer:172 -   face bbox=(342,177,384,226) — no track within 400px
2026-04-21 15:25:09 | INFO     | app.recognition.face_recognizer:105 - identify_in_frame cam=2: 1 face(s) detected, 1 track(s)
2026-04-21 15:25:09 | INFO     | app.recognition.face_recognizer:204 -   face→track 136: best_id=1024 score=0.2110 (high>=0.5 verified>=0.42 med>=0.37)
2026-04-21 15:25:09 | INFO     | app.recognition.face_recognizer:105 - identify_in_frame cam=2: 0 face(s) detected, 2 track(s)
2026-04-21 15:25:09 | INFO     | app.recognition.face_recognizer:105 - identify_in_frame cam=2: 0 face(s) detected, 1 track(s)
2026-04-21 15:25:10 | INFO     | app.recognition.face_recognizer:105 - identify_in_frame cam=2: 0 face(s) detected, 1 track(s)
2026-04-21 15:25:10 | INFO     | app.recognition.face_recognizer:105 - identify_in_frame cam=3: 0 face(s) detected, 2 track(s)
2026-04-21 15:25:11 | INFO     | app.recognition.face_recognizer:105 - identify_in_frame cam=2: 0 face(s) detected, 3 track(s)
2026-04-21 15:25:13 | INFO     | app.recognition.face_recognizer:105 - identify_in_frame cam=3: 0 face(s) detected, 2 track(s)
2026-04-21 15:25:13 | INFO     | app.pipeline.processing_pipeline:523 - Pipeline cam=2: 3.5 fps actual
2026-04-21 15:25:14 | INFO     | app.recognition.face_recognizer:105 - identify_in_frame cam=2: 0 face(s) detected, 3 track(s)
2026-04-21 15:25:15 | INFO     | app.pipeline.processing_pipeline:523 - Pipeline cam=3: 3.8 fps actual
2026-04-21 15:25:15 | INFO     | app.recognition.face_recognizer:105 - identify_in_frame cam=2: 0 face(s) detected, 1 track(s)
2026-04-21 15:25:19 | INFO     | app.pipeline.processing_pipeline:523 - Pipeline cam=2: 5.0 fps actual
2026-04-21 15:25:21 | INFO     | app.pipeline.processing_pipeline:523 - Pipeline cam=3: 4.9 fps actual
2026-04-21 15:25:26 | INFO     | app.pipeline.processing_pipeline:523 - Pipeline cam=2: 4.8 fps actual
2026-04-21 15:25:27 | INFO     | app.pipeline.processing_pipeline:523 - Pipeline cam=3: 4.9 fps actual
2026-04-21 15:25:32 | INFO     | app.pipeline.processing_pipeline:523 - Pipeline cam=2: 4.7 fps actual
2026-04-21 15:25:33 | INFO     | app.pipeline.processing_pipeline:523 - Pipeline cam=3: 4.9 fps actual
2026-04-21 15:25:38 | INFO     | app.pipeline.processing_pipeline:523 - Pipeline cam=2: 4.7 fps actual
2026-04-21 15:25:40 | INFO     | app.pipeline.processing_pipeline:523 - Pipeline cam=3: 4.7 fps actual
2026-04-21 15:25:45 | INFO     | app.pipeline.processing_pipeline:523 - Pipeline cam=2: 4.7 fps actual
2026-04-21 15:25:46 | INFO     | app.pipeline.processing_pipeline:523 - Pipeline cam=3: 4.9 fps actual
2026-04-21 15:25:51 | INFO     | app.pipeline.processing_pipeline:523 - Pipeline cam=2: 4.6 fps actual
2026-04-21 15:25:52 | INFO     | app.pipeline.processing_pipeline:523 - Pipeline cam=3: 4.8 fps actual
2026-04-21 15:25:58 | INFO     | app.pipeline.processing_pipeline:523 - Pipeline cam=2: 4.7 fps actual
2026-04-21 15:25:58 | INFO     | app.pipeline.processing_pipeline:523 - Pipeline cam=3: 4.8 fps actual
2026-04-21 15:26:04 | INFO     | app.pipeline.processing_pipeline:523 - Pipeline cam=2: 4.9 fps actual
2026-04-21 15:26:04 | INFO     | app.pipeline.processing_pipeline:523 - Pipeline cam=3: 4.9 fps actual
2026-04-21 15:26:10 | INFO     | app.pipeline.processing_pipeline:523 - Pipeline cam=2: 4.9 fps actual
2026-04-21 15:26:10 | INFO     | app.pipeline.processing_pipeline:523 - Pipeline cam=3: 4.9 fps actual
2026-04-21 15:26:16 | INFO     | app.recognition.face_recognizer:105 - identify_in_frame cam=2: 1 face(s) detected, 1 track(s)
2026-04-21 15:26:16 | INFO     | app.recognition.face_recognizer:204 -   face→track 137: best_id=1023 score=0.3147 (high>=0.5 verified>=0.42 med>=0.37)
2026-04-21 15:26:16 | INFO     | app.recognition.face_recognizer:105 - identify_in_frame cam=2: 1 face(s) detected, 1 track(s)
2026-04-21 15:26:16 | INFO     | app.recognition.face_recognizer:204 -   face→track 137: best_id=1023 score=0.1795 (high>=0.5 verified>=0.42 med>=0.37)
2026-04-21 15:26:16 | INFO     | app.pipeline.processing_pipeline:523 - Pipeline cam=2: 4.7 fps actual
2026-04-21 15:26:17 | INFO     | app.recognition.face_recognizer:105 - identify_in_frame cam=2: 1 face(s) detected, 1 track(s)
2026-04-21 15:26:17 | INFO     | app.recognition.face_recognizer:204 -   face→track 137: best_id=2028 score=0.2064 (high>=0.5 verified>=0.42 med>=0.37)
2026-04-21 15:26:17 | INFO     | app.pipeline.processing_pipeline:523 - Pipeline cam=3: 4.6 fps actual
2026-04-21 15:26:19 | INFO     | app.recognition.face_recognizer:105 - identify_in_frame cam=2: 0 face(s) detected, 1 track(s)
2026-04-21 15:26:21 | INFO     | app.recognition.face_recognizer:105 - identify_in_frame cam=2: 0 face(s) detected, 1 track(s)
2026-04-21 15:26:23 | INFO     | app.pipeline.processing_pipeline:523 - Pipeline cam=2: 4.9 fps actual
2026-04-21 15:26:23 | INFO     | app.recognition.face_recognizer:105 - identify_in_frame cam=2: 0 face(s) detected, 1 track(s)
2026-04-21 15:26:23 | INFO     | app.pipeline.processing_pipeline:523 - Pipeline cam=3: 4.8 fps actual
2026-04-21 15:26:29 | INFO     | app.pipeline.processing_pipeline:523 - Pipeline cam=2: 4.6 fps actual
2026-04-21 15:26:29 | INFO     | app.pipeline.processing_pipeline:523 - Pipeline cam=3: 4.9 fps actual
2026-04-21 15:26:35 | INFO     | app.pipeline.processing_pipeline:523 - Pipeline cam=2: 4.9 fps actual
2026-04-21 15:26:35 | INFO     | app.pipeline.processing_pipeline:523 - Pipeline cam=3: 4.9 fps actual
2026-04-21 15:26:42 | INFO     | app.pipeline.processing_pipeline:523 - Pipeline cam=2: 4.7 fps actual
2026-04-21 15:26:42 | INFO     | app.pipeline.processing_pipeline:523 - Pipeline cam=3: 4.9 fps actual
2026-04-21 15:26:48 | INFO     | app.pipeline.processing_pipeline:523 - Pipeline cam=2: 4.9 fps actual
2026-04-21 15:26:48 | INFO     | app.pipeline.processing_pipeline:523 - Pipeline cam=3: 4.9 fps actual
2026-04-21 15:26:54 | INFO     | app.pipeline.processing_pipeline:523 - Pipeline cam=3: 4.9 fps actual
2026-04-21 15:26:54 | INFO     | app.pipeline.processing_pipeline:523 - Pipeline cam=2: 4.6 fps actual
2026-04-21 15:27:00 | INFO     | app.pipeline.processing_pipeline:523 - Pipeline cam=3: 4.9 fps actual
2026-04-21 15:27:00 | INFO     | app.pipeline.processing_pipeline:523 - Pipeline cam=2: 4.9 fps actual
2026-04-21 15:27:06 | INFO     | app.pipeline.processing_pipeline:523 - Pipeline cam=2: 4.9 fps actual
2026-04-21 15:27:07 | INFO     | app.pipeline.processing_pipeline:523 - Pipeline cam=3: 4.6 fps actual
2026-04-21 15:27:13 | INFO     | app.pipeline.processing_pipeline:523 - Pipeline cam=2: 4.8 fps actual
2026-04-21 15:27:13 | INFO     | app.pipeline.processing_pipeline:523 - Pipeline cam=3: 4.7 fps actual
2026-04-21 15:27:19 | INFO     | app.pipeline.processing_pipeline:523 - Pipeline cam=2: 4.8 fps actual
2026-04-21 15:27:19 | INFO     | app.pipeline.processing_pipeline:523 - Pipeline cam=3: 4.9 fps actual
2026-04-21 15:27:25 | INFO     | app.pipeline.processing_pipeline:523 - Pipeline cam=2: 4.9 fps actual
2026-04-21 15:27:25 | INFO     | app.pipeline.processing_pipeline:523 - Pipeline cam=3: 4.9 fps actual
2026-04-21 15:27:31 | INFO     | app.pipeline.processing_pipeline:523 - Pipeline cam=2: 4.9 fps actual
2026-04-21 15:27:31 | INFO     | app.pipeline.processing_pipeline:523 - Pipeline cam=3: 4.9 fps actual
2026-04-21 15:27:37 | INFO     | app.pipeline.processing_pipeline:523 - Pipeline cam=2: 4.9 fps actual
2026-04-21 15:27:37 | INFO     | app.pipeline.processing_pipeline:523 - Pipeline cam=3: 4.9 fps actual
2026-04-21 15:27:44 | INFO     | app.pipeline.processing_pipeline:523 - Pipeline cam=2: 4.7 fps actual
2026-04-21 15:27:44 | INFO     | app.pipeline.processing_pipeline:523 - Pipeline cam=3: 4.8 fps actual
2026-04-21 15:27:50 | INFO     | app.pipeline.processing_pipeline:523 - Pipeline cam=2: 4.9 fps actual
2026-04-21 15:27:50 | INFO     | app.pipeline.processing_pipeline:523 - Pipeline cam=3: 4.9 fps actual
2026-04-21 15:27:56 | INFO     | app.pipeline.processing_pipeline:523 - Pipeline cam=2: 4.8 fps actual
2026-04-21 15:27:56 | INFO     | app.pipeline.processing_pipeline:523 - Pipeline cam=3: 4.9 fps actual
2026-04-21 15:28:02 | INFO     | app.pipeline.processing_pipeline:523 - Pipeline cam=2: 4.9 fps actual
2026-04-21 15:28:02 | INFO     | app.pipeline.processing_pipeline:523 - Pipeline cam=3: 4.8 fps actual
2026-04-21 15:28:08 | INFO     | app.pipeline.processing_pipeline:523 - Pipeline cam=2: 4.9 fps actual
2026-04-21 15:28:08 | INFO     | app.pipeline.processing_pipeline:523 - Pipeline cam=3: 4.9 fps actual
2026-04-21 15:28:15 | INFO     | app.pipeline.processing_pipeline:523 - Pipeline cam=3: 4.8 fps actual
2026-04-21 15:28:15 | INFO     | app.pipeline.processing_pipeline:523 - Pipeline cam=2: 4.7 fps actual
2026-04-21 15:28:21 | INFO     | app.pipeline.processing_pipeline:523 - Pipeline cam=2: 5.0 fps actual
2026-04-21 15:28:21 | INFO     | app.pipeline.processing_pipeline:523 - Pipeline cam=3: 4.9 fps actual
2026-04-21 15:28:31 | INFO     | app.pipeline.processing_pipeline:523 - Pipeline cam=3: 3.0 fps actual
2026-04-21 15:28:31 | INFO     | app.pipeline.processing_pipeline:523 - Pipeline cam=2: 3.0 fps actual
2026-04-21 15:28:37 | INFO     | app.pipeline.processing_pipeline:523 - Pipeline cam=2: 4.8 fps actual
2026-04-21 15:28:37 | INFO     | app.pipeline.processing_pipeline:523 - Pipeline cam=3: 4.7 fps actual
2026-04-21 15:28:43 | INFO     | app.pipeline.processing_pipeline:523 - Pipeline cam=2: 4.9 fps actual
2026-04-21 15:28:43 | INFO     | app.pipeline.processing_pipeline:523 - Pipeline cam=3: 4.9 fps actual
2026-04-21 15:28:49 | INFO     | app.pipeline.processing_pipeline:523 - Pipeline cam=2: 4.9 fps actual
2026-04-21 15:28:49 | INFO     | app.pipeline.processing_pipeline:523 - Pipeline cam=3: 4.7 fps actual
2026-04-21 15:28:56 | INFO     | app.pipeline.processing_pipeline:523 - Pipeline cam=3: 4.9 fps actual
2026-04-21 15:28:56 | INFO     | app.pipeline.processing_pipeline:523 - Pipeline cam=2: 4.7 fps actual
2026-04-21 15:29:02 | INFO     | app.pipeline.processing_pipeline:523 - Pipeline cam=2: 4.9 fps actual
2026-04-21 15:29:02 | INFO     | app.pipeline.processing_pipeline:523 - Pipeline cam=3: 4.9 fps actual
2026-04-21 15:29:08 | INFO     | app.pipeline.processing_pipeline:523 - Pipeline cam=3: 4.9 fps actual
2026-04-21 15:29:08 | INFO     | app.pipeline.processing_pipeline:523 - Pipeline cam=2: 4.6 fps actual
2026-04-21 15:29:14 | INFO     | app.pipeline.processing_pipeline:523 - Pipeline cam=3: 4.9 fps actual
2026-04-21 15:29:14 | INFO     | app.pipeline.processing_pipeline:523 - Pipeline cam=2: 4.9 fps actual
2026-04-21 15:29:20 | INFO     | app.pipeline.processing_pipeline:523 - Pipeline cam=3: 4.9 fps actual
2026-04-21 15:29:21 | INFO     | app.pipeline.processing_pipeline:523 - Pipeline cam=2: 4.7 fps actual
2026-04-21 15:29:26 | INFO     | app.pipeline.processing_pipeline:523 - Pipeline cam=3: 4.9 fps actual
2026-04-21 15:29:27 | INFO     | app.pipeline.processing_pipeline:523 - Pipeline cam=2: 4.9 fps actual
2026-04-21 15:29:32 | INFO     | app.pipeline.processing_pipeline:523 - Pipeline cam=3: 4.9 fps actual
2026-04-21 15:29:33 | INFO     | app.pipeline.processing_pipeline:523 - Pipeline cam=2: 4.7 fps actual
2026-04-21 15:29:39 | INFO     | app.pipeline.processing_pipeline:523 - Pipeline cam=3: 4.9 fps actual
2026-04-21 15:29:40 | INFO     | app.pipeline.processing_pipeline:523 - Pipeline cam=2: 4.8 fps actual
2026-04-21 15:29:45 | INFO     | app.pipeline.processing_pipeline:523 - Pipeline cam=3: 4.9 fps actual
2026-04-21 15:29:46 | INFO     | app.pipeline.processing_pipeline:523 - Pipeline cam=2: 4.9 fps actual
2026-04-21 15:29:51 | INFO     | app.pipeline.processing_pipeline:523 - Pipeline cam=3: 4.9 fps actual
2026-04-21 15:29:52 | INFO     | app.pipeline.processing_pipeline:523 - Pipeline cam=2: 4.9 fps actual
2026-04-21 15:29:52 | INFO     | app.recognition.face_recognizer:105 - identify_in_frame cam=2: 0 face(s) detected, 1 track(s)
2026-04-21 15:29:53 | INFO     | app.recognition.face_recognizer:105 - identify_in_frame cam=2: 0 face(s) detected, 1 track(s)
2026-04-21 15:29:53 | INFO     | app.recognition.face_recognizer:105 - identify_in_frame cam=2: 0 face(s) detected, 2 track(s)
2026-04-21 15:29:54 | INFO     | app.recognition.face_recognizer:105 - identify_in_frame cam=2: 0 face(s) detected, 1 track(s)
2026-04-21 15:29:54 | INFO     | app.recognition.face_recognizer:105 - identify_in_frame cam=2: 0 face(s) detected, 1 track(s)
2026-04-21 15:29:55 | INFO     | app.recognition.face_recognizer:105 - identify_in_frame cam=2: 0 face(s) detected, 1 track(s)
2026-04-21 15:29:56 | INFO     | app.recognition.face_recognizer:105 - identify_in_frame cam=3: 1 face(s) detected, 1 track(s)
2026-04-21 15:29:56 | INFO     | app.recognition.face_recognizer:204 -   face→track 56: best_id=1025 score=0.1081 (high>=0.5 verified>=0.42 med>=0.37)
2026-04-21 15:29:57 | INFO     | app.recognition.face_recognizer:105 - identify_in_frame cam=2: 0 face(s) detected, 2 track(s)
2026-04-21 15:29:57 | INFO     | app.recognition.face_recognizer:105 - identify_in_frame cam=3: 1 face(s) detected, 1 track(s)
2026-04-21 15:29:57 | INFO     | app.recognition.face_recognizer:204 -   face→track 56: best_id=1018 score=0.0856 (high>=0.5 verified>=0.42 med>=0.37)
2026-04-21 15:29:57 | INFO     | app.recognition.face_recognizer:105 - identify_in_frame cam=3: 0 face(s) detected, 1 track(s)
2026-04-21 15:29:58 | INFO     | app.pipeline.processing_pipeline:523 - Pipeline cam=3: 4.4 fps actual
2026-04-21 15:29:58 | INFO     | app.recognition.face_recognizer:105 - identify_in_frame cam=3: 0 face(s) detected, 1 track(s)
2026-04-21 15:29:59 | INFO     | app.pipeline.processing_pipeline:523 - Pipeline cam=2: 4.1 fps actual
2026-04-21 15:29:59 | INFO     | app.recognition.face_recognizer:105 - identify_in_frame cam=2: 0 face(s) detected, 2 track(s)
2026-04-21 15:30:00 | INFO     | app.recognition.face_recognizer:105 - identify_in_frame cam=3: 0 face(s) detected, 1 track(s)
2026-04-21 15:30:01 | INFO     | app.recognition.face_recognizer:105 - identify_in_frame cam=2: 0 face(s) detected, 1 track(s)
2026-04-21 15:30:02 | INFO     | app.recognition.face_recognizer:105 - identify_in_frame cam=3: 0 face(s) detected, 1 track(s)
2026-04-21 15:30:04 | INFO     | app.pipeline.processing_pipeline:523 - Pipeline cam=3: 4.9 fps actual
2026-04-21 15:30:06 | INFO     | app.pipeline.processing_pipeline:523 - Pipeline cam=2: 4.7 fps actual
2026-04-21 15:30:10 | INFO     | app.pipeline.processing_pipeline:523 - Pipeline cam=3: 4.9 fps actual
2026-04-21 15:30:12 | INFO     | app.pipeline.processing_pipeline:523 - Pipeline cam=2: 4.8 fps actual
2026-04-21 15:30:16 | INFO     | app.pipeline.processing_pipeline:523 - Pipeline cam=3: 4.9 fps actual
2026-04-21 15:30:18 | INFO     | app.pipeline.processing_pipeline:523 - Pipeline cam=2: 4.8 fps actual
2026-04-21 15:30:22 | INFO     | app.pipeline.processing_pipeline:523 - Pipeline cam=3: 4.9 fps actual
2026-04-21 15:30:24 | INFO     | app.pipeline.processing_pipeline:523 - Pipeline cam=2: 4.8 fps actual
2026-04-21 15:30:28 | INFO     | app.pipeline.processing_pipeline:523 - Pipeline cam=3: 4.9 fps actual
2026-04-21 15:30:31 | INFO     | app.pipeline.processing_pipeline:523 - Pipeline cam=2: 4.7 fps actual
2026-04-21 15:30:35 | INFO     | app.pipeline.processing_pipeline:523 - Pipeline cam=3: 4.9 fps actual
2026-04-21 15:30:37 | INFO     | app.pipeline.processing_pipeline:523 - Pipeline cam=2: 4.7 fps actual
2026-04-21 15:30:41 | INFO     | app.pipeline.processing_pipeline:523 - Pipeline cam=3: 4.9 fps actual
2026-04-21 15:30:44 | INFO     | app.pipeline.processing_pipeline:523 - Pipeline cam=2: 4.7 fps actual
2026-04-21 15:30:44 | INFO     | app.services.alert_service:74 - Alert: hariom missing — last seen 92m ago
2026-04-21 15:30:44 | INFO     | app.services.alert_service:74 - Alert: Himanshi  missing — last seen 89m ago
2026-04-21 15:30:44 | INFO     | app.services.alert_service:74 - Alert: devkanya missing — last seen 88m ago
2026-04-21 15:30:47 | INFO     | app.pipeline.processing_pipeline:523 - Pipeline cam=3: 4.9 fps actual
2026-04-21 15:30:50 | INFO     | app.pipeline.processing_pipeline:523 - Pipeline cam=2: 4.9 fps actual
2026-04-21 15:30:53 | INFO     | app.pipeline.processing_pipeline:523 - Pipeline cam=3: 4.9 fps actual
2026-04-21 15:30:56 | INFO     | app.pipeline.processing_pipeline:523 - Pipeline cam=2: 4.7 fps actual
2026-04-21 15:30:59 | INFO     | app.pipeline.processing_pipeline:523 - Pipeline cam=3: 4.9 fps actual
2026-04-21 15:31:02 | INFO     | app.pipeline.processing_pipeline:523 - Pipeline cam=2: 4.9 fps actual
2026-04-21 15:31:05 | INFO     | app.pipeline.processing_pipeline:523 - Pipeline cam=3: 4.9 fps actual
2026-04-21 15:31:09 | INFO     | app.pipeline.processing_pipeline:523 - Pipeline cam=2: 4.7 fps actual
2026-04-21 15:31:11 | INFO     | app.pipeline.processing_pipeline:523 - Pipeline cam=3: 4.9 fps actual
2026-04-21 15:31:15 | INFO     | app.recognition.face_recognizer:105 - identify_in_frame cam=3: 0 face(s) detected, 1 track(s)
2026-04-21 15:31:15 | INFO     | app.pipeline.processing_pipeline:523 - Pipeline cam=2: 4.7 fps actual
2026-04-21 15:31:15 | INFO     | app.recognition.face_recognizer:105 - identify_in_frame cam=3: 0 face(s) detected, 1 track(s)
2026-04-21 15:31:16 | INFO     | app.recognition.face_recognizer:105 - identify_in_frame cam=3: 0 face(s) detected, 1 track(s)
2026-04-21 15:31:17 | INFO     | app.recognition.face_recognizer:105 - identify_in_frame cam=2: 0 face(s) detected, 1 track(s)
2026-04-21 15:31:18 | INFO     | app.recognition.face_recognizer:105 - identify_in_frame cam=2: 1 face(s) detected, 1 track(s)
2026-04-21 15:31:18 | INFO     | app.recognition.face_recognizer:204 -   face→track 140: best_id=1027 score=0.1691 (high>=0.5 verified>=0.42 med>=0.37)
2026-04-21 15:31:18 | INFO     | app.pipeline.processing_pipeline:523 - Pipeline cam=3: 4.4 fps actual
2026-04-21 15:31:18 | INFO     | app.recognition.face_recognizer:105 - identify_in_frame cam=3: 0 face(s) detected, 1 track(s)
2026-04-21 15:31:19 | INFO     | app.recognition.face_recognizer:105 - identify_in_frame cam=2: 1 face(s) detected, 1 track(s)
2026-04-21 15:31:19 | INFO     | app.recognition.face_recognizer:204 -   face→track 140: best_id=1027 score=0.2877 (high>=0.5 verified>=0.42 med>=0.37)
2026-04-21 15:31:20 | INFO     | app.recognition.face_recognizer:105 - identify_in_frame cam=2: 1 face(s) detected, 1 track(s)
2026-04-21 15:31:20 | INFO     | app.recognition.face_recognizer:204 -   face→track 140: best_id=1023 score=0.1338 (high>=0.5 verified>=0.42 med>=0.37)
2026-04-21 15:31:21 | INFO     | app.recognition.face_recognizer:105 - identify_in_frame cam=3: 0 face(s) detected, 1 track(s)
2026-04-21 15:31:22 | INFO     | app.pipeline.processing_pipeline:523 - Pipeline cam=2: 4.4 fps actual
2026-04-21 15:31:22 | INFO     | app.recognition.face_recognizer:105 - identify_in_frame cam=2: 0 face(s) detected, 1 track(s)
2026-04-21 15:31:23 | INFO     | app.recognition.face_recognizer:105 - identify_in_frame cam=3: 0 face(s) detected, 1 track(s)
2026-04-21 15:31:24 | INFO     | app.recognition.face_recognizer:105 - identify_in_frame cam=2: 0 face(s) detected, 1 track(s)
2026-04-21 15:31:25 | INFO     | app.pipeline.processing_pipeline:523 - Pipeline cam=3: 4.4 fps actual
2026-04-21 15:31:26 | INFO     | app.recognition.face_recognizer:105 - identify_in_frame cam=2: 0 face(s) detected, 1 track(s)
2026-04-21 15:31:28 | INFO     | app.pipeline.processing_pipeline:523 - Pipeline cam=2: 4.6 fps actual
2026-04-21 15:31:31 | INFO     | app.pipeline.processing_pipeline:523 - Pipeline cam=3: 4.9 fps actual
2026-04-21 15:31:34 | INFO     | app.pipeline.processing_pipeline:523 - Pipeline cam=2: 4.9 fps actual
2026-04-21 15:31:37 | INFO     | app.pipeline.processing_pipeline:523 - Pipeline cam=3: 4.9 fps actual
2026-04-21 15:31:40 | INFO     | app.pipeline.processing_pipeline:523 - Pipeline cam=2: 4.9 fps actual
2026-04-21 15:31:43 | INFO     | app.pipeline.processing_pipeline:523 - Pipeline cam=3: 4.9 fps actual
2026-04-21 15:31:47 | INFO     | app.pipeline.processing_pipeline:523 - Pipeline cam=2: 4.8 fps actual
2026-04-21 15:31:49 | INFO     | app.pipeline.processing_pipeline:523 - Pipeline cam=3: 4.9 fps actual
2026-04-21 15:31:53 | INFO     | app.pipeline.processing_pipeline:523 - Pipeline cam=2: 4.9 fps actual
2026-04-21 15:31:56 | INFO     | app.pipeline.processing_pipeline:523 - Pipeline cam=3: 4.9 fps actual
2026-04-21 15:31:59 | INFO     | app.pipeline.processing_pipeline:523 - Pipeline cam=2: 4.9 fps actual
2026-04-21 15:31:59 | INFO     | app.recognition.face_recognizer:105 - identify_in_frame cam=2: 1 face(s) detected, 1 track(s)
2026-04-21 15:31:59 | INFO     | app.recognition.face_recognizer:204 -   face→track 141: best_id=1019 score=0.2375 (high>=0.5 verified>=0.42 med>=0.37)
2026-04-21 15:32:00 | INFO     | app.recognition.face_recognizer:105 - identify_in_frame cam=2: 1 face(s) detected, 1 track(s)
2026-04-21 15:32:00 | INFO     | app.recognition.face_recognizer:204 -   face→track 141: best_id=1024 score=0.1293 (high>=0.5 verified>=0.42 med>=0.37)
2026-04-21 15:32:01 | INFO     | app.recognition.face_recognizer:105 - identify_in_frame cam=2: 0 face(s) detected, 1 track(s)
2026-04-21 15:32:01 | INFO     | app.recognition.face_recognizer:105 - identify_in_frame cam=2: 0 face(s) detected, 1 track(s)
2026-04-21 15:32:02 | INFO     | app.pipeline.processing_pipeline:523 - Pipeline cam=3: 4.7 fps actual
2026-04-21 15:32:03 | INFO     | app.recognition.face_recognizer:105 - identify_in_frame cam=2: 0 face(s) detected, 1 track(s)
2026-04-21 15:32:05 | INFO     | app.pipeline.processing_pipeline:523 - Pipeline cam=2: 4.7 fps actual
2026-04-21 15:32:06 | INFO     | app.recognition.face_recognizer:105 - identify_in_frame cam=2: 0 face(s) detected, 1 track(s)
2026-04-21 15:32:09 | INFO     | app.pipeline.processing_pipeline:523 - Pipeline cam=3: 4.4 fps actual
2026-04-21 15:32:12 | INFO     | app.pipeline.processing_pipeline:523 - Pipeline cam=2: 4.6 fps actual
2026-04-21 15:32:15 | INFO     | app.pipeline.processing_pipeline:523 - Pipeline cam=3: 4.7 fps actual
2026-04-21 15:32:18 | INFO     | app.pipeline.processing_pipeline:523 - Pipeline cam=2: 4.7 fps actual
2026-04-21 15:32:21 | INFO     | app.pipeline.processing_pipeline:523 - Pipeline cam=3: 4.9 fps actual
2026-04-21 15:32:25 | INFO     | app.pipeline.processing_pipeline:523 - Pipeline cam=2: 4.7 fps actual
2026-04-21 15:32:27 | INFO     | app.pipeline.processing_pipeline:523 - Pipeline cam=3: 4.9 fps actual
2026-04-21 15:32:31 | INFO     | app.pipeline.processing_pipeline:523 - Pipeline cam=2: 4.7 fps actual
2026-04-21 15:32:34 | INFO     | app.pipeline.processing_pipeline:523 - Pipeline cam=3: 4.9 fps actual
2026-04-21 15:32:37 | INFO     | app.pipeline.processing_pipeline:523 - Pipeline cam=2: 4.9 fps actual
2026-04-21 15:32:40 | INFO     | app.pipeline.processing_pipeline:523 - Pipeline cam=3: 4.9 fps actual
2026-04-21 15:32:43 | INFO     | app.pipeline.processing_pipeline:523 - Pipeline cam=2: 4.9 fps actual
2026-04-21 15:32:44 | INFO     | app.services.alert_service:74 - Alert: Devrishi Sharma missing — last seen 66m ago
2026-04-21 15:32:46 | INFO     | app.pipeline.processing_pipeline:523 - Pipeline cam=3: 4.9 fps actual
2026-04-21 15:32:48 | INFO     | app.recognition.face_recognizer:105 - identify_in_frame cam=2: 1 face(s) detected, 1 track(s)
2026-04-21 15:32:48 | INFO     | app.recognition.face_recognizer:204 -   face→track 142: best_id=7 score=0.1230 (high>=0.5 verified>=0.42 med>=0.37)
2026-04-21 15:32:49 | INFO     | app.recognition.face_recognizer:105 - identify_in_frame cam=2: 1 face(s) detected, 1 track(s)
2026-04-21 15:32:49 | INFO     | app.recognition.face_recognizer:204 -   face→track 142: best_id=1006 score=0.0873 (high>=0.5 verified>=0.42 med>=0.37)
2026-04-21 15:32:50 | INFO     | app.recognition.face_recognizer:105 - identify_in_frame cam=2: 1 face(s) detected, 1 track(s)
2026-04-21 15:32:50 | INFO     | app.recognition.face_recognizer:204 -   face→track 142: best_id=1024 score=0.1635 (high>=0.5 verified>=0.42 med>=0.37)
2026-04-21 15:32:50 | INFO     | app.pipeline.processing_pipeline:523 - Pipeline cam=2: 4.7 fps actual
2026-04-21 15:32:50 | INFO     | app.recognition.face_recognizer:105 - identify_in_frame cam=2: 0 face(s) detected, 1 track(s)
2026-04-21 15:32:52 | INFO     | app.recognition.face_recognizer:105 - identify_in_frame cam=2: 0 face(s) detected, 1 track(s)
2026-04-21 15:32:52 | INFO     | app.pipeline.processing_pipeline:523 - Pipeline cam=3: 4.7 fps actual
2026-04-21 15:32:54 | INFO     | app.recognition.face_recognizer:105 - identify_in_frame cam=2: 0 face(s) detected, 1 track(s)
2026-04-21 15:32:56 | INFO     | app.pipeline.processing_pipeline:523 - Pipeline cam=2: 4.7 fps actual
2026-04-21 15:32:58 | INFO     | app.pipeline.processing_pipeline:523 - Pipeline cam=3: 5.0 fps actual
2026-04-21 15:33:02 | INFO     | app.pipeline.processing_pipeline:523 - Pipeline cam=2: 4.7 fps actual
2026-04-21 15:33:04 | INFO     | app.pipeline.processing_pipeline:523 - Pipeline cam=3: 4.9 fps actual
2026-04-21 15:33:09 | INFO     | app.pipeline.processing_pipeline:523 - Pipeline cam=2: 4.7 fps actual
2026-04-21 15:33:10 | INFO     | app.pipeline.processing_pipeline:523 - Pipeline cam=3: 4.9 fps actual
2026-04-21 15:33:15 | INFO     | app.pipeline.processing_pipeline:523 - Pipeline cam=2: 4.9 fps actual
2026-04-21 15:33:17 | INFO     | app.pipeline.processing_pipeline:523 - Pipeline cam=3: 4.9 fps actual
2026-04-21 15:33:21 | INFO     | app.pipeline.processing_pipeline:523 - Pipeline cam=2: 4.7 fps actual
2026-04-21 15:33:23 | INFO     | app.pipeline.processing_pipeline:523 - Pipeline cam=3: 4.9 fps actual
2026-04-21 15:33:27 | INFO     | app.pipeline.processing_pipeline:523 - Pipeline cam=2: 4.9 fps actual
2026-04-21 15:33:29 | INFO     | app.pipeline.processing_pipeline:523 - Pipeline cam=3: 4.9 fps actual
2026-04-21 15:33:34 | INFO     | app.pipeline.processing_pipeline:523 - Pipeline cam=2: 4.9 fps actual
2026-04-21 15:33:35 | INFO     | app.pipeline.processing_pipeline:523 - Pipeline cam=3: 4.9 fps actual
2026-04-21 15:33:40 | INFO     | app.pipeline.processing_pipeline:523 - Pipeline cam=2: 4.5 fps actual
2026-04-21 15:33:42 | INFO     | app.pipeline.processing_pipeline:523 - Pipeline cam=3: 4.6 fps actual
2026-04-21 15:33:46 | INFO     | app.pipeline.processing_pipeline:523 - Pipeline cam=2: 4.9 fps actual
2026-04-21 15:33:48 | INFO     | app.pipeline.processing_pipeline:523 - Pipeline cam=3: 4.9 fps actual
2026-04-21 15:33:53 | INFO     | app.pipeline.processing_pipeline:523 - Pipeline cam=2: 4.7 fps actual
2026-04-21 15:33:54 | INFO     | app.pipeline.processing_pipeline:523 - Pipeline cam=3: 4.9 fps actual
2026-04-21 15:33:59 | INFO     | app.pipeline.processing_pipeline:523 - Pipeline cam=2: 4.9 fps actual
2026-04-21 15:33:59 | INFO     | app.recognition.face_recognizer:105 - identify_in_frame cam=2: 1 face(s) detected, 1 track(s)
2026-04-21 15:33:59 | INFO     | app.recognition.face_recognizer:204 -   face→track 144: best_id=1021 score=0.0765 (high>=0.5 verified>=0.42 med>=0.37)
2026-04-21 15:34:00 | INFO     | app.recognition.face_recognizer:105 - identify_in_frame cam=2: 0 face(s) detected, 1 track(s)
2026-04-21 15:34:00 | INFO     | app.pipeline.processing_pipeline:523 - Pipeline cam=3: 4.8 fps actual
2026-04-21 15:34:00 | INFO     | app.recognition.face_recognizer:105 - identify_in_frame cam=2: 0 face(s) detected, 1 track(s)
2026-04-21 15:34:01 | INFO     | app.recognition.face_recognizer:105 - identify_in_frame cam=2: 0 face(s) detected, 1 track(s)
2026-04-21 15:34:03 | INFO     | app.recognition.face_recognizer:105 - identify_in_frame cam=2: 0 face(s) detected, 1 track(s)
2026-04-21 15:34:05 | INFO     | app.pipeline.processing_pipeline:523 - Pipeline cam=2: 4.8 fps actual
2026-04-21 15:34:06 | INFO     | app.recognition.face_recognizer:105 - identify_in_frame cam=2: 0 face(s) detected, 1 track(s)
2026-04-21 15:34:06 | INFO     | app.pipeline.processing_pipeline:523 - Pipeline cam=3: 4.8 fps actual
2026-04-21 15:34:12 | INFO     | app.pipeline.processing_pipeline:523 - Pipeline cam=2: 4.9 fps actual
2026-04-21 15:34:13 | INFO     | app.pipeline.processing_pipeline:523 - Pipeline cam=3: 4.7 fps actual
2026-04-21 15:34:18 | INFO     | app.pipeline.processing_pipeline:523 - Pipeline cam=2: 4.8 fps actual
2026-04-21 15:34:19 | INFO     | app.pipeline.processing_pipeline:523 - Pipeline cam=3: 4.9 fps actual
2026-04-21 15:34:24 | INFO     | app.pipeline.processing_pipeline:523 - Pipeline cam=2: 4.9 fps actual
2026-04-21 15:34:25 | INFO     | app.pipeline.processing_pipeline:523 - Pipeline cam=3: 4.9 fps actual
2026-04-21 15:34:30 | INFO     | app.pipeline.processing_pipeline:523 - Pipeline cam=2: 4.8 fps actual
2026-04-21 15:34:31 | INFO     | app.pipeline.processing_pipeline:523 - Pipeline cam=3: 4.9 fps actual
2026-04-21 15:34:36 | INFO     | app.pipeline.processing_pipeline:523 - Pipeline cam=2: 4.9 fps actual
2026-04-21 15:34:37 | INFO     | app.pipeline.processing_pipeline:523 - Pipeline cam=3: 4.9 fps actual
2026-04-21 15:34:43 | INFO     | app.pipeline.processing_pipeline:523 - Pipeline cam=2: 4.7 fps actual
2026-04-21 15:34:43 | INFO     | app.pipeline.processing_pipeline:523 - Pipeline cam=3: 4.9 fps actual
2026-04-21 15:34:44 | INFO     | app.services.alert_service:74 - Alert: Anjali missing — last seen 25m ago
2026-04-21 15:34:44 | INFO     | app.services.alert_service:74 - Alert: gyanendra missing — last seen 86m ago
2026-04-21 15:34:49 | INFO     | app.pipeline.processing_pipeline:523 - Pipeline cam=2: 4.9 fps actual
2026-04-21 15:34:49 | INFO     | app.pipeline.processing_pipeline:523 - Pipeline cam=3: 4.9 fps actual
2026-04-21 15:34:55 | INFO     | app.pipeline.processing_pipeline:523 - Pipeline cam=2: 4.8 fps actual
2026-04-21 15:34:56 | INFO     | app.pipeline.processing_pipeline:523 - Pipeline cam=3: 4.9 fps actual
2026-04-21 15:35:01 | INFO     | app.pipeline.processing_pipeline:523 - Pipeline cam=2: 4.9 fps actual
2026-04-21 15:35:02 | INFO     | app.pipeline.processing_pipeline:523 - Pipeline cam=3: 4.9 fps actual
2026-04-21 15:35:08 | INFO     | app.pipeline.processing_pipeline:523 - Pipeline cam=2: 4.7 fps actual
2026-04-21 15:35:08 | INFO     | app.pipeline.processing_pipeline:523 - Pipeline cam=3: 4.9 fps actual
2026-04-21 15:35:14 | INFO     | app.pipeline.processing_pipeline:523 - Pipeline cam=2: 4.9 fps actual
2026-04-21 15:35:14 | INFO     | app.pipeline.processing_pipeline:523 - Pipeline cam=3: 4.9 fps actual
2026-04-21 15:35:20 | INFO     | app.pipeline.processing_pipeline:523 - Pipeline cam=2: 4.9 fps actual
2026-04-21 15:35:20 | INFO     | app.pipeline.processing_pipeline:523 - Pipeline cam=3: 4.9 fps actual
2026-04-21 15:35:26 | INFO     | app.pipeline.processing_pipeline:523 - Pipeline cam=3: 4.9 fps actual
2026-04-21 15:35:26 | INFO     | app.pipeline.processing_pipeline:523 - Pipeline cam=2: 4.7 fps actual
2026-04-21 15:35:32 | INFO     | app.pipeline.processing_pipeline:523 - Pipeline cam=3: 4.9 fps actual
2026-04-21 15:35:33 | INFO     | app.pipeline.processing_pipeline:523 - Pipeline cam=2: 4.8 fps actual
2026-04-21 15:35:39 | INFO     | app.pipeline.processing_pipeline:523 - Pipeline cam=3: 4.9 fps actual
2026-04-21 15:35:39 | INFO     | app.pipeline.processing_pipeline:523 - Pipeline cam=2: 4.8 fps actual
2026-04-21 15:35:45 | INFO     | app.pipeline.processing_pipeline:523 - Pipeline cam=3: 4.7 fps actual
2026-04-21 15:35:45 | INFO     | app.pipeline.processing_pipeline:523 - Pipeline cam=2: 4.9 fps actual
2026-04-21 15:35:51 | INFO     | app.pipeline.processing_pipeline:523 - Pipeline cam=3: 4.9 fps actual
2026-04-21 15:35:52 | INFO     | app.pipeline.processing_pipeline:523 - Pipeline cam=2: 4.7 fps actual
2026-04-21 15:35:57 | INFO     | app.pipeline.processing_pipeline:523 - Pipeline cam=3: 4.9 fps actual
2026-04-21 15:35:58 | INFO     | app.pipeline.processing_pipeline:523 - Pipeline cam=2: 4.7 fps actual
2026-04-21 15:36:02 | INFO     | app.recognition.face_recognizer:105 - identify_in_frame cam=2: 0 face(s) detected, 1 track(s)
2026-04-21 15:36:03 | INFO     | app.recognition.face_recognizer:105 - identify_in_frame cam=2: 0 face(s) detected, 1 track(s)
2026-04-21 15:36:03 | INFO     | app.pipeline.processing_pipeline:523 - Pipeline cam=3: 4.9 fps actual
2026-04-21 15:36:04 | INFO     | app.recognition.face_recognizer:105 - identify_in_frame cam=2: 0 face(s) detected, 1 track(s)
2026-04-21 15:36:04 | INFO     | app.pipeline.processing_pipeline:523 - Pipeline cam=2: 4.9 fps actual
2026-04-21 15:36:04 | INFO     | app.recognition.face_recognizer:105 - identify_in_frame cam=2: 0 face(s) detected, 1 track(s)
2026-04-21 15:36:06 | INFO     | app.recognition.face_recognizer:105 - identify_in_frame cam=2: 0 face(s) detected, 1 track(s)
2026-04-21 15:36:08 | INFO     | app.recognition.face_recognizer:105 - identify_in_frame cam=2: 0 face(s) detected, 1 track(s)
2026-04-21 15:36:10 | INFO     | app.pipeline.processing_pipeline:523 - Pipeline cam=3: 4.8 fps actual
2026-04-21 15:36:10 | INFO     | app.pipeline.processing_pipeline:523 - Pipeline cam=2: 4.9 fps actual
2026-04-21 15:36:10 | INFO     | app.recognition.face_recognizer:105 - identify_in_frame cam=2: 0 face(s) detected, 1 track(s)
2026-04-21 15:36:16 | INFO     | app.pipeline.processing_pipeline:523 - Pipeline cam=3: 4.8 fps actual
2026-04-21 15:36:17 | INFO     | app.pipeline.processing_pipeline:523 - Pipeline cam=2: 4.7 fps actual
2026-04-21 15:36:22 | INFO     | app.pipeline.processing_pipeline:523 - Pipeline cam=3: 4.8 fps actual
2026-04-21 15:36:23 | INFO     | app.pipeline.processing_pipeline:523 - Pipeline cam=2: 4.9 fps actual
2026-04-21 15:36:28 | INFO     | app.pipeline.processing_pipeline:523 - Pipeline cam=3: 4.9 fps actual
2026-04-21 15:36:29 | INFO     | app.pipeline.processing_pipeline:523 - Pipeline cam=2: 4.9 fps actual
2026-04-21 15:36:34 | INFO     | app.pipeline.processing_pipeline:523 - Pipeline cam=3: 4.9 fps actual
2026-04-21 15:36:35 | INFO     | app.pipeline.processing_pipeline:523 - Pipeline cam=2: 4.7 fps actual
2026-04-21 15:36:40 | INFO     | app.pipeline.processing_pipeline:523 - Pipeline cam=3: 4.9 fps actual
2026-04-21 15:36:41 | INFO     | app.pipeline.processing_pipeline:523 - Pipeline cam=2: 4.7 fps actual
2026-04-21 15:36:47 | INFO     | app.pipeline.processing_pipeline:523 - Pipeline cam=3: 4.9 fps actual
2026-04-21 15:36:48 | INFO     | app.pipeline.processing_pipeline:523 - Pipeline cam=2: 4.9 fps actual
2026-04-21 15:36:53 | INFO     | app.pipeline.processing_pipeline:523 - Pipeline cam=3: 4.9 fps actual
2026-04-21 15:36:54 | INFO     | app.pipeline.processing_pipeline:523 - Pipeline cam=2: 4.7 fps actual
2026-04-21 15:36:59 | INFO     | app.pipeline.processing_pipeline:523 - Pipeline cam=3: 4.7 fps actual
2026-04-21 15:37:00 | INFO     | app.pipeline.processing_pipeline:523 - Pipeline cam=2: 4.9 fps actual
2026-04-21 15:37:00 | INFO     | app.recognition.face_recognizer:105 - identify_in_frame cam=2: 0 face(s) detected, 1 track(s)
2026-04-21 15:37:01 | INFO     | app.recognition.face_recognizer:105 - identify_in_frame cam=2: 0 face(s) detected, 1 track(s)
2026-04-21 15:37:02 | INFO     | app.recognition.face_recognizer:105 - identify_in_frame cam=2: 0 face(s) detected, 1 track(s)
2026-04-21 15:37:03 | INFO     | app.recognition.face_recognizer:105 - identify_in_frame cam=2: 0 face(s) detected, 1 track(s)
2026-04-21 15:37:05 | INFO     | app.recognition.face_recognizer:105 - identify_in_frame cam=2: 0 face(s) detected, 1 track(s)
2026-04-21 15:37:06 | INFO     | app.pipeline.processing_pipeline:523 - Pipeline cam=3: 4.5 fps actual
2026-04-21 15:37:07 | INFO     | app.pipeline.processing_pipeline:523 - Pipeline cam=2: 4.6 fps actual
2026-04-21 15:37:07 | INFO     | app.recognition.face_recognizer:105 - identify_in_frame cam=2: 0 face(s) detected, 1 track(s)
2026-04-21 15:37:12 | INFO     | app.pipeline.processing_pipeline:523 - Pipeline cam=3: 4.9 fps actual
2026-04-21 15:37:13 | INFO     | app.pipeline.processing_pipeline:523 - Pipeline cam=2: 4.7 fps actual
2026-04-21 15:37:18 | INFO     | app.pipeline.processing_pipeline:523 - Pipeline cam=3: 4.9 fps actual
2026-04-21 15:37:19 | INFO     | app.pipeline.processing_pipeline:523 - Pipeline cam=2: 4.9 fps actual
2026-04-21 15:37:24 | INFO     | app.pipeline.processing_pipeline:523 - Pipeline cam=3: 4.9 fps actual
2026-04-21 15:37:26 | INFO     | app.pipeline.processing_pipeline:523 - Pipeline cam=2: 4.7 fps actual
2026-04-21 15:37:30 | INFO     | app.pipeline.processing_pipeline:523 - Pipeline cam=3: 4.9 fps actual
2026-04-21 15:37:32 | INFO     | app.pipeline.processing_pipeline:523 - Pipeline cam=2: 4.7 fps actual
2026-04-21 15:37:37 | INFO     | app.pipeline.processing_pipeline:523 - Pipeline cam=3: 4.6 fps actual
2026-04-21 15:37:38 | INFO     | app.pipeline.processing_pipeline:523 - Pipeline cam=2: 4.7 fps actual
2026-04-21 15:37:43 | INFO     | app.pipeline.processing_pipeline:523 - Pipeline cam=3: 4.9 fps actual
2026-04-21 15:37:45 | INFO     | app.pipeline.processing_pipeline:523 - Pipeline cam=2: 4.7 fps actual
2026-04-21 15:37:49 | INFO     | app.pipeline.processing_pipeline:523 - Pipeline cam=3: 4.9 fps actual
2026-04-21 15:37:51 | INFO     | app.pipeline.processing_pipeline:523 - Pipeline cam=2: 4.8 fps actual
2026-04-21 15:37:55 | INFO     | app.pipeline.processing_pipeline:523 - Pipeline cam=3: 4.9 fps actual
2026-04-21 15:37:57 | INFO     | app.pipeline.processing_pipeline:523 - Pipeline cam=2: 4.7 fps actual
2026-04-21 15:37:59 | INFO     | app.recognition.face_recognizer:105 - identify_in_frame cam=2: 0 face(s) detected, 1 track(s)
2026-04-21 15:38:00 | INFO     | app.recognition.face_recognizer:105 - identify_in_frame cam=2: 0 face(s) detected, 1 track(s)
2026-04-21 15:38:01 | INFO     | app.recognition.face_recognizer:105 - identify_in_frame cam=2: 0 face(s) detected, 1 track(s)
2026-04-21 15:38:02 | INFO     | app.recognition.face_recognizer:105 - identify_in_frame cam=2: 0 face(s) detected, 1 track(s)
2026-04-21 15:38:02 | INFO     | app.pipeline.processing_pipeline:523 - Pipeline cam=3: 4.6 fps actual
2026-04-21 15:38:04 | INFO     | app.pipeline.processing_pipeline:523 - Pipeline cam=2: 4.6 fps actual
2026-04-21 15:38:04 | INFO     | app.recognition.face_recognizer:105 - identify_in_frame cam=2: 0 face(s) detected, 1 track(s)
2026-04-21 15:38:06 | INFO     | app.recognition.face_recognizer:105 - identify_in_frame cam=2: 0 face(s) detected, 1 track(s)
2026-04-21 15:38:08 | INFO     | app.pipeline.processing_pipeline:523 - Pipeline cam=3: 5.0 fps actual
2026-04-21 15:38:10 | INFO     | app.pipeline.processing_pipeline:523 - Pipeline cam=2: 4.9 fps actual
2026-04-21 15:38:14 | INFO     | app.pipeline.processing_pipeline:523 - Pipeline cam=3: 4.9 fps actual
2026-04-21 15:38:16 | INFO     | app.pipeline.processing_pipeline:523 - Pipeline cam=2: 4.9 fps actual
2026-04-21 15:38:20 | INFO     | app.pipeline.processing_pipeline:523 - Pipeline cam=3: 4.9 fps actual
2026-04-21 15:38:22 | INFO     | app.pipeline.processing_pipeline:523 - Pipeline cam=2: 4.9 fps actual
2026-04-21 15:38:26 | INFO     | app.pipeline.processing_pipeline:523 - Pipeline cam=3: 4.9 fps actual
2026-04-21 15:38:29 | INFO     | app.pipeline.processing_pipeline:523 - Pipeline cam=2: 4.7 fps actual
2026-04-21 15:38:33 | INFO     | app.pipeline.processing_pipeline:523 - Pipeline cam=3: 4.9 fps actual
2026-04-21 15:38:35 | INFO     | app.pipeline.processing_pipeline:523 - Pipeline cam=2: 4.7 fps actual
2026-04-21 15:38:39 | INFO     | app.pipeline.processing_pipeline:523 - Pipeline cam=3: 4.9 fps actual
2026-04-21 15:38:41 | INFO     | app.pipeline.processing_pipeline:523 - Pipeline cam=2: 4.9 fps actual
2026-04-21 15:38:42 | INFO     | app.recognition.face_recognizer:105 - identify_in_frame cam=2: 0 face(s) detected, 1 track(s)
2026-04-21 15:38:42 | INFO     | app.recognition.face_recognizer:105 - identify_in_frame cam=2: 0 face(s) detected, 1 track(s)
2026-04-21 15:38:43 | INFO     | app.recognition.face_recognizer:105 - identify_in_frame cam=2: 0 face(s) detected, 1 track(s)
2026-04-21 15:38:44 | INFO     | app.recognition.face_recognizer:105 - identify_in_frame cam=2: 0 face(s) detected, 1 track(s)
2026-04-21 15:38:45 | INFO     | app.recognition.face_recognizer:105 - identify_in_frame cam=3: 0 face(s) detected, 1 track(s)
2026-04-21 15:38:45 | INFO     | app.pipeline.processing_pipeline:523 - Pipeline cam=3: 4.7 fps actual
2026-04-21 15:38:45 | INFO     | app.recognition.face_recognizer:105 - identify_in_frame cam=3: 0 face(s) detected, 1 track(s)
2026-04-21 15:38:46 | INFO     | app.recognition.face_recognizer:105 - identify_in_frame cam=2: 0 face(s) detected, 1 track(s)
2026-04-21 15:38:46 | INFO     | app.recognition.face_recognizer:105 - identify_in_frame cam=3: 0 face(s) detected, 1 track(s)
2026-04-21 15:38:48 | INFO     | app.recognition.face_recognizer:105 - identify_in_frame cam=3: 1 face(s) detected, 1 track(s)
2026-04-21 15:38:48 | INFO     | app.recognition.face_recognizer:204 -   face→track 58: best_id=1010 score=0.1060 (high>=0.5 verified>=0.42 med>=0.37)
2026-04-21 15:38:48 | INFO     | app.pipeline.processing_pipeline:523 - Pipeline cam=2: 4.4 fps actual
2026-04-21 15:38:48 | INFO     | app.recognition.face_recognizer:105 - identify_in_frame cam=2: 0 face(s) detected, 1 track(s)
2026-04-21 15:38:50 | INFO     | app.recognition.face_recognizer:105 - identify_in_frame cam=3: 0 face(s) detected, 1 track(s)
2026-04-21 15:38:50 | INFO     | app.recognition.face_recognizer:105 - identify_in_frame cam=2: 0 face(s) detected, 1 track(s)
2026-04-21 15:38:52 | INFO     | app.pipeline.processing_pipeline:523 - Pipeline cam=3: 4.5 fps actual
2026-04-21 15:38:52 | INFO     | app.recognition.face_recognizer:105 - identify_in_frame cam=3: 0 face(s) detected, 1 track(s)
2026-04-21 15:38:52 | INFO     | app.recognition.face_recognizer:105 - identify_in_frame cam=2: 0 face(s) detected, 1 track(s)
2026-04-21 15:38:54 | INFO     | app.recognition.face_recognizer:105 - identify_in_frame cam=3: 0 face(s) detected, 1 track(s)
2026-04-21 15:38:54 | INFO     | app.pipeline.processing_pipeline:523 - Pipeline cam=2: 4.8 fps actual
2026-04-21 15:38:58 | INFO     | app.pipeline.processing_pipeline:523 - Pipeline cam=3: 4.7 fps actual
2026-04-21 15:39:00 | INFO     | app.pipeline.processing_pipeline:523 - Pipeline cam=2: 4.8 fps actual
2026-04-21 15:39:04 | INFO     | app.pipeline.processing_pipeline:523 - Pipeline cam=3: 4.9 fps actual
2026-04-21 15:39:08 | INFO     | app.pipeline.processing_pipeline:523 - Pipeline cam=2: 3.9 fps actual
2026-04-21 15:39:12 | INFO     | app.pipeline.processing_pipeline:523 - Pipeline cam=3: 4.1 fps actual
2026-04-21 15:39:14 | INFO     | app.pipeline.processing_pipeline:523 - Pipeline cam=2: 4.8 fps actual
2026-04-21 15:39:18 | INFO     | app.pipeline.processing_pipeline:523 - Pipeline cam=3: 4.9 fps actual
2026-04-21 15:39:21 | INFO     | app.pipeline.processing_pipeline:523 - Pipeline cam=2: 4.7 fps actual
2026-04-21 15:39:24 | INFO     | app.pipeline.processing_pipeline:523 - Pipeline cam=3: 4.9 fps actual
2026-04-21 15:39:27 | INFO     | app.pipeline.processing_pipeline:523 - Pipeline cam=2: 4.9 fps actual
2026-04-21 15:39:30 | INFO     | app.pipeline.processing_pipeline:523 - Pipeline cam=3: 4.8 fps actual
2026-04-21 15:39:33 | INFO     | app.pipeline.processing_pipeline:523 - Pipeline cam=2: 4.9 fps actual
2026-04-21 15:39:36 | INFO     | app.pipeline.processing_pipeline:523 - Pipeline cam=3: 4.9 fps actual
2026-04-21 15:39:39 | INFO     | app.pipeline.processing_pipeline:523 - Pipeline cam=2: 4.7 fps actual
2026-04-21 15:39:42 | INFO     | app.pipeline.processing_pipeline:523 - Pipeline cam=3: 4.9 fps actual
2026-04-21 15:39:45 | INFO     | app.pipeline.processing_pipeline:523 - Pipeline cam=2: 4.9 fps actual
2026-04-21 15:39:49 | INFO     | app.pipeline.processing_pipeline:523 - Pipeline cam=3: 4.9 fps actual
2026-04-21 15:39:52 | INFO     | app.pipeline.processing_pipeline:523 - Pipeline cam=2: 4.7 fps actual
2026-04-21 15:39:55 | INFO     | app.pipeline.processing_pipeline:523 - Pipeline cam=3: 4.9 fps actual
2026-04-21 15:39:58 | INFO     | app.pipeline.processing_pipeline:523 - Pipeline cam=2: 4.9 fps actual
2026-04-21 15:40:01 | INFO     | app.pipeline.processing_pipeline:523 - Pipeline cam=3: 4.9 fps actual
2026-04-21 15:40:04 | INFO     | app.pipeline.processing_pipeline:523 - Pipeline cam=2: 4.7 fps actual
2026-04-21 15:40:07 | INFO     | app.pipeline.processing_pipeline:523 - Pipeline cam=3: 4.9 fps actual
2026-04-21 15:40:10 | INFO     | app.pipeline.processing_pipeline:523 - Pipeline cam=2: 4.9 fps actual
2026-04-21 15:40:13 | INFO     | app.pipeline.processing_pipeline:523 - Pipeline cam=3: 4.9 fps actual
2026-04-21 15:40:17 | INFO     | app.pipeline.processing_pipeline:523 - Pipeline cam=2: 4.7 fps actual
2026-04-21 15:40:19 | INFO     | app.pipeline.processing_pipeline:523 - Pipeline cam=3: 4.9 fps actual
2026-04-21 15:40:23 | INFO     | app.pipeline.processing_pipeline:523 - Pipeline cam=2: 4.9 fps actual
2026-04-21 15:40:25 | INFO     | app.pipeline.processing_pipeline:523 - Pipeline cam=3: 4.9 fps actual
2026-04-21 15:40:29 | INFO     | app.pipeline.processing_pipeline:523 - Pipeline cam=2: 4.9 fps actual
2026-04-21 15:40:31 | INFO     | app.pipeline.processing_pipeline:523 - Pipeline cam=3: 4.9 fps actual
2026-04-21 15:40:35 | INFO     | app.pipeline.processing_pipeline:523 - Pipeline cam=2: 4.7 fps actual
2026-04-21 15:40:38 | INFO     | app.pipeline.processing_pipeline:523 - Pipeline cam=3: 4.9 fps actual
2026-04-21 15:40:42 | INFO     | app.pipeline.processing_pipeline:523 - Pipeline cam=2: 4.7 fps actual
2026-04-21 15:40:44 | INFO     | app.services.alert_service:74 - Alert: hariom missing — last seen 102m ago
2026-04-21 15:40:44 | INFO     | app.services.alert_service:74 - Alert: Himanshi  missing — last seen 99m ago
2026-04-21 15:40:44 | INFO     | app.services.alert_service:74 - Alert: devkanya missing — last seen 98m ago
2026-04-21 15:40:44 | INFO     | app.pipeline.processing_pipeline:523 - Pipeline cam=3: 4.9 fps actual
2026-04-21 15:40:48 | INFO     | app.pipeline.processing_pipeline:523 - Pipeline cam=2: 4.4 fps actual
2026-04-21 15:40:50 | INFO     | app.pipeline.processing_pipeline:523 - Pipeline cam=3: 4.9 fps actual
2026-04-21 15:40:55 | INFO     | app.pipeline.processing_pipeline:523 - Pipeline cam=2: 4.9 fps actual
2026-04-21 15:40:56 | INFO     | app.pipeline.processing_pipeline:523 - Pipeline cam=3: 4.9 fps actual
2026-04-21 15:41:01 | INFO     | app.pipeline.processing_pipeline:523 - Pipeline cam=2: 4.9 fps actual
2026-04-21 15:41:02 | INFO     | app.pipeline.processing_pipeline:523 - Pipeline cam=3: 4.9 fps actual
2026-04-21 15:41:07 | INFO     | app.pipeline.processing_pipeline:523 - Pipeline cam=2: 4.9 fps actual
2026-04-21 15:41:08 | INFO     | app.pipeline.processing_pipeline:523 - Pipeline cam=3: 4.9 fps actual
2026-04-21 15:41:13 | INFO     | app.pipeline.processing_pipeline:523 - Pipeline cam=2: 4.8 fps actual
2026-04-21 15:41:15 | INFO     | app.pipeline.processing_pipeline:523 - Pipeline cam=3: 4.9 fps actual
2026-04-21 15:41:19 | INFO     | app.pipeline.processing_pipeline:523 - Pipeline cam=2: 4.9 fps actual
2026-04-21 15:41:21 | INFO     | app.pipeline.processing_pipeline:523 - Pipeline cam=3: 4.9 fps actual
2026-04-21 15:41:25 | INFO     | app.pipeline.processing_pipeline:523 - Pipeline cam=2: 4.7 fps actual
2026-04-21 15:41:27 | INFO     | app.pipeline.processing_pipeline:523 - Pipeline cam=3: 4.9 fps actual
2026-04-21 15:41:33 | INFO     | app.pipeline.processing_pipeline:523 - Pipeline cam=3: 4.8 fps actual
2026-04-21 15:41:33 | INFO     | app.pipeline.processing_pipeline:523 - Pipeline cam=2: 3.8 fps actual
2026-04-21 15:41:40 | INFO     | app.pipeline.processing_pipeline:523 - Pipeline cam=3: 4.6 fps actual
2026-04-21 15:41:40 | INFO     | app.pipeline.processing_pipeline:523 - Pipeline cam=2: 4.2 fps actual
2026-04-21 15:41:46 | INFO     | app.pipeline.processing_pipeline:523 - Pipeline cam=3: 4.9 fps actual
2026-04-21 15:41:47 | INFO     | app.pipeline.processing_pipeline:523 - Pipeline cam=2: 4.7 fps actual
2026-04-21 15:41:48 | INFO     | app.recognition.face_recognizer:105 - identify_in_frame cam=2: 0 face(s) detected, 1 track(s)
2026-04-21 15:41:49 | INFO     | app.recognition.face_recognizer:105 - identify_in_frame cam=2: 0 face(s) detected, 1 track(s)
2026-04-21 15:41:49 | INFO     | app.recognition.face_recognizer:105 - identify_in_frame cam=2: 0 face(s) detected, 2 track(s)
2026-04-21 15:41:51 | INFO     | app.recognition.face_recognizer:105 - identify_in_frame cam=2: 0 face(s) detected, 1 track(s)
2026-04-21 15:41:52 | INFO     | app.recognition.face_recognizer:105 - identify_in_frame cam=2: 0 face(s) detected, 1 track(s)
2026-04-21 15:41:53 | INFO     | app.recognition.face_recognizer:105 - identify_in_frame cam=2: 0 face(s) detected, 2 track(s)
2026-04-21 15:41:54 | INFO     | app.pipeline.processing_pipeline:523 - Pipeline cam=3: 3.9 fps actual
2026-04-21 15:41:54 | INFO     | app.recognition.face_recognizer:105 - identify_in_frame cam=3: 2 face(s) detected, 1 track(s)
2026-04-21 15:41:55 | INFO     | app.recognition.face_recognizer:105 - identify_in_frame cam=3: 1 face(s) detected, 2 track(s)
2026-04-21 15:41:55 | INFO     | app.pipeline.processing_pipeline:523 - Pipeline cam=2: 3.5 fps actual
2026-04-21 15:41:56 | INFO     | app.recognition.face_recognizer:105 - identify_in_frame cam=2: 0 face(s) detected, 2 track(s)
2026-04-21 15:41:57 | INFO     | app.recognition.face_recognizer:105 - identify_in_frame cam=3: 0 face(s) detected, 2 track(s)
2026-04-21 15:41:57 | INFO     | app.recognition.face_recognizer:105 - identify_in_frame cam=3: 0 face(s) detected, 2 track(s)
2026-04-21 15:41:58 | INFO     | app.recognition.face_recognizer:105 - identify_in_frame cam=3: 0 face(s) detected, 2 track(s)
2026-04-21 15:41:59 | INFO     | app.recognition.face_recognizer:105 - identify_in_frame cam=3: 0 face(s) detected, 1 track(s)
2026-04-21 15:41:59 | INFO     | app.recognition.face_recognizer:105 - identify_in_frame cam=2: 0 face(s) detected, 1 track(s)
2026-04-21 15:41:59 | INFO     | app.recognition.face_recognizer:105 - identify_in_frame cam=3: 0 face(s) detected, 1 track(s)
2026-04-21 15:42:00 | INFO     | app.recognition.face_recognizer:105 - identify_in_frame cam=3: 0 face(s) detected, 3 track(s)
2026-04-21 15:42:01 | INFO     | app.recognition.face_recognizer:105 - identify_in_frame cam=2: 0 face(s) detected, 1 track(s)
2026-04-21 15:42:02 | INFO     | app.pipeline.processing_pipeline:523 - Pipeline cam=3: 3.4 fps actual
2026-04-21 15:42:03 | INFO     | app.recognition.face_recognizer:105 - identify_in_frame cam=3: 0 face(s) detected, 2 track(s)
2026-04-21 15:42:03 | INFO     | app.pipeline.processing_pipeline:523 - Pipeline cam=2: 3.8 fps actual
2026-04-21 15:42:09 | INFO     | app.pipeline.processing_pipeline:523 - Pipeline cam=3: 4.9 fps actual
2026-04-21 15:42:09 | INFO     | app.pipeline.processing_pipeline:523 - Pipeline cam=2: 4.8 fps actual
2026-04-21 15:42:15 | INFO     | app.pipeline.processing_pipeline:523 - Pipeline cam=3: 4.7 fps actual
2026-04-21 15:42:16 | INFO     | app.pipeline.processing_pipeline:523 - Pipeline cam=2: 4.6 fps actual
2026-04-21 15:42:21 | INFO     | app.pipeline.processing_pipeline:523 - Pipeline cam=3: 4.8 fps actual
2026-04-21 15:42:22 | INFO     | app.pipeline.processing_pipeline:523 - Pipeline cam=2: 4.8 fps actual
2026-04-21 15:42:28 | INFO     | app.pipeline.processing_pipeline:523 - Pipeline cam=3: 4.6 fps actual
2026-04-21 15:42:29 | INFO     | app.pipeline.processing_pipeline:523 - Pipeline cam=2: 4.8 fps actual
2026-04-21 15:42:34 | INFO     | app.pipeline.processing_pipeline:523 - Pipeline cam=3: 4.9 fps actual
2026-04-21 15:42:35 | INFO     | app.pipeline.processing_pipeline:523 - Pipeline cam=2: 4.8 fps actual
2026-04-21 15:42:40 | INFO     | app.pipeline.processing_pipeline:523 - Pipeline cam=3: 4.9 fps actual
2026-04-21 15:42:41 | INFO     | app.pipeline.processing_pipeline:523 - Pipeline cam=2: 4.9 fps actual
2026-04-21 15:42:44 | INFO     | app.services.alert_service:74 - Alert: Devrishi Sharma missing — last seen 76m ago
2026-04-21 15:42:47 | INFO     | app.pipeline.processing_pipeline:523 - Pipeline cam=3: 4.7 fps actual
2026-04-21 15:42:47 | INFO     | app.pipeline.processing_pipeline:523 - Pipeline cam=2: 4.7 fps actual
2026-04-21 15:42:53 | INFO     | app.pipeline.processing_pipeline:523 - Pipeline cam=3: 4.9 fps actual
2026-04-21 15:42:54 | INFO     | app.pipeline.processing_pipeline:523 - Pipeline cam=2: 4.7 fps actual
2026-04-21 15:42:59 | INFO     | app.pipeline.processing_pipeline:523 - Pipeline cam=3: 4.8 fps actual
2026-04-21 15:43:00 | INFO     | app.pipeline.processing_pipeline:523 - Pipeline cam=2: 4.9 fps actual
2026-04-21 15:43:05 | INFO     | app.pipeline.processing_pipeline:523 - Pipeline cam=3: 4.9 fps actual
2026-04-21 15:43:06 | INFO     | app.pipeline.processing_pipeline:523 - Pipeline cam=2: 4.8 fps actual
2026-04-21 15:43:11 | INFO     | app.pipeline.processing_pipeline:523 - Pipeline cam=3: 4.9 fps actual
2026-04-21 15:43:12 | INFO     | app.pipeline.processing_pipeline:523 - Pipeline cam=2: 4.9 fps actual
2026-04-21 15:43:17 | INFO     | app.pipeline.processing_pipeline:523 - Pipeline cam=3: 4.9 fps actual
2026-04-21 15:43:18 | INFO     | app.pipeline.processing_pipeline:523 - Pipeline cam=2: 4.9 fps actual
2026-04-21 15:43:23 | INFO     | app.pipeline.processing_pipeline:523 - Pipeline cam=3: 4.9 fps actual
2026-04-21 15:43:24 | INFO     | app.pipeline.processing_pipeline:523 - Pipeline cam=2: 4.9 fps actual
2026-04-21 15:43:30 | INFO     | app.pipeline.processing_pipeline:523 - Pipeline cam=3: 4.9 fps actual
2026-04-21 15:43:31 | INFO     | app.pipeline.processing_pipeline:523 - Pipeline cam=2: 4.9 fps actual
2026-04-21 15:43:36 | INFO     | app.pipeline.processing_pipeline:523 - Pipeline cam=3: 4.9 fps actual
2026-04-21 15:43:37 | INFO     | app.pipeline.processing_pipeline:523 - Pipeline cam=2: 4.6 fps actual
2026-04-21 15:43:42 | INFO     | app.pipeline.processing_pipeline:523 - Pipeline cam=3: 4.9 fps actual
2026-04-21 15:43:43 | INFO     | app.pipeline.processing_pipeline:523 - Pipeline cam=2: 4.8 fps actual
2026-04-21 15:43:48 | INFO     | app.pipeline.processing_pipeline:523 - Pipeline cam=3: 4.9 fps actual
2026-04-21 15:43:49 | INFO     | app.pipeline.processing_pipeline:523 - Pipeline cam=2: 4.9 fps actual
2026-04-21 15:43:54 | INFO     | app.pipeline.processing_pipeline:523 - Pipeline cam=3: 4.8 fps actual
2026-04-21 15:43:56 | INFO     | app.pipeline.processing_pipeline:523 - Pipeline cam=2: 4.7 fps actual
2026-04-21 15:44:01 | INFO     | app.pipeline.processing_pipeline:523 - Pipeline cam=3: 4.7 fps actual
2026-04-21 15:44:02 | INFO     | app.pipeline.processing_pipeline:523 - Pipeline cam=2: 4.9 fps actual
2026-04-21 15:44:07 | INFO     | app.pipeline.processing_pipeline:523 - Pipeline cam=3: 4.9 fps actual
2026-04-21 15:44:09 | INFO     | app.pipeline.processing_pipeline:523 - Pipeline cam=2: 4.3 fps actual
2026-04-21 15:44:13 | INFO     | app.pipeline.processing_pipeline:523 - Pipeline cam=3: 4.9 fps actual
2026-04-21 15:44:15 | INFO     | app.pipeline.processing_pipeline:523 - Pipeline cam=2: 4.9 fps actual
2026-04-21 15:44:19 | INFO     | app.pipeline.processing_pipeline:523 - Pipeline cam=3: 4.9 fps actual
2026-04-21 15:44:21 | INFO     | app.pipeline.processing_pipeline:523 - Pipeline cam=2: 4.7 fps actual
2026-04-21 15:44:25 | INFO     | app.pipeline.processing_pipeline:523 - Pipeline cam=3: 4.8 fps actual
2026-04-21 15:44:28 | INFO     | app.pipeline.processing_pipeline:523 - Pipeline cam=2: 4.7 fps actual
2026-04-21 15:44:31 | INFO     | app.pipeline.processing_pipeline:523 - Pipeline cam=3: 5.0 fps actual
2026-04-21 15:44:34 | INFO     | app.pipeline.processing_pipeline:523 - Pipeline cam=2: 5.0 fps actual
2026-04-21 15:44:37 | INFO     | app.pipeline.processing_pipeline:523 - Pipeline cam=3: 4.8 fps actual
2026-04-21 15:44:40 | INFO     | app.pipeline.processing_pipeline:523 - Pipeline cam=2: 4.8 fps actual
2026-04-21 15:44:44 | INFO     | app.pipeline.processing_pipeline:523 - Pipeline cam=3: 4.8 fps actual
2026-04-21 15:44:44 | INFO     | app.services.alert_service:74 - Alert: Anjali missing — last seen 35m ago
2026-04-21 15:44:44 | INFO     | app.services.alert_service:74 - Alert: gyanendra missing — last seen 96m ago
2026-04-21 15:44:46 | INFO     | app.pipeline.processing_pipeline:523 - Pipeline cam=2: 4.7 fps actual
2026-04-21 15:44:47 | INFO     | app.recognition.face_recognizer:105 - identify_in_frame cam=2: 1 face(s) detected, 1 track(s)
2026-04-21 15:44:49 | INFO     | app.recognition.face_recognizer:105 - identify_in_frame cam=2: 1 face(s) detected, 1 track(s)
2026-04-21 15:44:50 | INFO     | app.recognition.face_recognizer:105 - identify_in_frame cam=2: 1 face(s) detected, 1 track(s)
2026-04-21 15:44:50 | INFO     | app.recognition.face_recognizer:204 -   face→track 153: best_id=1013 score=0.1445 (high>=0.5 verified>=0.42 med>=0.37)
2026-04-21 15:44:51 | INFO     | app.recognition.face_recognizer:105 - identify_in_frame cam=2: 1 face(s) detected, 1 track(s)
2026-04-21 15:44:54 | INFO     | app.pipeline.processing_pipeline:523 - Pipeline cam=3: 2.9 fps actual
2026-04-21 15:44:55 | INFO     | app.recognition.face_recognizer:105 - identify_in_frame cam=2: 1 face(s) detected, 1 track(s)
2026-04-21 15:44:58 | INFO     | app.pipeline.processing_pipeline:523 - Pipeline cam=2: 2.7 fps actual
2026-04-21 15:44:58 | INFO     | app.recognition.face_recognizer:105 - identify_in_frame cam=2: 0 face(s) detected, 1 track(s)
2026-04-21 15:45:00 | INFO     | app.recognition.face_recognizer:105 - identify_in_frame cam=2: 0 face(s) detected, 1 track(s)
2026-04-21 15:45:02 | INFO     | app.pipeline.processing_pipeline:523 - Pipeline cam=3: 3.9 fps actual
2026-04-21 15:45:02 | INFO     | app.recognition.face_recognizer:105 - identify_in_frame cam=2: 0 face(s) detected, 1 track(s)
2026-04-21 15:45:04 | INFO     | app.pipeline.processing_pipeline:523 - Pipeline cam=2: 4.5 fps actual
2026-04-21 15:45:05 | INFO     | app.recognition.face_recognizer:105 - identify_in_frame cam=2: 0 face(s) detected, 1 track(s)
2026-04-21 15:45:07 | INFO     | app.recognition.face_recognizer:105 - identify_in_frame cam=2: 1 face(s) detected, 1 track(s)
2026-04-21 15:45:09 | INFO     | app.pipeline.processing_pipeline:523 - Pipeline cam=3: 4.0 fps actual
2026-04-21 15:45:12 | INFO     | app.pipeline.processing_pipeline:523 - Pipeline cam=2: 4.1 fps actual
2026-04-21 15:45:15 | INFO     | app.pipeline.processing_pipeline:523 - Pipeline cam=3: 4.9 fps actual
2026-04-21 15:45:18 | INFO     | app.pipeline.processing_pipeline:523 - Pipeline cam=2: 4.9 fps actual
2026-04-21 15:45:21 | INFO     | app.pipeline.processing_pipeline:523 - Pipeline cam=3: 4.9 fps actual
2026-04-21 15:45:24 | INFO     | app.pipeline.processing_pipeline:523 - Pipeline cam=2: 4.9 fps actual
2026-04-21 15:45:28 | INFO     | app.pipeline.processing_pipeline:523 - Pipeline cam=3: 4.8 fps actual
2026-04-21 15:45:31 | INFO     | app.pipeline.processing_pipeline:523 - Pipeline cam=2: 4.0 fps actual
2026-04-21 15:45:32 | INFO     | app.recognition.face_recognizer:105 - identify_in_frame cam=2: 1 face(s) detected, 1 track(s)
2026-04-21 15:45:34 | INFO     | app.recognition.face_recognizer:105 - identify_in_frame cam=2: 1 face(s) detected, 1 track(s)
2026-04-21 15:45:34 | INFO     | app.recognition.face_recognizer:204 -   face→track 154: best_id=1026 score=0.1522 (high>=0.5 verified>=0.42 med>=0.37)
2026-04-21 15:45:35 | INFO     | app.recognition.face_recognizer:105 - identify_in_frame cam=2: 1 face(s) detected, 1 track(s)
2026-04-21 15:45:36 | INFO     | app.recognition.face_recognizer:105 - identify_in_frame cam=2: 0 face(s) detected, 1 track(s)
2026-04-21 15:45:37 | INFO     | app.pipeline.processing_pipeline:523 - Pipeline cam=3: 3.3 fps actual
2026-04-21 15:45:38 | INFO     | app.recognition.face_recognizer:105 - identify_in_frame cam=2: 1 face(s) detected, 1 track(s)
2026-04-21 15:45:41 | INFO     | app.pipeline.processing_pipeline:523 - Pipeline cam=2: 3.2 fps actual
2026-04-21 15:45:41 | INFO     | app.recognition.face_recognizer:105 - identify_in_frame cam=2: 1 face(s) detected, 1 track(s)
2026-04-21 15:45:44 | INFO     | app.recognition.face_recognizer:105 - identify_in_frame cam=2: 1 face(s) detected, 1 track(s)
2026-04-21 15:45:45 | INFO     | app.pipeline.processing_pipeline:523 - Pipeline cam=3: 3.6 fps actual
2026-04-21 15:45:47 | INFO     | app.recognition.face_recognizer:105 - identify_in_frame cam=2: 1 face(s) detected, 1 track(s)
2026-04-21 15:45:49 | INFO     | app.recognition.face_recognizer:105 - identify_in_frame cam=2: 2 face(s) detected, 2 track(s)
2026-04-21 15:45:49 | INFO     | app.recognition.face_recognizer:204 -   face→track 155: best_id=1025 score=0.3657 (high>=0.5 verified>=0.42 med>=0.37)
2026-04-21 15:45:50 | INFO     | app.pipeline.processing_pipeline:523 - Pipeline cam=2: 3.3 fps actual
2026-04-21 15:45:51 | INFO     | app.recognition.face_recognizer:105 - identify_in_frame cam=2: 2 face(s) detected, 3 track(s)
2026-04-21 15:45:51 | INFO     | app.recognition.face_recognizer:204 -   face→track 157: best_id=1004 score=0.1217 (high>=0.5 verified>=0.42 med>=0.37)
2026-04-21 15:45:52 | INFO     | app.recognition.face_recognizer:105 - identify_in_frame cam=2: 1 face(s) detected, 3 track(s)
2026-04-21 15:45:53 | INFO     | app.recognition.face_recognizer:105 - identify_in_frame cam=2: 0 face(s) detected, 1 track(s)
2026-04-21 15:45:54 | INFO     | app.recognition.face_recognizer:105 - identify_in_frame cam=2: 0 face(s) detected, 3 track(s)
2026-04-21 15:45:55 | INFO     | app.pipeline.processing_pipeline:523 - Pipeline cam=3: 3.1 fps actual
2026-04-21 15:45:56 | INFO     | app.recognition.face_recognizer:105 - identify_in_frame cam=2: 0 face(s) detected, 3 track(s)
2026-04-21 15:45:58 | INFO     | app.pipeline.processing_pipeline:523 - Pipeline cam=2: 3.5 fps actual
2026-04-21 15:45:59 | INFO     | app.recognition.face_recognizer:105 - identify_in_frame cam=2: 0 face(s) detected, 3 track(s)
2026-04-21 15:46:01 | INFO     | app.pipeline.processing_pipeline:523 - Pipeline cam=3: 4.5 fps actual
2026-04-21 15:46:05 | INFO     | app.pipeline.processing_pipeline:523 - Pipeline cam=2: 4.9 fps actual
2026-04-21 15:46:08 | INFO     | app.pipeline.processing_pipeline:523 - Pipeline cam=3: 4.7 fps actual
2026-04-21 15:46:11 | INFO     | app.pipeline.processing_pipeline:523 - Pipeline cam=2: 4.9 fps actual
2026-04-21 15:46:14 | INFO     | app.pipeline.processing_pipeline:523 - Pipeline cam=3: 4.9 fps actual
2026-04-21 15:46:17 | INFO     | app.pipeline.processing_pipeline:523 - Pipeline cam=2: 4.8 fps actual
2026-04-21 15:46:20 | INFO     | app.pipeline.processing_pipeline:523 - Pipeline cam=3: 4.9 fps actual
2026-04-21 15:46:23 | INFO     | app.pipeline.processing_pipeline:523 - Pipeline cam=2: 4.9 fps actual
2026-04-21 15:46:26 | INFO     | app.pipeline.processing_pipeline:523 - Pipeline cam=3: 4.9 fps actual
2026-04-21 15:46:30 | INFO     | app.pipeline.processing_pipeline:523 - Pipeline cam=2: 4.7 fps actual
2026-04-21 15:46:32 | INFO     | app.pipeline.processing_pipeline:523 - Pipeline cam=3: 4.7 fps actual
2026-04-21 15:46:36 | INFO     | app.pipeline.processing_pipeline:523 - Pipeline cam=2: 4.9 fps actual
2026-04-21 15:46:39 | INFO     | app.pipeline.processing_pipeline:523 - Pipeline cam=3: 4.5 fps actual
2026-04-21 15:46:42 | INFO     | app.pipeline.processing_pipeline:523 - Pipeline cam=2: 4.8 fps actual
2026-04-21 15:46:45 | INFO     | app.pipeline.processing_pipeline:523 - Pipeline cam=3: 4.9 fps actual
2026-04-21 15:46:48 | INFO     | app.pipeline.processing_pipeline:523 - Pipeline cam=2: 4.8 fps actual
2026-04-21 15:46:51 | INFO     | app.pipeline.processing_pipeline:523 - Pipeline cam=3: 4.8 fps actual
2026-04-21 15:46:55 | INFO     | app.pipeline.processing_pipeline:523 - Pipeline cam=2: 4.7 fps actual
2026-04-21 15:46:57 | INFO     | app.pipeline.processing_pipeline:523 - Pipeline cam=3: 5.0 fps actual
2026-04-21 15:47:01 | INFO     | app.pipeline.processing_pipeline:523 - Pipeline cam=2: 4.8 fps actual
2026-04-21 15:47:04 | INFO     | app.pipeline.processing_pipeline:523 - Pipeline cam=3: 4.6 fps actual
2026-04-21 15:47:07 | INFO     | app.pipeline.processing_pipeline:523 - Pipeline cam=2: 4.9 fps actual
2026-04-21 15:47:10 | INFO     | app.pipeline.processing_pipeline:523 - Pipeline cam=3: 4.9 fps actual
2026-04-21 15:47:14 | INFO     | app.pipeline.processing_pipeline:523 - Pipeline cam=2: 4.3 fps actual
2026-04-21 15:47:16 | INFO     | app.pipeline.processing_pipeline:523 - Pipeline cam=3: 4.9 fps actual
2026-04-21 15:47:20 | INFO     | app.pipeline.processing_pipeline:523 - Pipeline cam=2: 4.9 fps actual
2026-04-21 15:47:22 | INFO     | app.pipeline.processing_pipeline:523 - Pipeline cam=3: 4.9 fps actual
2026-04-21 15:47:26 | INFO     | app.pipeline.processing_pipeline:523 - Pipeline cam=2: 4.9 fps actual
2026-04-21 15:47:29 | INFO     | app.pipeline.processing_pipeline:523 - Pipeline cam=3: 4.9 fps actual
2026-04-21 15:47:32 | INFO     | app.pipeline.processing_pipeline:523 - Pipeline cam=2: 4.9 fps actual
2026-04-21 15:47:35 | INFO     | app.pipeline.processing_pipeline:523 - Pipeline cam=3: 4.9 fps actual
2026-04-21 15:47:39 | INFO     | app.pipeline.processing_pipeline:523 - Pipeline cam=2: 4.7 fps actual
2026-04-21 15:47:41 | INFO     | app.pipeline.processing_pipeline:523 - Pipeline cam=3: 4.7 fps actual
2026-04-21 15:47:45 | INFO     | app.pipeline.processing_pipeline:523 - Pipeline cam=2: 4.7 fps actual
2026-04-21 15:47:47 | INFO     | app.pipeline.processing_pipeline:523 - Pipeline cam=3: 4.9 fps actual
2026-04-21 15:47:51 | INFO     | app.pipeline.processing_pipeline:523 - Pipeline cam=2: 4.9 fps actual
2026-04-21 15:47:53 | INFO     | app.pipeline.processing_pipeline:523 - Pipeline cam=3: 4.8 fps actual
2026-04-21 15:47:58 | INFO     | app.pipeline.processing_pipeline:523 - Pipeline cam=2: 4.7 fps actual
2026-04-21 15:47:59 | INFO     | app.pipeline.processing_pipeline:523 - Pipeline cam=3: 4.9 fps actual
2026-04-21 15:48:04 | INFO     | app.pipeline.processing_pipeline:523 - Pipeline cam=2: 4.9 fps actual
2026-04-21 15:48:06 | INFO     | app.pipeline.processing_pipeline:523 - Pipeline cam=3: 4.7 fps actual
2026-04-21 15:48:10 | INFO     | app.pipeline.processing_pipeline:523 - Pipeline cam=2: 4.9 fps actual
2026-04-21 15:48:12 | INFO     | app.pipeline.processing_pipeline:523 - Pipeline cam=3: 4.8 fps actual
2026-04-21 15:48:16 | INFO     | app.pipeline.processing_pipeline:523 - Pipeline cam=2: 4.7 fps actual
2026-04-21 15:48:18 | INFO     | app.pipeline.processing_pipeline:523 - Pipeline cam=3: 4.9 fps actual
2026-04-21 15:48:22 | INFO     | app.pipeline.processing_pipeline:523 - Pipeline cam=2: 4.9 fps actual
2026-04-21 15:48:24 | INFO     | app.pipeline.processing_pipeline:523 - Pipeline cam=3: 4.9 fps actual
2026-04-21 15:48:29 | INFO     | app.pipeline.processing_pipeline:523 - Pipeline cam=2: 4.9 fps actual
2026-04-21 15:48:30 | INFO     | app.pipeline.processing_pipeline:523 - Pipeline cam=3: 4.9 fps actual
2026-04-21 15:48:35 | INFO     | app.pipeline.processing_pipeline:523 - Pipeline cam=2: 4.9 fps actual
2026-04-21 15:48:37 | INFO     | app.pipeline.processing_pipeline:523 - Pipeline cam=3: 4.9 fps actual
2026-04-21 15:48:41 | INFO     | app.pipeline.processing_pipeline:523 - Pipeline cam=2: 4.8 fps actual
2026-04-21 15:48:43 | INFO     | app.pipeline.processing_pipeline:523 - Pipeline cam=3: 4.8 fps actual
2026-04-21 15:48:47 | INFO     | app.pipeline.processing_pipeline:523 - Pipeline cam=2: 4.9 fps actual
2026-04-21 15:48:49 | INFO     | app.pipeline.processing_pipeline:523 - Pipeline cam=3: 4.9 fps actual
2026-04-21 15:48:53 | INFO     | app.pipeline.processing_pipeline:523 - Pipeline cam=2: 4.7 fps actual
2026-04-21 15:48:55 | INFO     | app.pipeline.processing_pipeline:523 - Pipeline cam=3: 4.9 fps actual
2026-04-21 15:49:00 | INFO     | app.pipeline.processing_pipeline:523 - Pipeline cam=2: 4.8 fps actual
2026-04-21 15:49:01 | INFO     | app.pipeline.processing_pipeline:523 - Pipeline cam=3: 4.9 fps actual
2026-04-21 15:49:06 | INFO     | app.pipeline.processing_pipeline:523 - Pipeline cam=2: 4.9 fps actual
2026-04-21 15:49:07 | INFO     | app.pipeline.processing_pipeline:523 - Pipeline cam=3: 4.9 fps actual
2026-04-21 15:49:12 | INFO     | app.pipeline.processing_pipeline:523 - Pipeline cam=2: 4.7 fps actual
2026-04-21 15:49:14 | INFO     | app.pipeline.processing_pipeline:523 - Pipeline cam=3: 4.9 fps actual
2026-04-21 15:49:18 | INFO     | app.pipeline.processing_pipeline:523 - Pipeline cam=2: 4.9 fps actual
2026-04-21 15:49:20 | INFO     | app.pipeline.processing_pipeline:523 - Pipeline cam=3: 4.9 fps actual
2026-04-21 15:49:25 | INFO     | app.pipeline.processing_pipeline:523 - Pipeline cam=2: 4.7 fps actual
2026-04-21 15:49:26 | INFO     | app.pipeline.processing_pipeline:523 - Pipeline cam=3: 4.9 fps actual
2026-04-21 15:49:29 | INFO     | app.recognition.face_recognizer:105 - identify_in_frame cam=2: 1 face(s) detected, 1 track(s)
2026-04-21 15:49:29 | INFO     | app.recognition.face_recognizer:204 -   face→track 159: best_id=1006 score=0.1503 (high>=0.5 verified>=0.42 med>=0.37)
2026-04-21 15:49:30 | INFO     | app.recognition.face_recognizer:105 - identify_in_frame cam=2: 1 face(s) detected, 1 track(s)
2026-04-21 15:49:30 | INFO     | app.recognition.face_recognizer:204 -   face→track 159: best_id=2028 score=0.1538 (high>=0.5 verified>=0.42 med>=0.37)
2026-04-21 15:49:30 | INFO     | app.recognition.face_recognizer:105 - identify_in_frame cam=2: 0 face(s) detected, 1 track(s)
2026-04-21 15:49:31 | INFO     | app.pipeline.processing_pipeline:523 - Pipeline cam=2: 4.7 fps actual
2026-04-21 15:49:31 | INFO     | app.recognition.face_recognizer:105 - identify_in_frame cam=2: 0 face(s) detected, 2 track(s)
2026-04-21 15:49:32 | INFO     | app.recognition.face_recognizer:105 - identify_in_frame cam=2: 0 face(s) detected, 1 track(s)
2026-04-21 15:49:33 | INFO     | app.pipeline.processing_pipeline:523 - Pipeline cam=3: 4.4 fps actual
2026-04-21 15:49:33 | INFO     | app.recognition.face_recognizer:105 - identify_in_frame cam=2: 0 face(s) detected, 1 track(s)
2026-04-21 15:49:33 | INFO     | app.recognition.face_recognizer:105 - identify_in_frame cam=2: 0 face(s) detected, 2 track(s)
2026-04-21 15:49:36 | INFO     | app.recognition.face_recognizer:105 - identify_in_frame cam=2: 0 face(s) detected, 2 track(s)
2026-04-21 15:49:38 | INFO     | app.pipeline.processing_pipeline:523 - Pipeline cam=2: 4.6 fps actual
2026-04-21 15:49:39 | INFO     | app.pipeline.processing_pipeline:523 - Pipeline cam=3: 4.7 fps actual
2026-04-21 15:49:44 | INFO     | app.pipeline.processing_pipeline:523 - Pipeline cam=2: 4.8 fps actual
2026-04-21 15:49:45 | INFO     | app.pipeline.processing_pipeline:523 - Pipeline cam=3: 5.0 fps actual
2026-04-21 15:49:50 | INFO     | app.pipeline.processing_pipeline:523 - Pipeline cam=2: 4.9 fps actual
2026-04-21 15:49:51 | INFO     | app.pipeline.processing_pipeline:523 - Pipeline cam=3: 4.9 fps actual
2026-04-21 15:49:57 | INFO     | app.pipeline.processing_pipeline:523 - Pipeline cam=2: 4.7 fps actual
2026-04-21 15:49:57 | INFO     | app.pipeline.processing_pipeline:523 - Pipeline cam=3: 4.8 fps actual
2026-04-21 15:50:03 | INFO     | app.pipeline.processing_pipeline:523 - Pipeline cam=2: 4.9 fps actual
2026-04-21 15:50:04 | INFO     | app.pipeline.processing_pipeline:523 - Pipeline cam=3: 4.8 fps actual
2026-04-21 15:50:09 | INFO     | app.pipeline.processing_pipeline:523 - Pipeline cam=2: 4.7 fps actual
2026-04-21 15:50:10 | INFO     | app.pipeline.processing_pipeline:523 - Pipeline cam=3: 4.9 fps actual
2026-04-21 15:50:15 | INFO     | app.pipeline.processing_pipeline:523 - Pipeline cam=2: 4.9 fps actual
2026-04-21 15:50:16 | INFO     | app.pipeline.processing_pipeline:523 - Pipeline cam=3: 4.9 fps actual
2026-04-21 15:50:21 | INFO     | app.pipeline.processing_pipeline:523 - Pipeline cam=2: 4.9 fps actual
2026-04-21 15:50:22 | INFO     | app.pipeline.processing_pipeline:523 - Pipeline cam=3: 4.9 fps actual
2026-04-21 15:50:28 | INFO     | app.pipeline.processing_pipeline:523 - Pipeline cam=2: 4.9 fps actual
2026-04-21 15:50:28 | INFO     | app.pipeline.processing_pipeline:523 - Pipeline cam=3: 4.9 fps actual
2026-04-21 15:50:34 | INFO     | app.pipeline.processing_pipeline:523 - Pipeline cam=2: 4.7 fps actual
2026-04-21 15:50:35 | INFO     | app.pipeline.processing_pipeline:523 - Pipeline cam=3: 4.8 fps actual
2026-04-21 15:50:40 | INFO     | app.pipeline.processing_pipeline:523 - Pipeline cam=2: 4.7 fps actual
2026-04-21 15:50:41 | INFO     | app.pipeline.processing_pipeline:523 - Pipeline cam=3: 4.9 fps actual
2026-04-21 15:50:44 | INFO     | app.services.alert_service:74 - Alert: hariom missing — last seen 112m ago
2026-04-21 15:50:44 | INFO     | app.services.alert_service:74 - Alert: Himanshi  missing — last seen 109m ago
2026-04-21 15:50:44 | INFO     | app.services.alert_service:74 - Alert: devkanya missing — last seen 108m ago
2026-04-21 15:50:46 | INFO     | app.pipeline.processing_pipeline:523 - Pipeline cam=2: 4.9 fps actual
2026-04-21 15:50:47 | INFO     | app.pipeline.processing_pipeline:523 - Pipeline cam=3: 4.9 fps actual
2026-04-21 15:50:53 | INFO     | app.pipeline.processing_pipeline:523 - Pipeline cam=2: 4.8 fps actual
2026-04-21 15:50:53 | INFO     | app.pipeline.processing_pipeline:523 - Pipeline cam=3: 4.9 fps actual
2026-04-21 15:50:59 | INFO     | app.pipeline.processing_pipeline:523 - Pipeline cam=2: 4.9 fps actual
2026-04-21 15:50:59 | INFO     | app.pipeline.processing_pipeline:523 - Pipeline cam=3: 4.9 fps actual
2026-04-21 15:51:05 | INFO     | app.pipeline.processing_pipeline:523 - Pipeline cam=2: 4.9 fps actual
2026-04-21 15:51:05 | INFO     | app.pipeline.processing_pipeline:523 - Pipeline cam=3: 4.9 fps actual
2026-04-21 15:51:11 | INFO     | app.pipeline.processing_pipeline:523 - Pipeline cam=2: 4.7 fps actual
2026-04-21 15:51:12 | INFO     | app.pipeline.processing_pipeline:523 - Pipeline cam=3: 4.7 fps actual
2026-04-21 15:51:18 | INFO     | app.pipeline.processing_pipeline:523 - Pipeline cam=2: 4.9 fps actual
2026-04-21 15:51:18 | INFO     | app.pipeline.processing_pipeline:523 - Pipeline cam=3: 4.7 fps actual
2026-04-21 15:51:24 | INFO     | app.pipeline.processing_pipeline:523 - Pipeline cam=2: 4.7 fps actual
2026-04-21 15:51:24 | INFO     | app.pipeline.processing_pipeline:523 - Pipeline cam=3: 4.7 fps actual
2026-04-21 15:51:30 | INFO     | app.pipeline.processing_pipeline:523 - Pipeline cam=2: 4.9 fps actual
2026-04-21 15:51:30 | INFO     | app.pipeline.processing_pipeline:523 - Pipeline cam=3: 4.9 fps actual
2026-04-21 15:51:36 | INFO     | app.pipeline.processing_pipeline:523 - Pipeline cam=2: 4.9 fps actual
2026-04-21 15:51:37 | INFO     | app.pipeline.processing_pipeline:523 - Pipeline cam=3: 4.7 fps actual
2026-04-21 15:51:42 | INFO     | app.pipeline.processing_pipeline:523 - Pipeline cam=2: 4.9 fps actual
2026-04-21 15:51:43 | INFO     | app.pipeline.processing_pipeline:523 - Pipeline cam=3: 4.9 fps actual
2026-04-21 15:51:48 | INFO     | app.pipeline.processing_pipeline:523 - Pipeline cam=2: 4.9 fps actual
2026-04-21 15:51:49 | INFO     | app.pipeline.processing_pipeline:523 - Pipeline cam=3: 4.8 fps actual
2026-04-21 15:51:55 | INFO     | app.pipeline.processing_pipeline:523 - Pipeline cam=2: 4.9 fps actual
2026-04-21 15:51:55 | INFO     | app.pipeline.processing_pipeline:523 - Pipeline cam=3: 4.9 fps actual
2026-04-21 15:52:01 | INFO     | app.pipeline.processing_pipeline:523 - Pipeline cam=2: 4.9 fps actual
2026-04-21 15:52:02 | INFO     | app.pipeline.processing_pipeline:523 - Pipeline cam=3: 4.9 fps actual
2026-04-21 15:52:07 | INFO     | app.pipeline.processing_pipeline:523 - Pipeline cam=2: 4.6 fps actual
2026-04-21 15:52:08 | INFO     | app.pipeline.processing_pipeline:523 - Pipeline cam=3: 4.8 fps actual
2026-04-21 15:52:13 | INFO     | app.pipeline.processing_pipeline:523 - Pipeline cam=2: 5.0 fps actual
2026-04-21 15:52:14 | INFO     | app.pipeline.processing_pipeline:523 - Pipeline cam=3: 4.8 fps actual
2026-04-21 15:52:19 | INFO     | app.pipeline.processing_pipeline:523 - Pipeline cam=2: 4.9 fps actual
2026-04-21 15:52:20 | INFO     | app.pipeline.processing_pipeline:523 - Pipeline cam=3: 4.9 fps actual
2026-04-21 15:52:26 | INFO     | app.pipeline.processing_pipeline:523 - Pipeline cam=2: 4.7 fps actual
2026-04-21 15:52:26 | INFO     | app.pipeline.processing_pipeline:523 - Pipeline cam=3: 4.9 fps actual
2026-04-21 15:52:32 | INFO     | app.pipeline.processing_pipeline:523 - Pipeline cam=2: 4.9 fps actual
2026-04-21 15:52:33 | INFO     | app.pipeline.processing_pipeline:523 - Pipeline cam=3: 4.8 fps actual
2026-04-21 15:52:38 | INFO     | app.pipeline.processing_pipeline:523 - Pipeline cam=2: 4.7 fps actual
2026-04-21 15:52:39 | INFO     | app.pipeline.processing_pipeline:523 - Pipeline cam=3: 4.7 fps actual
2026-04-21 15:52:44 | INFO     | app.services.alert_service:74 - Alert: Devrishi Sharma missing — last seen 86m ago
2026-04-21 15:52:44 | INFO     | app.pipeline.processing_pipeline:523 - Pipeline cam=2: 4.9 fps actual
2026-04-21 15:52:45 | INFO     | app.pipeline.processing_pipeline:523 - Pipeline cam=3: 4.9 fps actual
2026-04-21 15:52:51 | INFO     | app.pipeline.processing_pipeline:523 - Pipeline cam=2: 4.8 fps actual
2026-04-21 15:52:51 | INFO     | app.pipeline.processing_pipeline:523 - Pipeline cam=3: 4.9 fps actual
2026-04-21 15:52:57 | INFO     | app.pipeline.processing_pipeline:523 - Pipeline cam=2: 4.7 fps actual
2026-04-21 15:52:57 | INFO     | app.pipeline.processing_pipeline:523 - Pipeline cam=3: 4.8 fps actual
2026-04-21 15:53:03 | INFO     | app.pipeline.processing_pipeline:523 - Pipeline cam=2: 4.7 fps actual
2026-04-21 15:53:03 | INFO     | app.pipeline.processing_pipeline:523 - Pipeline cam=3: 4.9 fps actual
2026-04-21 15:53:10 | INFO     | app.pipeline.processing_pipeline:523 - Pipeline cam=3: 4.9 fps actual
2026-04-21 15:53:10 | INFO     | app.pipeline.processing_pipeline:523 - Pipeline cam=2: 4.8 fps actual
2026-04-21 15:53:16 | INFO     | app.pipeline.processing_pipeline:523 - Pipeline cam=3: 4.7 fps actual
2026-04-21 15:53:16 | INFO     | app.pipeline.processing_pipeline:523 - Pipeline cam=2: 4.7 fps actual
2026-04-21 15:53:22 | INFO     | app.pipeline.processing_pipeline:523 - Pipeline cam=2: 4.8 fps actual
2026-04-21 15:53:23 | INFO     | app.pipeline.processing_pipeline:523 - Pipeline cam=3: 4.6 fps actual
2026-04-21 15:53:29 | INFO     | app.pipeline.processing_pipeline:523 - Pipeline cam=2: 4.7 fps actual
2026-04-21 15:53:29 | INFO     | app.pipeline.processing_pipeline:523 - Pipeline cam=3: 4.9 fps actual
2026-04-21 15:53:35 | INFO     | app.pipeline.processing_pipeline:523 - Pipeline cam=2: 4.9 fps actual
2026-04-21 15:53:35 | INFO     | app.pipeline.processing_pipeline:523 - Pipeline cam=3: 4.9 fps actual
2026-04-21 15:53:41 | INFO     | app.pipeline.processing_pipeline:523 - Pipeline cam=3: 4.9 fps actual
2026-04-21 15:53:41 | INFO     | app.pipeline.processing_pipeline:523 - Pipeline cam=2: 4.7 fps actual
2026-04-21 15:53:47 | INFO     | app.pipeline.processing_pipeline:523 - Pipeline cam=3: 4.9 fps actual
2026-04-21 15:53:47 | INFO     | app.pipeline.processing_pipeline:523 - Pipeline cam=2: 4.9 fps actual
2026-04-21 15:53:53 | INFO     | app.pipeline.processing_pipeline:523 - Pipeline cam=3: 4.9 fps actual
2026-04-21 15:53:53 | INFO     | app.pipeline.processing_pipeline:523 - Pipeline cam=2: 4.9 fps actual
2026-04-21 15:53:59 | INFO     | app.pipeline.processing_pipeline:523 - Pipeline cam=3: 4.9 fps actual
2026-04-21 15:54:00 | INFO     | app.pipeline.processing_pipeline:523 - Pipeline cam=2: 4.7 fps actual
2026-04-21 15:54:06 | INFO     | app.pipeline.processing_pipeline:523 - Pipeline cam=3: 4.9 fps actual
2026-04-21 15:54:06 | INFO     | app.pipeline.processing_pipeline:523 - Pipeline cam=2: 4.9 fps actual
2026-04-21 15:54:12 | INFO     | app.pipeline.processing_pipeline:523 - Pipeline cam=3: 4.9 fps actual
2026-04-21 15:54:12 | INFO     | app.pipeline.processing_pipeline:523 - Pipeline cam=2: 4.9 fps actual
2026-04-21 15:54:18 | INFO     | app.pipeline.processing_pipeline:523 - Pipeline cam=3: 4.9 fps actual
2026-04-21 15:54:18 | INFO     | app.pipeline.processing_pipeline:523 - Pipeline cam=2: 4.8 fps actual
2026-04-21 15:54:24 | INFO     | app.pipeline.processing_pipeline:523 - Pipeline cam=3: 4.9 fps actual
2026-04-21 15:54:24 | INFO     | app.pipeline.processing_pipeline:523 - Pipeline cam=2: 4.9 fps actual
2026-04-21 15:54:30 | INFO     | app.pipeline.processing_pipeline:523 - Pipeline cam=3: 4.9 fps actual
2026-04-21 15:54:31 | INFO     | app.pipeline.processing_pipeline:523 - Pipeline cam=2: 4.9 fps actual
2026-04-21 15:54:36 | INFO     | app.pipeline.processing_pipeline:523 - Pipeline cam=3: 4.9 fps actual
2026-04-21 15:54:37 | INFO     | app.pipeline.processing_pipeline:523 - Pipeline cam=2: 4.9 fps actual
2026-04-21 15:54:42 | INFO     | app.pipeline.processing_pipeline:523 - Pipeline cam=3: 4.9 fps actual
2026-04-21 15:54:43 | INFO     | app.pipeline.processing_pipeline:523 - Pipeline cam=2: 4.7 fps actual
2026-04-21 15:54:44 | INFO     | app.recognition.face_recognizer:105 - identify_in_frame cam=2: 1 face(s) detected, 1 track(s)
2026-04-21 15:54:44 | INFO     | app.recognition.face_recognizer:204 -   face→track 161: best_id=7 score=0.1117 (high>=0.5 verified>=0.42 med>=0.37)
2026-04-21 15:54:44 | INFO     | app.services.alert_service:74 - Alert: Anjali missing — last seen 45m ago
2026-04-21 15:54:44 | INFO     | app.services.alert_service:74 - Alert: gyanendra missing — last seen 106m ago
2026-04-21 15:54:44 | INFO     | app.recognition.face_recognizer:105 - identify_in_frame cam=2: 0 face(s) detected, 1 track(s)
2026-04-21 15:54:45 | INFO     | app.recognition.face_recognizer:105 - identify_in_frame cam=2: 0 face(s) detected, 2 track(s)
2026-04-21 15:54:47 | INFO     | app.recognition.face_recognizer:105 - identify_in_frame cam=2: 2 face(s) detected, 1 track(s)
2026-04-21 15:54:47 | INFO     | app.recognition.face_recognizer:204 -   face→track 161: best_id=1002 score=0.0647 (high>=0.5 verified>=0.42 med>=0.37)
2026-04-21 15:54:47 | INFO     | app.recognition.face_recognizer:105 - identify_in_frame cam=2: 1 face(s) detected, 1 track(s)
2026-04-21 15:54:47 | INFO     | app.recognition.face_recognizer:204 -   face→track 162: best_id=1027 score=0.1510 (high>=0.5 verified>=0.42 med>=0.37)
2026-04-21 15:54:47 | INFO     | app.recognition.face_recognizer:105 - identify_in_frame cam=2: 0 face(s) detected, 1 track(s)
2026-04-21 15:54:48 | INFO     | app.recognition.face_recognizer:105 - identify_in_frame cam=2: 0 face(s) detected, 2 track(s)
2026-04-21 15:54:50 | INFO     | app.pipeline.processing_pipeline:523 - Pipeline cam=3: 4.0 fps actual
2026-04-21 15:54:50 | INFO     | app.pipeline.processing_pipeline:523 - Pipeline cam=2: 4.0 fps actual
2026-04-21 15:54:51 | INFO     | app.recognition.face_recognizer:105 - identify_in_frame cam=2: 0 face(s) detected, 2 track(s)
2026-04-21 15:54:53 | INFO     | app.recognition.face_recognizer:105 - identify_in_frame cam=2: 0 face(s) detected, 1 track(s)
2026-04-21 15:54:56 | INFO     | app.pipeline.processing_pipeline:523 - Pipeline cam=3: 4.9 fps actual
2026-04-21 15:54:57 | INFO     | app.pipeline.processing_pipeline:523 - Pipeline cam=2: 4.9 fps actual
2026-04-21 15:55:02 | INFO     | app.pipeline.processing_pipeline:523 - Pipeline cam=3: 4.8 fps actual
2026-04-21 15:55:03 | INFO     | app.pipeline.processing_pipeline:523 - Pipeline cam=2: 4.8 fps actual
2026-04-21 15:55:08 | INFO     | app.pipeline.processing_pipeline:523 - Pipeline cam=3: 4.9 fps actual
2026-04-21 15:55:09 | INFO     | app.pipeline.processing_pipeline:523 - Pipeline cam=2: 4.9 fps actual
2026-04-21 15:55:15 | INFO     | app.pipeline.processing_pipeline:523 - Pipeline cam=3: 4.9 fps actual
2026-04-21 15:55:15 | INFO     | app.pipeline.processing_pipeline:523 - Pipeline cam=2: 4.9 fps actual
2026-04-21 15:55:21 | INFO     | app.pipeline.processing_pipeline:523 - Pipeline cam=3: 4.9 fps actual
2026-04-21 15:55:22 | INFO     | app.pipeline.processing_pipeline:523 - Pipeline cam=2: 4.7 fps actual
2026-04-21 15:55:27 | INFO     | app.pipeline.processing_pipeline:523 - Pipeline cam=3: 4.9 fps actual
2026-04-21 15:55:28 | INFO     | app.pipeline.processing_pipeline:523 - Pipeline cam=2: 4.9 fps actual
2026-04-21 15:55:33 | INFO     | app.pipeline.processing_pipeline:523 - Pipeline cam=3: 4.7 fps actual
2026-04-21 15:55:34 | INFO     | app.pipeline.processing_pipeline:523 - Pipeline cam=2: 4.7 fps actual
2026-04-21 15:55:39 | INFO     | app.pipeline.processing_pipeline:523 - Pipeline cam=3: 4.9 fps actual
2026-04-21 15:55:40 | INFO     | app.pipeline.processing_pipeline:523 - Pipeline cam=2: 4.9 fps actual
2026-04-21 15:55:45 | INFO     | app.pipeline.processing_pipeline:523 - Pipeline cam=3: 4.9 fps actual
2026-04-21 15:55:46 | INFO     | app.pipeline.processing_pipeline:523 - Pipeline cam=2: 4.9 fps actual
2026-04-21 15:55:52 | INFO     | app.pipeline.processing_pipeline:523 - Pipeline cam=3: 4.8 fps actual
2026-04-21 15:55:53 | INFO     | app.pipeline.processing_pipeline:523 - Pipeline cam=2: 4.7 fps actual
2026-04-21 15:55:58 | INFO     | app.pipeline.processing_pipeline:523 - Pipeline cam=3: 4.9 fps actual
2026-04-21 15:55:59 | INFO     | app.pipeline.processing_pipeline:523 - Pipeline cam=2: 4.7 fps actual
2026-04-21 15:56:04 | INFO     | app.pipeline.processing_pipeline:523 - Pipeline cam=3: 4.9 fps actual
2026-04-21 15:56:05 | INFO     | app.pipeline.processing_pipeline:523 - Pipeline cam=2: 4.7 fps actual
2026-04-21 15:56:10 | INFO     | app.pipeline.processing_pipeline:523 - Pipeline cam=3: 4.9 fps actual
2026-04-21 15:56:12 | INFO     | app.pipeline.processing_pipeline:523 - Pipeline cam=2: 4.8 fps actual
2026-04-21 15:56:16 | INFO     | app.pipeline.processing_pipeline:523 - Pipeline cam=3: 4.9 fps actual
2026-04-21 15:56:18 | INFO     | app.pipeline.processing_pipeline:523 - Pipeline cam=2: 4.9 fps actual
2026-04-21 15:56:22 | INFO     | app.pipeline.processing_pipeline:523 - Pipeline cam=3: 4.9 fps actual
2026-04-21 15:56:24 | INFO     | app.pipeline.processing_pipeline:523 - Pipeline cam=2: 4.7 fps actual
2026-04-21 15:56:29 | INFO     | app.pipeline.processing_pipeline:523 - Pipeline cam=3: 4.8 fps actual
2026-04-21 15:56:31 | INFO     | app.pipeline.processing_pipeline:523 - Pipeline cam=2: 4.6 fps actual
2026-04-21 15:56:35 | INFO     | app.pipeline.processing_pipeline:523 - Pipeline cam=3: 4.9 fps actual
2026-04-21 15:56:37 | INFO     | app.pipeline.processing_pipeline:523 - Pipeline cam=2: 4.8 fps actual
2026-04-21 15:56:41 | INFO     | app.pipeline.processing_pipeline:523 - Pipeline cam=3: 4.8 fps actual
2026-04-21 15:56:43 | INFO     | app.pipeline.processing_pipeline:523 - Pipeline cam=2: 4.8 fps actual
2026-04-21 15:56:47 | INFO     | app.pipeline.processing_pipeline:523 - Pipeline cam=3: 4.9 fps actual
2026-04-21 15:56:48 | INFO     | app.recognition.face_recognizer:105 - identify_in_frame cam=2: 1 face(s) detected, 1 track(s)
2026-04-21 15:56:48 | INFO     | app.recognition.face_recognizer:204 -   face→track 163: best_id=8 score=0.2205 (high>=0.5 verified>=0.42 med>=0.37)
2026-04-21 15:56:49 | INFO     | app.recognition.face_recognizer:105 - identify_in_frame cam=2: 1 face(s) detected, 1 track(s)
2026-04-21 15:56:49 | INFO     | app.recognition.face_recognizer:204 -   face→track 163: best_id=8 score=0.1771 (high>=0.5 verified>=0.42 med>=0.37)
2026-04-21 15:56:49 | INFO     | app.recognition.face_recognizer:105 - identify_in_frame cam=2: 1 face(s) detected, 1 track(s)
2026-04-21 15:56:49 | INFO     | app.recognition.face_recognizer:204 -   face→track 163: best_id=1010 score=0.2471 (high>=0.5 verified>=0.42 med>=0.37)
2026-04-21 15:56:50 | INFO     | app.pipeline.processing_pipeline:523 - Pipeline cam=2: 4.7 fps actual
2026-04-21 15:56:50 | INFO     | app.recognition.face_recognizer:105 - identify_in_frame cam=2: 0 face(s) detected, 1 track(s)
2026-04-21 15:56:52 | INFO     | app.recognition.face_recognizer:105 - identify_in_frame cam=2: 0 face(s) detected, 1 track(s)
2026-04-21 15:56:54 | INFO     | app.recognition.face_recognizer:105 - identify_in_frame cam=2: 0 face(s) detected, 1 track(s)
2026-04-21 15:56:54 | INFO     | app.pipeline.processing_pipeline:523 - Pipeline cam=3: 4.4 fps actual
2026-04-21 15:56:56 | INFO     | app.pipeline.processing_pipeline:523 - Pipeline cam=2: 4.9 fps actual
2026-04-21 15:56:56 | INFO     | app.recognition.face_recognizer:105 - identify_in_frame cam=2: 0 face(s) detected, 1 track(s)
2026-04-21 15:57:00 | INFO     | app.pipeline.processing_pipeline:523 - Pipeline cam=3: 5.0 fps actual
2026-04-21 15:57:02 | INFO     | app.pipeline.processing_pipeline:523 - Pipeline cam=2: 4.8 fps actual
2026-04-21 15:57:06 | INFO     | app.pipeline.processing_pipeline:523 - Pipeline cam=3: 4.9 fps actual
2026-04-21 15:57:08 | INFO     | app.pipeline.processing_pipeline:523 - Pipeline cam=2: 4.9 fps actual
2026-04-21 15:57:12 | INFO     | app.pipeline.processing_pipeline:523 - Pipeline cam=3: 4.9 fps actual
2026-04-21 15:57:14 | INFO     | app.pipeline.processing_pipeline:523 - Pipeline cam=2: 4.8 fps actual
2026-04-21 15:57:18 | INFO     | app.pipeline.processing_pipeline:523 - Pipeline cam=3: 4.9 fps actual
2026-04-21 15:57:20 | INFO     | app.pipeline.processing_pipeline:523 - Pipeline cam=2: 4.9 fps actual
2026-04-21 15:57:24 | INFO     | app.pipeline.processing_pipeline:523 - Pipeline cam=3: 4.9 fps actual
2026-04-21 15:57:27 | INFO     | app.pipeline.processing_pipeline:523 - Pipeline cam=2: 4.9 fps actual
2026-04-21 15:57:31 | INFO     | app.pipeline.processing_pipeline:523 - Pipeline cam=3: 4.8 fps actual
2026-04-21 15:57:32 | INFO     | app.recognition.face_recognizer:105 - identify_in_frame cam=2: 1 face(s) detected, 1 track(s)
2026-04-21 15:57:34 | INFO     | app.recognition.face_recognizer:105 - identify_in_frame cam=2: 2 face(s) detected, 1 track(s)
2026-04-21 15:57:34 | INFO     | app.pipeline.processing_pipeline:523 - Pipeline cam=2: 3.8 fps actual
2026-04-21 15:57:35 | INFO     | app.recognition.face_recognizer:105 - identify_in_frame cam=2: 1 face(s) detected, 1 track(s)
2026-04-21 15:57:38 | INFO     | app.recognition.face_recognizer:105 - identify_in_frame cam=2: 1 face(s) detected, 1 track(s)
2026-04-21 15:57:39 | INFO     | app.recognition.face_recognizer:105 - identify_in_frame cam=2: 0 face(s) detected, 1 track(s)
2026-04-21 15:57:40 | INFO     | app.pipeline.processing_pipeline:523 - Pipeline cam=3: 3.3 fps actual
2026-04-21 15:57:42 | INFO     | app.pipeline.processing_pipeline:523 - Pipeline cam=2: 4.2 fps actual
2026-04-21 15:57:42 | INFO     | app.recognition.face_recognizer:105 - identify_in_frame cam=2: 0 face(s) detected, 1 track(s)
2026-04-21 15:57:44 | INFO     | app.recognition.face_recognizer:105 - identify_in_frame cam=2: 1 face(s) detected, 1 track(s)
2026-04-21 15:57:46 | INFO     | app.recognition.face_recognizer:105 - identify_in_frame cam=3: 0 face(s) detected, 1 track(s)
2026-04-21 15:57:46 | INFO     | app.recognition.face_recognizer:105 - identify_in_frame cam=2: 1 face(s) detected, 1 track(s)
2026-04-21 15:57:47 | INFO     | app.recognition.face_recognizer:105 - identify_in_frame cam=3: 0 face(s) detected, 1 track(s)
2026-04-21 15:57:47 | INFO     | app.pipeline.processing_pipeline:523 - Pipeline cam=3: 3.9 fps actual
2026-04-21 15:57:48 | INFO     | app.recognition.face_recognizer:105 - identify_in_frame cam=3: 0 face(s) detected, 1 track(s)
2026-04-21 15:57:49 | INFO     | app.pipeline.processing_pipeline:523 - Pipeline cam=2: 4.0 fps actual
2026-04-21 15:57:49 | INFO     | app.recognition.face_recognizer:105 - identify_in_frame cam=2: 1 face(s) detected, 1 track(s)
2026-04-21 15:57:50 | INFO     | app.recognition.face_recognizer:105 - identify_in_frame cam=3: 0 face(s) detected, 1 track(s)
2026-04-21 15:57:52 | INFO     | app.recognition.face_recognizer:105 - identify_in_frame cam=2: 0 face(s) detected, 1 track(s)
2026-04-21 15:57:52 | INFO     | app.recognition.face_recognizer:105 - identify_in_frame cam=3: 0 face(s) detected, 1 track(s)
2026-04-21 15:57:54 | INFO     | app.pipeline.processing_pipeline:523 - Pipeline cam=3: 4.5 fps actual
2026-04-21 15:57:56 | INFO     | app.pipeline.processing_pipeline:523 - Pipeline cam=2: 4.4 fps actual
2026-04-21 15:58:00 | INFO     | app.pipeline.processing_pipeline:523 - Pipeline cam=3: 4.9 fps actual
2026-04-21 15:58:02 | INFO     | app.pipeline.processing_pipeline:523 - Pipeline cam=2: 4.9 fps actual
2026-04-21 15:58:06 | INFO     | app.pipeline.processing_pipeline:523 - Pipeline cam=3: 4.9 fps actual
2026-04-21 15:58:08 | INFO     | app.pipeline.processing_pipeline:523 - Pipeline cam=2: 4.9 fps actual
2026-04-21 15:58:12 | INFO     | app.pipeline.processing_pipeline:523 - Pipeline cam=3: 4.9 fps actual
2026-04-21 15:58:14 | INFO     | app.pipeline.processing_pipeline:523 - Pipeline cam=2: 4.7 fps actual
2026-04-21 15:58:19 | INFO     | app.pipeline.processing_pipeline:523 - Pipeline cam=3: 4.9 fps actual
2026-04-21 15:58:21 | INFO     | app.pipeline.processing_pipeline:523 - Pipeline cam=2: 4.7 fps actual
2026-04-21 15:58:25 | INFO     | app.pipeline.processing_pipeline:523 - Pipeline cam=3: 4.7 fps actual
2026-04-21 15:58:27 | INFO     | app.pipeline.processing_pipeline:523 - Pipeline cam=2: 4.7 fps actual
2026-04-21 15:58:31 | INFO     | app.pipeline.processing_pipeline:523 - Pipeline cam=3: 4.9 fps actual
2026-04-21 15:58:33 | INFO     | app.pipeline.processing_pipeline:523 - Pipeline cam=2: 4.9 fps actual
2026-04-21 15:58:37 | INFO     | app.pipeline.processing_pipeline:523 - Pipeline cam=3: 4.9 fps actual
2026-04-21 15:58:39 | INFO     | app.pipeline.processing_pipeline:523 - Pipeline cam=2: 4.8 fps actual
2026-04-21 15:58:43 | INFO     | app.pipeline.processing_pipeline:523 - Pipeline cam=3: 4.9 fps actual
2026-04-21 15:58:46 | INFO     | app.pipeline.processing_pipeline:523 - Pipeline cam=2: 4.7 fps actual
2026-04-21 15:58:50 | INFO     | app.pipeline.processing_pipeline:523 - Pipeline cam=3: 4.8 fps actual
2026-04-21 15:58:52 | INFO     | app.pipeline.processing_pipeline:523 - Pipeline cam=2: 4.9 fps actual
2026-04-21 15:58:56 | INFO     | app.pipeline.processing_pipeline:523 - Pipeline cam=3: 4.9 fps actual
2026-04-21 15:58:58 | INFO     | app.pipeline.processing_pipeline:523 - Pipeline cam=2: 4.7 fps actual
2026-04-21 15:59:02 | INFO     | app.pipeline.processing_pipeline:523 - Pipeline cam=3: 4.9 fps actual
2026-04-21 15:59:04 | INFO     | app.pipeline.processing_pipeline:523 - Pipeline cam=2: 4.9 fps actual
2026-04-21 15:59:08 | INFO     | app.pipeline.processing_pipeline:523 - Pipeline cam=3: 4.9 fps actual
2026-04-21 15:59:11 | INFO     | app.pipeline.processing_pipeline:523 - Pipeline cam=2: 4.8 fps actual
2026-04-21 15:59:14 | INFO     | app.pipeline.processing_pipeline:523 - Pipeline cam=3: 4.9 fps actual
2026-04-21 15:59:17 | INFO     | app.pipeline.processing_pipeline:523 - Pipeline cam=2: 4.7 fps actual
2026-04-21 15:59:20 | INFO     | app.pipeline.processing_pipeline:523 - Pipeline cam=3: 4.8 fps actual
2026-04-21 15:59:23 | INFO     | app.pipeline.processing_pipeline:523 - Pipeline cam=2: 4.7 fps actual
2026-04-21 15:59:27 | INFO     | app.pipeline.processing_pipeline:523 - Pipeline cam=3: 4.9 fps actual
2026-04-21 15:59:30 | INFO     | app.pipeline.processing_pipeline:523 - Pipeline cam=2: 4.9 fps actual
2026-04-21 15:59:33 | INFO     | app.pipeline.processing_pipeline:523 - Pipeline cam=3: 4.9 fps actual
2026-04-21 15:59:36 | INFO     | app.pipeline.processing_pipeline:523 - Pipeline cam=2: 4.7 fps actual
2026-04-21 15:59:39 | INFO     | app.pipeline.processing_pipeline:523 - Pipeline cam=3: 4.9 fps actual
2026-04-21 15:59:42 | INFO     | app.pipeline.processing_pipeline:523 - Pipeline cam=2: 4.9 fps actual
2026-04-21 15:59:45 | INFO     | app.pipeline.processing_pipeline:523 - Pipeline cam=3: 4.9 fps actual
2026-04-21 15:59:48 | INFO     | app.pipeline.processing_pipeline:523 - Pipeline cam=2: 4.9 fps actual
2026-04-21 15:59:51 | INFO     | app.pipeline.processing_pipeline:523 - Pipeline cam=3: 4.9 fps actual
2026-04-21 15:59:54 | INFO     | app.pipeline.processing_pipeline:523 - Pipeline cam=2: 4.9 fps actual
2026-04-21 15:59:57 | INFO     | app.pipeline.processing_pipeline:523 - Pipeline cam=3: 4.9 fps actual
2026-04-21 16:00:01 | INFO     | app.pipeline.processing_pipeline:523 - Pipeline cam=2: 4.8 fps actual
2026-04-21 16:00:03 | INFO     | app.pipeline.processing_pipeline:523 - Pipeline cam=3: 4.8 fps actual
2026-04-21 16:00:07 | INFO     | app.pipeline.processing_pipeline:523 - Pipeline cam=2: 4.9 fps actual
2026-04-21 16:00:10 | INFO     | app.pipeline.processing_pipeline:523 - Pipeline cam=3: 4.8 fps actual
2026-04-21 16:00:13 | INFO     | app.pipeline.processing_pipeline:523 - Pipeline cam=2: 4.7 fps actual
2026-04-21 16:00:16 | INFO     | app.pipeline.processing_pipeline:523 - Pipeline cam=3: 4.9 fps actual
2026-04-21 16:00:20 | INFO     | app.pipeline.processing_pipeline:523 - Pipeline cam=2: 4.7 fps actual
2026-04-21 16:00:22 | INFO     | app.pipeline.processing_pipeline:523 - Pipeline cam=3: 4.8 fps actual
2026-04-21 16:00:26 | INFO     | app.pipeline.processing_pipeline:523 - Pipeline cam=2: 4.9 fps actual
2026-04-21 16:00:28 | INFO     | app.pipeline.processing_pipeline:523 - Pipeline cam=3: 4.9 fps actual
2026-04-21 16:00:32 | INFO     | app.pipeline.processing_pipeline:523 - Pipeline cam=2: 4.8 fps actual
2026-04-21 16:00:34 | INFO     | app.pipeline.processing_pipeline:523 - Pipeline cam=3: 4.9 fps actual
2026-04-21 16:00:38 | INFO     | app.pipeline.processing_pipeline:523 - Pipeline cam=2: 4.9 fps actual
2026-04-21 16:00:40 | INFO     | app.pipeline.processing_pipeline:523 - Pipeline cam=3: 4.8 fps actual
2026-04-21 16:00:44 | INFO     | app.services.alert_service:74 - Alert: hariom missing — last seen 122m ago
2026-04-21 16:00:44 | INFO     | app.services.alert_service:74 - Alert: Himanshi  missing — last seen 119m ago
2026-04-21 16:00:44 | INFO     | app.services.alert_service:74 - Alert: devkanya missing — last seen 118m ago
2026-04-21 16:00:44 | INFO     | app.pipeline.processing_pipeline:523 - Pipeline cam=2: 4.7 fps actual
2026-04-21 16:00:47 | INFO     | app.pipeline.processing_pipeline:523 - Pipeline cam=3: 4.9 fps actual
2026-04-21 16:00:51 | INFO     | app.pipeline.processing_pipeline:523 - Pipeline cam=2: 4.9 fps actual
2026-04-21 16:00:53 | INFO     | app.pipeline.processing_pipeline:523 - Pipeline cam=3: 4.9 fps actual
2026-04-21 16:00:57 | INFO     | app.pipeline.processing_pipeline:523 - Pipeline cam=2: 4.7 fps actual
2026-04-21 16:00:59 | INFO     | app.pipeline.processing_pipeline:523 - Pipeline cam=3: 4.9 fps actual
2026-04-21 16:01:03 | INFO     | app.pipeline.processing_pipeline:523 - Pipeline cam=2: 4.9 fps actual
2026-04-21 16:01:05 | INFO     | app.pipeline.processing_pipeline:523 - Pipeline cam=3: 4.9 fps actual
2026-04-21 16:01:09 | INFO     | app.pipeline.processing_pipeline:523 - Pipeline cam=2: 4.8 fps actual
2026-04-21 16:01:11 | INFO     | app.pipeline.processing_pipeline:523 - Pipeline cam=3: 4.9 fps actual
2026-04-21 16:01:16 | INFO     | app.pipeline.processing_pipeline:523 - Pipeline cam=2: 4.9 fps actual
2026-04-21 16:01:17 | INFO     | app.pipeline.processing_pipeline:523 - Pipeline cam=3: 4.9 fps actual
2026-04-21 16:01:22 | INFO     | app.pipeline.processing_pipeline:523 - Pipeline cam=2: 4.7 fps actual
2026-04-21 16:01:23 | INFO     | app.pipeline.processing_pipeline:523 - Pipeline cam=3: 4.8 fps actual
2026-04-21 16:01:28 | INFO     | app.pipeline.processing_pipeline:523 - Pipeline cam=2: 4.9 fps actual
2026-04-21 16:01:29 | INFO     | app.pipeline.processing_pipeline:523 - Pipeline cam=3: 4.9 fps actual
2026-04-21 16:01:34 | INFO     | app.pipeline.processing_pipeline:523 - Pipeline cam=2: 4.7 fps actual
2026-04-21 16:01:36 | INFO     | app.pipeline.processing_pipeline:523 - Pipeline cam=3: 4.9 fps actual
2026-04-21 16:01:41 | INFO     | app.pipeline.processing_pipeline:523 - Pipeline cam=2: 4.7 fps actual
2026-04-21 16:01:42 | INFO     | app.pipeline.processing_pipeline:523 - Pipeline cam=3: 5.0 fps actual
2026-04-21 16:01:47 | INFO     | app.pipeline.processing_pipeline:523 - Pipeline cam=2: 4.9 fps actual
2026-04-21 16:01:48 | INFO     | app.pipeline.processing_pipeline:523 - Pipeline cam=3: 4.9 fps actual
2026-04-21 16:01:53 | INFO     | app.pipeline.processing_pipeline:523 - Pipeline cam=2: 4.8 fps actual
2026-04-21 16:01:54 | INFO     | app.pipeline.processing_pipeline:523 - Pipeline cam=3: 4.9 fps actual
2026-04-21 16:01:59 | INFO     | app.pipeline.processing_pipeline:523 - Pipeline cam=2: 4.9 fps actual
2026-04-21 16:01:59 | INFO     | app.recognition.face_recognizer:105 - identify_in_frame cam=2: 0 face(s) detected, 1 track(s)
2026-04-21 16:02:00 | INFO     | app.recognition.face_recognizer:105 - identify_in_frame cam=2: 0 face(s) detected, 1 track(s)
2026-04-21 16:02:00 | INFO     | app.pipeline.processing_pipeline:523 - Pipeline cam=3: 4.6 fps actual
2026-04-21 16:02:01 | INFO     | app.recognition.face_recognizer:105 - identify_in_frame cam=2: 0 face(s) detected, 2 track(s)
2026-04-21 16:02:02 | INFO     | app.recognition.face_recognizer:105 - identify_in_frame cam=2: 0 face(s) detected, 1 track(s)
2026-04-21 16:02:02 | INFO     | app.recognition.face_recognizer:105 - identify_in_frame cam=2: 0 face(s) detected, 1 track(s)
2026-04-21 16:02:02 | INFO     | app.recognition.face_recognizer:105 - identify_in_frame cam=2: 0 face(s) detected, 1 track(s)
2026-04-21 16:02:04 | INFO     | app.recognition.face_recognizer:105 - identify_in_frame cam=2: 0 face(s) detected, 2 track(s)
2026-04-21 16:02:06 | INFO     | app.pipeline.processing_pipeline:523 - Pipeline cam=2: 4.2 fps actual
2026-04-21 16:02:07 | INFO     | app.recognition.face_recognizer:105 - identify_in_frame cam=2: 0 face(s) detected, 2 track(s)
2026-04-21 16:02:08 | INFO     | app.pipeline.processing_pipeline:523 - Pipeline cam=3: 4.2 fps actual
2026-04-21 16:02:09 | INFO     | app.recognition.face_recognizer:105 - identify_in_frame cam=2: 0 face(s) detected, 1 track(s)
2026-04-21 16:02:13 | INFO     | app.pipeline.processing_pipeline:523 - Pipeline cam=2: 4.8 fps actual
2026-04-21 16:02:14 | INFO     | app.pipeline.processing_pipeline:523 - Pipeline cam=3: 4.9 fps actual
2026-04-21 16:02:19 | INFO     | app.pipeline.processing_pipeline:523 - Pipeline cam=2: 4.8 fps actual
2026-04-21 16:02:20 | INFO     | app.pipeline.processing_pipeline:523 - Pipeline cam=3: 4.9 fps actual
2026-04-21 16:02:25 | INFO     | app.pipeline.processing_pipeline:523 - Pipeline cam=2: 4.9 fps actual
2026-04-21 16:02:26 | INFO     | app.pipeline.processing_pipeline:523 - Pipeline cam=3: 4.9 fps actual
2026-04-21 16:02:31 | INFO     | app.pipeline.processing_pipeline:523 - Pipeline cam=2: 4.9 fps actual
2026-04-21 16:02:32 | INFO     | app.pipeline.processing_pipeline:523 - Pipeline cam=3: 4.9 fps actual
2026-04-21 16:02:38 | INFO     | app.pipeline.processing_pipeline:523 - Pipeline cam=2: 4.7 fps actual
2026-04-21 16:02:38 | INFO     | app.pipeline.processing_pipeline:523 - Pipeline cam=3: 4.9 fps actual
2026-04-21 16:02:44 | INFO     | app.pipeline.processing_pipeline:523 - Pipeline cam=2: 4.9 fps actual
2026-04-21 16:02:44 | INFO     | app.services.alert_service:74 - Alert: Devrishi Sharma missing — last seen 96m ago
2026-04-21 16:02:44 | INFO     | app.pipeline.processing_pipeline:523 - Pipeline cam=3: 4.9 fps actual
2026-04-21 16:02:50 | INFO     | app.pipeline.processing_pipeline:523 - Pipeline cam=2: 4.7 fps actual
2026-04-21 16:02:51 | INFO     | app.pipeline.processing_pipeline:523 - Pipeline cam=3: 4.9 fps actual
2026-04-21 16:02:57 | INFO     | app.pipeline.processing_pipeline:523 - Pipeline cam=2: 4.6 fps actual
2026-04-21 16:02:57 | INFO     | app.pipeline.processing_pipeline:523 - Pipeline cam=3: 4.9 fps actual
2026-04-21 16:02:58 | INFO     | app.recognition.face_recognizer:105 - identify_in_frame cam=2: 0 face(s) detected, 1 track(s)
2026-04-21 16:02:59 | INFO     | app.recognition.face_recognizer:105 - identify_in_frame cam=2: 0 face(s) detected, 1 track(s)
2026-04-21 16:02:59 | INFO     | app.recognition.face_recognizer:105 - identify_in_frame cam=2: 0 face(s) detected, 1 track(s)
2026-04-21 16:03:01 | INFO     | app.recognition.face_recognizer:105 - identify_in_frame cam=2: 0 face(s) detected, 1 track(s)
2026-04-21 16:03:03 | INFO     | app.recognition.face_recognizer:105 - identify_in_frame cam=3: 1 face(s) detected, 1 track(s)
2026-04-21 16:03:03 | INFO     | app.recognition.face_recognizer:204 -   face→track 63: best_id=1002 score=0.1392 (high>=0.5 verified>=0.42 med>=0.37)
2026-04-21 16:03:03 | INFO     | app.pipeline.processing_pipeline:523 - Pipeline cam=2: 4.5 fps actual
2026-04-21 16:03:03 | INFO     | app.pipeline.processing_pipeline:523 - Pipeline cam=3: 4.6 fps actual
2026-04-21 16:03:04 | INFO     | app.recognition.face_recognizer:105 - identify_in_frame cam=2: 0 face(s) detected, 1 track(s)
2026-04-21 16:03:04 | INFO     | app.recognition.face_recognizer:105 - identify_in_frame cam=3: 1 face(s) detected, 1 track(s)
2026-04-21 16:03:04 | INFO     | app.recognition.face_recognizer:204 -   face→track 63: best_id=1023 score=0.1182 (high>=0.5 verified>=0.42 med>=0.37)
2026-04-21 16:03:05 | INFO     | app.recognition.face_recognizer:105 - identify_in_frame cam=3: 1 face(s) detected, 1 track(s)
2026-04-21 16:03:07 | INFO     | app.recognition.face_recognizer:105 - identify_in_frame cam=3: 0 face(s) detected, 1 track(s)
2026-04-21 16:03:07 | INFO     | app.recognition.face_recognizer:105 - identify_in_frame cam=2: 0 face(s) detected, 1 track(s)
2026-04-21 16:03:09 | INFO     | app.recognition.face_recognizer:105 - identify_in_frame cam=3: 0 face(s) detected, 1 track(s)
2026-04-21 16:03:09 | INFO     | app.recognition.face_recognizer:105 - identify_in_frame cam=2: 0 face(s) detected, 1 track(s)
2026-04-21 16:03:11 | INFO     | app.pipeline.processing_pipeline:523 - Pipeline cam=2: 4.0 fps actual
2026-04-21 16:03:11 | INFO     | app.pipeline.processing_pipeline:523 - Pipeline cam=3: 4.1 fps actual
2026-04-21 16:03:11 | INFO     | app.recognition.face_recognizer:105 - identify_in_frame cam=3: 0 face(s) detected, 1 track(s)
2026-04-21 16:03:17 | INFO     | app.pipeline.processing_pipeline:523 - Pipeline cam=2: 4.7 fps actual
2026-04-21 16:03:17 | INFO     | app.pipeline.processing_pipeline:523 - Pipeline cam=3: 4.7 fps actual
2026-04-21 16:03:23 | INFO     | app.pipeline.processing_pipeline:523 - Pipeline cam=3: 4.9 fps actual
2026-04-21 16:03:23 | INFO     | app.pipeline.processing_pipeline:523 - Pipeline cam=2: 4.7 fps actual
2026-04-21 16:03:29 | INFO     | app.pipeline.processing_pipeline:523 - Pipeline cam=3: 4.9 fps actual
2026-04-21 16:03:30 | INFO     | app.pipeline.processing_pipeline:523 - Pipeline cam=2: 4.9 fps actual
2026-04-21 16:03:35 | INFO     | app.pipeline.processing_pipeline:523 - Pipeline cam=3: 4.9 fps actual
2026-04-21 16:03:36 | INFO     | app.pipeline.processing_pipeline:523 - Pipeline cam=2: 4.8 fps actual
2026-04-21 16:03:42 | INFO     | app.pipeline.processing_pipeline:523 - Pipeline cam=3: 4.9 fps actual
2026-04-21 16:03:42 | INFO     | app.pipeline.processing_pipeline:523 - Pipeline cam=2: 4.9 fps actual
2026-04-21 16:03:48 | INFO     | app.pipeline.processing_pipeline:523 - Pipeline cam=3: 4.9 fps actual
2026-04-21 16:03:48 | INFO     | app.pipeline.processing_pipeline:523 - Pipeline cam=2: 4.9 fps actual
2026-04-21 16:03:54 | INFO     | app.pipeline.processing_pipeline:523 - Pipeline cam=3: 4.9 fps actual
2026-04-21 16:03:55 | INFO     | app.pipeline.processing_pipeline:523 - Pipeline cam=2: 4.7 fps actual
2026-04-21 16:04:00 | INFO     | app.pipeline.processing_pipeline:523 - Pipeline cam=3: 4.8 fps actual
2026-04-21 16:04:01 | INFO     | app.pipeline.processing_pipeline:523 - Pipeline cam=2: 4.7 fps actual
2026-04-21 16:04:06 | INFO     | app.pipeline.processing_pipeline:523 - Pipeline cam=3: 4.9 fps actual
2026-04-21 16:04:07 | INFO     | app.pipeline.processing_pipeline:523 - Pipeline cam=2: 4.7 fps actual
2026-04-21 16:04:12 | INFO     | app.pipeline.processing_pipeline:523 - Pipeline cam=3: 4.8 fps actual
2026-04-21 16:04:14 | INFO     | app.pipeline.processing_pipeline:523 - Pipeline cam=2: 4.7 fps actual
2026-04-21 16:04:16 | INFO     | app.recognition.face_recognizer:105 - identify_in_frame cam=2: 1 face(s) detected, 1 track(s)
2026-04-21 16:04:16 | INFO     | app.recognition.face_recognizer:204 -   face→track 170: best_id=1023 score=0.2576 (high>=0.5 verified>=0.42 med>=0.37)
2026-04-21 16:04:17 | INFO     | app.recognition.face_recognizer:105 - identify_in_frame cam=2: 1 face(s) detected, 1 track(s)
2026-04-21 16:04:17 | INFO     | app.recognition.face_recognizer:204 -   face→track 170: best_id=1023 score=0.4115 (high>=0.5 verified>=0.42 med>=0.37)
2026-04-21 16:04:18 | INFO     | app.recognition.face_recognizer:262 -   deepface candidate emp=1023 score=0.4115 verified=False sim=0.1419 facenet_min=0.55
2026-04-21 16:04:18 | INFO     | app.recognition.face_recognizer:105 - identify_in_frame cam=2: 1 face(s) detected, 1 track(s)
2026-04-21 16:04:18 | INFO     | app.recognition.face_recognizer:204 -   face→track 170: best_id=1023 score=0.3361 (high>=0.5 verified>=0.42 med>=0.37)
2026-04-21 16:04:18 | INFO     | app.recognition.face_recognizer:105 - identify_in_frame cam=2: 0 face(s) detected, 1 track(s)
2026-04-21 16:04:20 | INFO     | app.pipeline.processing_pipeline:523 - Pipeline cam=3: 4.0 fps actual
2026-04-21 16:04:20 | INFO     | app.pipeline.processing_pipeline:523 - Pipeline cam=2: 4.3 fps actual
2026-04-21 16:04:21 | INFO     | app.recognition.face_recognizer:105 - identify_in_frame cam=2: 0 face(s) detected, 1 track(s)
2026-04-21 16:04:23 | INFO     | app.recognition.face_recognizer:105 - identify_in_frame cam=2: 0 face(s) detected, 1 track(s)
2026-04-21 16:04:26 | INFO     | app.pipeline.processing_pipeline:523 - Pipeline cam=3: 4.9 fps actual
2026-04-21 16:04:27 | INFO     | app.pipeline.processing_pipeline:523 - Pipeline cam=2: 4.9 fps actual
2026-04-21 16:04:32 | INFO     | app.pipeline.processing_pipeline:523 - Pipeline cam=3: 4.9 fps actual
2026-04-21 16:04:33 | INFO     | app.pipeline.processing_pipeline:523 - Pipeline cam=2: 4.7 fps actual
2026-04-21 16:04:38 | INFO     | app.pipeline.processing_pipeline:523 - Pipeline cam=3: 4.9 fps actual
2026-04-21 16:04:39 | INFO     | app.pipeline.processing_pipeline:523 - Pipeline cam=2: 4.9 fps actual
2026-04-21 16:04:44 | INFO     | app.services.alert_service:74 - Alert: Anjali missing — last seen 55m ago
2026-04-21 16:04:44 | INFO     | app.services.alert_service:74 - Alert: gyanendra missing — last seen 116m ago
2026-04-21 16:04:45 | INFO     | app.pipeline.processing_pipeline:523 - Pipeline cam=3: 4.7 fps actual
2026-04-21 16:04:45 | INFO     | app.pipeline.processing_pipeline:523 - Pipeline cam=2: 4.7 fps actual
2026-04-21 16:04:51 | INFO     | app.pipeline.processing_pipeline:523 - Pipeline cam=3: 4.9 fps actual
2026-04-21 16:04:52 | INFO     | app.pipeline.processing_pipeline:523 - Pipeline cam=2: 4.9 fps actual
2026-04-21 16:04:57 | INFO     | app.pipeline.processing_pipeline:523 - Pipeline cam=3: 4.9 fps actual
2026-04-21 16:04:58 | INFO     | app.pipeline.processing_pipeline:523 - Pipeline cam=2: 4.9 fps actual
2026-04-21 16:05:03 | INFO     | app.pipeline.processing_pipeline:523 - Pipeline cam=3: 4.9 fps actual
2026-04-21 16:05:04 | INFO     | app.pipeline.processing_pipeline:523 - Pipeline cam=2: 4.8 fps actual
2026-04-21 16:05:09 | INFO     | app.pipeline.processing_pipeline:523 - Pipeline cam=3: 4.9 fps actual
2026-04-21 16:05:10 | INFO     | app.pipeline.processing_pipeline:523 - Pipeline cam=2: 4.9 fps actual
2026-04-21 16:05:15 | INFO     | app.pipeline.processing_pipeline:523 - Pipeline cam=3: 4.9 fps actual
2026-04-21 16:05:16 | INFO     | app.pipeline.processing_pipeline:523 - Pipeline cam=2: 4.9 fps actual
2026-04-21 16:05:22 | INFO     | app.pipeline.processing_pipeline:523 - Pipeline cam=3: 4.9 fps actual
2026-04-21 16:05:23 | INFO     | app.pipeline.processing_pipeline:523 - Pipeline cam=2: 4.7 fps actual
2026-04-21 16:05:28 | INFO     | app.pipeline.processing_pipeline:523 - Pipeline cam=3: 4.9 fps actual
2026-04-21 16:05:29 | INFO     | app.pipeline.processing_pipeline:523 - Pipeline cam=2: 4.9 fps actual
2026-04-21 16:05:34 | INFO     | app.pipeline.processing_pipeline:523 - Pipeline cam=3: 4.8 fps actual
2026-04-21 16:05:34 | INFO     | app.recognition.face_recognizer:105 - identify_in_frame cam=3: 0 face(s) detected, 1 track(s)
2026-04-21 16:05:35 | INFO     | app.recognition.face_recognizer:105 - identify_in_frame cam=3: 0 face(s) detected, 1 track(s)
2026-04-21 16:05:36 | INFO     | app.pipeline.processing_pipeline:523 - Pipeline cam=2: 4.5 fps actual
2026-04-21 16:05:36 | INFO     | app.recognition.face_recognizer:105 - identify_in_frame cam=3: 1 face(s) detected, 1 track(s)
2026-04-21 16:05:37 | INFO     | app.recognition.face_recognizer:105 - identify_in_frame cam=3: 1 face(s) detected, 1 track(s)
2026-04-21 16:05:37 | INFO     | app.recognition.face_recognizer:105 - identify_in_frame cam=2: 0 face(s) detected, 1 track(s)
2026-04-21 16:05:38 | INFO     | app.recognition.face_recognizer:105 - identify_in_frame cam=2: 0 face(s) detected, 1 track(s)
2026-04-21 16:05:39 | INFO     | app.recognition.face_recognizer:105 - identify_in_frame cam=2: 1 face(s) detected, 1 track(s)
2026-04-21 16:05:39 | INFO     | app.recognition.face_recognizer:105 - identify_in_frame cam=3: 0 face(s) detected, 1 track(s)
2026-04-21 16:05:40 | INFO     | app.recognition.face_recognizer:105 - identify_in_frame cam=3: 0 face(s) detected, 1 track(s)
2026-04-21 16:05:40 | INFO     | app.recognition.face_recognizer:105 - identify_in_frame cam=3: 0 face(s) detected, 1 track(s)
2026-04-21 16:05:41 | INFO     | app.recognition.face_recognizer:105 - identify_in_frame cam=2: 1 face(s) detected, 1 track(s)
2026-04-21 16:05:41 | INFO     | app.recognition.face_recognizer:204 -   face→track 171: best_id=1004 score=0.1532 (high>=0.5 verified>=0.42 med>=0.37)
2026-04-21 16:05:41 | INFO     | app.recognition.face_recognizer:105 - identify_in_frame cam=3: 0 face(s) detected, 1 track(s)
2026-04-21 16:05:42 | INFO     | app.pipeline.processing_pipeline:523 - Pipeline cam=3: 3.9 fps actual
2026-04-21 16:05:42 | INFO     | app.recognition.face_recognizer:105 - identify_in_frame cam=3: 0 face(s) detected, 2 track(s)
2026-04-21 16:05:43 | INFO     | app.pipeline.processing_pipeline:523 - Pipeline cam=2: 4.2 fps actual
2026-04-21 16:05:43 | INFO     | app.recognition.face_recognizer:105 - identify_in_frame cam=2: 0 face(s) detected, 1 track(s)
2026-04-21 16:05:44 | INFO     | app.recognition.face_recognizer:105 - identify_in_frame cam=3: 0 face(s) detected, 2 track(s)
2026-04-21 16:05:45 | INFO     | app.recognition.face_recognizer:105 - identify_in_frame cam=2: 0 face(s) detected, 1 track(s)
2026-04-21 16:05:46 | INFO     | app.recognition.face_recognizer:105 - identify_in_frame cam=3: 0 face(s) detected, 1 track(s)
2026-04-21 16:05:47 | INFO     | app.recognition.face_recognizer:105 - identify_in_frame cam=2: 0 face(s) detected, 1 track(s)
2026-04-21 16:05:48 | INFO     | app.pipeline.processing_pipeline:523 - Pipeline cam=3: 4.8 fps actual
2026-04-21 16:05:49 | INFO     | app.pipeline.processing_pipeline:523 - Pipeline cam=2: 4.6 fps actual
2026-04-21 16:05:54 | INFO     | app.pipeline.processing_pipeline:523 - Pipeline cam=3: 4.9 fps actual
2026-04-21 16:05:55 | INFO     | app.pipeline.processing_pipeline:523 - Pipeline cam=2: 4.9 fps actual
2026-04-21 16:06:00 | INFO     | app.pipeline.processing_pipeline:523 - Pipeline cam=3: 4.9 fps actual
2026-04-21 16:06:01 | INFO     | app.pipeline.processing_pipeline:523 - Pipeline cam=2: 4.9 fps actual
2026-04-21 16:06:06 | INFO     | app.pipeline.processing_pipeline:523 - Pipeline cam=3: 4.8 fps actual
2026-04-21 16:06:08 | INFO     | app.pipeline.processing_pipeline:523 - Pipeline cam=2: 4.8 fps actual
2026-04-21 16:06:12 | INFO     | app.pipeline.processing_pipeline:523 - Pipeline cam=3: 4.9 fps actual
2026-04-21 16:06:13 | INFO     | app.recognition.face_recognizer:105 - identify_in_frame cam=2: 0 face(s) detected, 2 track(s)
2026-04-21 16:06:14 | INFO     | app.recognition.face_recognizer:105 - identify_in_frame cam=2: 2 face(s) detected, 3 track(s)
2026-04-21 16:06:15 | INFO     | app.pipeline.processing_pipeline:523 - Pipeline cam=2: 4.1 fps actual
2026-04-21 16:06:16 | INFO     | app.recognition.face_recognizer:105 - identify_in_frame cam=2: 1 face(s) detected, 6 track(s)
2026-04-21 16:06:16 | INFO     | app.recognition.face_recognizer:204 -   face→track 174: best_id=1023 score=0.1156 (high>=0.5 verified>=0.42 med>=0.37)
2026-04-21 16:06:19 | INFO     | app.recognition.face_recognizer:105 - identify_in_frame cam=2: 3 face(s) detected, 4 track(s)
2026-04-21 16:06:21 | INFO     | app.recognition.face_recognizer:105 - identify_in_frame cam=2: 2 face(s) detected, 4 track(s)
2026-04-21 16:06:22 | INFO     | app.recognition.face_recognizer:105 - identify_in_frame cam=2: 0 face(s) detected, 3 track(s)
2026-04-21 16:06:23 | INFO     | app.recognition.face_recognizer:105 - identify_in_frame cam=2: 0 face(s) detected, 3 track(s)
2026-04-21 16:06:24 | INFO     | app.recognition.face_recognizer:105 - identify_in_frame cam=2: 0 face(s) detected, 3 track(s)
2026-04-21 16:06:24 | INFO     | app.recognition.face_recognizer:105 - identify_in_frame cam=3: 2 face(s) detected, 1 track(s)
2026-04-21 16:06:24 | INFO     | app.recognition.face_recognizer:204 -   face→track 66: best_id=1024 score=0.1035 (high>=0.5 verified>=0.42 med>=0.37)
2026-04-21 16:06:25 | INFO     | app.recognition.face_recognizer:105 - identify_in_frame cam=3: 0 face(s) detected, 1 track(s)
2026-04-21 16:06:25 | INFO     | app.recognition.face_recognizer:105 - identify_in_frame cam=2: 0 face(s) detected, 1 track(s)
2026-04-21 16:06:26 | INFO     | app.recognition.face_recognizer:105 - identify_in_frame cam=2: 0 face(s) detected, 6 track(s)
2026-04-21 16:06:26 | INFO     | app.pipeline.processing_pipeline:523 - Pipeline cam=3: 2.2 fps actual
2026-04-21 16:06:27 | INFO     | app.recognition.face_recognizer:105 - identify_in_frame cam=3: 1 face(s) detected, 1 track(s)
2026-04-21 16:06:27 | INFO     | app.recognition.face_recognizer:204 -   face→track 66: best_id=1019 score=0.0897 (high>=0.5 verified>=0.42 med>=0.37)
2026-04-21 16:06:28 | INFO     | app.recognition.face_recognizer:105 - identify_in_frame cam=3: 0 face(s) detected, 1 track(s)
2026-04-21 16:06:28 | INFO     | app.recognition.face_recognizer:105 - identify_in_frame cam=3: 0 face(s) detected, 1 track(s)
2026-04-21 16:06:29 | INFO     | app.pipeline.processing_pipeline:523 - Pipeline cam=2: 2.2 fps actual
2026-04-21 16:06:29 | INFO     | app.recognition.face_recognizer:105 - identify_in_frame cam=3: 0 face(s) detected, 1 track(s)
2026-04-21 16:06:29 | INFO     | app.recognition.face_recognizer:105 - identify_in_frame cam=2: 0 face(s) detected, 6 track(s)
2026-04-21 16:06:30 | INFO     | app.recognition.face_recognizer:105 - identify_in_frame cam=3: 0 face(s) detected, 2 track(s)
2026-04-21 16:06:31 | INFO     | app.recognition.face_recognizer:105 - identify_in_frame cam=2: 0 face(s) detected, 1 track(s)
2026-04-21 16:06:31 | INFO     | app.recognition.face_recognizer:105 - identify_in_frame cam=2: 0 face(s) detected, 1 track(s)
2026-04-21 16:06:32 | INFO     | app.recognition.face_recognizer:105 - identify_in_frame cam=2: 0 face(s) detected, 2 track(s)
2026-04-21 16:06:32 | INFO     | app.recognition.face_recognizer:105 - identify_in_frame cam=3: 0 face(s) detected, 2 track(s)
2026-04-21 16:06:34 | INFO     | app.pipeline.processing_pipeline:523 - Pipeline cam=3: 3.6 fps actual
2026-04-21 16:06:35 | INFO     | app.recognition.face_recognizer:105 - identify_in_frame cam=3: 0 face(s) detected, 1 track(s)
2026-04-21 16:06:37 | INFO     | app.pipeline.processing_pipeline:523 - Pipeline cam=2: 3.8 fps actual
2026-04-21 16:06:41 | INFO     | app.pipeline.processing_pipeline:523 - Pipeline cam=3: 4.9 fps actual
2026-04-21 16:06:43 | INFO     | app.pipeline.processing_pipeline:523 - Pipeline cam=2: 4.8 fps actual
2026-04-21 16:06:47 | INFO     | app.pipeline.processing_pipeline:523 - Pipeline cam=3: 4.9 fps actual
2026-04-21 16:06:49 | INFO     | app.pipeline.processing_pipeline:523 - Pipeline cam=2: 4.8 fps actual
2026-04-21 16:06:53 | INFO     | app.pipeline.processing_pipeline:523 - Pipeline cam=3: 4.9 fps actual
2026-04-21 16:06:55 | INFO     | app.pipeline.processing_pipeline:523 - Pipeline cam=2: 4.7 fps actual
2026-04-21 16:06:59 | INFO     | app.pipeline.processing_pipeline:523 - Pipeline cam=3: 4.9 fps actual
2026-04-21 16:07:02 | INFO     | app.pipeline.processing_pipeline:523 - Pipeline cam=2: 4.9 fps actual
2026-04-21 16:07:05 | INFO     | app.pipeline.processing_pipeline:523 - Pipeline cam=3: 4.9 fps actual
2026-04-21 16:07:08 | INFO     | app.pipeline.processing_pipeline:523 - Pipeline cam=2: 4.7 fps actual
2026-04-21 16:07:11 | INFO     | app.pipeline.processing_pipeline:523 - Pipeline cam=3: 4.9 fps actual
2026-04-21 16:07:14 | INFO     | app.pipeline.processing_pipeline:523 - Pipeline cam=2: 4.9 fps actual
2026-04-21 16:07:17 | INFO     | app.pipeline.processing_pipeline:523 - Pipeline cam=3: 4.9 fps actual
2026-04-21 16:07:20 | INFO     | app.pipeline.processing_pipeline:523 - Pipeline cam=2: 4.7 fps actual
2026-04-21 16:07:24 | INFO     | app.pipeline.processing_pipeline:523 - Pipeline cam=3: 4.8 fps actual
2026-04-21 16:07:27 | INFO     | app.pipeline.processing_pipeline:523 - Pipeline cam=2: 4.7 fps actual
2026-04-21 16:07:30 | INFO     | app.pipeline.processing_pipeline:523 - Pipeline cam=3: 4.9 fps actual
2026-04-21 16:07:33 | INFO     | app.pipeline.processing_pipeline:523 - Pipeline cam=2: 4.9 fps actual
2026-04-21 16:07:34 | INFO     | app.recognition.face_recognizer:105 - identify_in_frame cam=2: 0 face(s) detected, 1 track(s)
2026-04-21 16:07:35 | INFO     | app.recognition.face_recognizer:105 - identify_in_frame cam=2: 0 face(s) detected, 2 track(s)
2026-04-21 16:07:36 | INFO     | app.recognition.face_recognizer:105 - identify_in_frame cam=2: 0 face(s) detected, 3 track(s)
2026-04-21 16:07:37 | INFO     | app.pipeline.processing_pipeline:523 - Pipeline cam=3: 4.4 fps actual
2026-04-21 16:07:37 | INFO     | app.recognition.face_recognizer:105 - identify_in_frame cam=2: 1 face(s) detected, 3 track(s)
2026-04-21 16:07:39 | INFO     | app.recognition.face_recognizer:105 - identify_in_frame cam=2: 1 face(s) detected, 3 track(s)
2026-04-21 16:07:40 | INFO     | app.recognition.face_recognizer:105 - identify_in_frame cam=2: 0 face(s) detected, 3 track(s)
2026-04-21 16:07:41 | INFO     | app.recognition.face_recognizer:105 - identify_in_frame cam=2: 0 face(s) detected, 2 track(s)
2026-04-21 16:07:41 | INFO     | app.recognition.face_recognizer:105 - identify_in_frame cam=3: 1 face(s) detected, 1 track(s)
2026-04-21 16:07:41 | INFO     | app.recognition.face_recognizer:204 -   face→track 68: best_id=1024 score=0.1996 (high>=0.5 verified>=0.42 med>=0.37)
2026-04-21 16:07:42 | INFO     | app.recognition.face_recognizer:105 - identify_in_frame cam=2: 0 face(s) detected, 1 track(s)
2026-04-21 16:07:43 | INFO     | app.recognition.face_recognizer:105 - identify_in_frame cam=3: 2 face(s) detected, 1 track(s)
2026-04-21 16:07:43 | INFO     | app.recognition.face_recognizer:204 -   face→track 68: best_id=1025 score=0.1782 (high>=0.5 verified>=0.42 med>=0.37)
2026-04-21 16:07:43 | INFO     | app.recognition.face_recognizer:172 -   face bbox=(382,247,412,267) — no track within 400px
2026-04-21 16:07:43 | INFO     | app.pipeline.processing_pipeline:523 - Pipeline cam=2: 3.0 fps actual
2026-04-21 16:07:43 | INFO     | app.recognition.face_recognizer:105 - identify_in_frame cam=2: 0 face(s) detected, 5 track(s)
2026-04-21 16:07:44 | INFO     | app.recognition.face_recognizer:105 - identify_in_frame cam=3: 1 face(s) detected, 1 track(s)
2026-04-21 16:07:44 | INFO     | app.recognition.face_recognizer:204 -   face→track 68: best_id=1007 score=0.1996 (high>=0.5 verified>=0.42 med>=0.37)
2026-04-21 16:07:45 | INFO     | app.recognition.face_recognizer:105 - identify_in_frame cam=3: 0 face(s) detected, 1 track(s)
2026-04-21 16:07:46 | INFO     | app.recognition.face_recognizer:105 - identify_in_frame cam=2: 0 face(s) detected, 4 track(s)
2026-04-21 16:07:48 | INFO     | app.pipeline.processing_pipeline:523 - Pipeline cam=3: 2.8 fps actual
2026-04-21 16:07:48 | INFO     | app.recognition.face_recognizer:105 - identify_in_frame cam=3: 0 face(s) detected, 1 track(s)
2026-04-21 16:07:49 | INFO     | app.recognition.face_recognizer:105 - identify_in_frame cam=2: 0 face(s) detected, 2 track(s)
2026-04-21 16:07:50 | INFO     | app.recognition.face_recognizer:105 - identify_in_frame cam=3: 0 face(s) detected, 1 track(s)
2026-04-21 16:07:50 | INFO     | app.pipeline.processing_pipeline:523 - Pipeline cam=2: 4.0 fps actual
2026-04-21 16:07:52 | INFO     | app.recognition.face_recognizer:105 - identify_in_frame cam=3: 0 face(s) detected, 1 track(s)
2026-04-21 16:07:54 | INFO     | app.pipeline.processing_pipeline:523 - Pipeline cam=3: 4.9 fps actual
2026-04-21 16:07:57 | INFO     | app.pipeline.processing_pipeline:523 - Pipeline cam=2: 4.7 fps actual
2026-04-21 16:08:00 | INFO     | app.pipeline.processing_pipeline:523 - Pipeline cam=3: 4.9 fps actual
2026-04-21 16:08:03 | INFO     | app.pipeline.processing_pipeline:523 - Pipeline cam=2: 4.9 fps actual
2026-04-21 16:08:06 | INFO     | app.pipeline.processing_pipeline:523 - Pipeline cam=3: 4.9 fps actual
2026-04-21 16:08:09 | INFO     | app.pipeline.processing_pipeline:523 - Pipeline cam=2: 4.8 fps actual
2026-04-21 16:08:12 | INFO     | app.pipeline.processing_pipeline:523 - Pipeline cam=3: 4.9 fps actual
2026-04-21 16:08:16 | INFO     | app.pipeline.processing_pipeline:523 - Pipeline cam=2: 4.9 fps actual
2026-04-21 16:08:18 | INFO     | app.pipeline.processing_pipeline:523 - Pipeline cam=3: 4.9 fps actual
2026-04-21 16:08:22 | INFO     | app.pipeline.processing_pipeline:523 - Pipeline cam=2: 4.9 fps actual
2026-04-21 16:08:24 | INFO     | app.pipeline.processing_pipeline:523 - Pipeline cam=3: 4.9 fps actual
2026-04-21 16:08:28 | INFO     | app.pipeline.processing_pipeline:523 - Pipeline cam=2: 4.7 fps actual
2026-04-21 16:08:31 | INFO     | app.pipeline.processing_pipeline:523 - Pipeline cam=3: 4.9 fps actual
2026-04-21 16:08:34 | INFO     | app.pipeline.processing_pipeline:523 - Pipeline cam=2: 4.8 fps actual
2026-04-21 16:08:37 | INFO     | app.pipeline.processing_pipeline:523 - Pipeline cam=3: 4.9 fps actual
2026-04-21 16:08:41 | INFO     | app.pipeline.processing_pipeline:523 - Pipeline cam=2: 4.7 fps actual
2026-04-21 16:08:43 | INFO     | app.pipeline.processing_pipeline:523 - Pipeline cam=3: 4.9 fps actual
2026-04-21 16:08:47 | INFO     | app.pipeline.processing_pipeline:523 - Pipeline cam=2: 4.9 fps actual
2026-04-21 16:08:49 | INFO     | app.pipeline.processing_pipeline:523 - Pipeline cam=3: 4.9 fps actual
2026-04-21 16:08:53 | INFO     | app.pipeline.processing_pipeline:523 - Pipeline cam=2: 4.9 fps actual
2026-04-21 16:08:55 | INFO     | app.pipeline.processing_pipeline:523 - Pipeline cam=3: 4.9 fps actual
2026-04-21 16:08:59 | INFO     | app.pipeline.processing_pipeline:523 - Pipeline cam=2: 4.7 fps actual
2026-04-21 16:09:01 | INFO     | app.pipeline.processing_pipeline:523 - Pipeline cam=3: 4.9 fps actual
2026-04-21 16:09:05 | INFO     | app.pipeline.processing_pipeline:523 - Pipeline cam=2: 4.9 fps actual
2026-04-21 16:09:07 | INFO     | app.pipeline.processing_pipeline:523 - Pipeline cam=3: 4.9 fps actual
2026-04-21 16:09:11 | INFO     | app.pipeline.processing_pipeline:523 - Pipeline cam=2: 4.9 fps actual
2026-04-21 16:09:14 | INFO     | app.pipeline.processing_pipeline:523 - Pipeline cam=3: 4.9 fps actual
2026-04-21 16:09:18 | INFO     | app.pipeline.processing_pipeline:523 - Pipeline cam=2: 4.9 fps actual
2026-04-21 16:09:18 | INFO     | app.recognition.face_recognizer:105 - identify_in_frame cam=2: 1 face(s) detected, 1 track(s)
2026-04-21 16:09:19 | INFO     | app.recognition.face_recognizer:105 - identify_in_frame cam=2: 1 face(s) detected, 1 track(s)
2026-04-21 16:09:20 | INFO     | app.recognition.face_recognizer:105 - identify_in_frame cam=2: 1 face(s) detected, 1 track(s)
2026-04-21 16:09:21 | INFO     | app.recognition.face_recognizer:105 - identify_in_frame cam=2: 0 face(s) detected, 1 track(s)
2026-04-21 16:09:21 | INFO     | app.recognition.face_recognizer:105 - identify_in_frame cam=2: 0 face(s) detected, 1 track(s)
2026-04-21 16:09:21 | INFO     | app.pipeline.processing_pipeline:523 - Pipeline cam=3: 3.8 fps actual
2026-04-21 16:09:22 | INFO     | app.recognition.face_recognizer:105 - identify_in_frame cam=2: 1 face(s) detected, 1 track(s)
2026-04-21 16:09:23 | INFO     | app.recognition.face_recognizer:105 - identify_in_frame cam=2: 0 face(s) detected, 1 track(s)
2026-04-21 16:09:23 | INFO     | app.recognition.face_recognizer:105 - identify_in_frame cam=2: 0 face(s) detected, 1 track(s)
2026-04-21 16:09:24 | INFO     | app.recognition.face_recognizer:105 - identify_in_frame cam=2: 0 face(s) detected, 2 track(s)
2026-04-21 16:09:25 | INFO     | app.recognition.face_recognizer:105 - identify_in_frame cam=3: 2 face(s) detected, 1 track(s)
2026-04-21 16:09:26 | INFO     | app.recognition.face_recognizer:105 - identify_in_frame cam=2: 0 face(s) detected, 2 track(s)
2026-04-21 16:09:26 | INFO     | app.recognition.face_recognizer:105 - identify_in_frame cam=3: 1 face(s) detected, 1 track(s)
2026-04-21 16:09:27 | INFO     | app.recognition.face_recognizer:105 - identify_in_frame cam=2: 1 face(s) detected, 2 track(s)
2026-04-21 16:09:28 | INFO     | app.recognition.face_recognizer:105 - identify_in_frame cam=3: 3 face(s) detected, 1 track(s)
2026-04-21 16:09:28 | INFO     | app.recognition.face_recognizer:204 -   face→track 69: best_id=1003 score=0.1074 (high>=0.5 verified>=0.42 med>=0.37)
2026-04-21 16:09:29 | INFO     | app.recognition.face_recognizer:105 - identify_in_frame cam=2: 0 face(s) detected, 2 track(s)
2026-04-21 16:09:29 | INFO     | app.recognition.face_recognizer:105 - identify_in_frame cam=3: 0 face(s) detected, 1 track(s)
2026-04-21 16:09:30 | INFO     | app.pipeline.processing_pipeline:523 - Pipeline cam=2: 2.5 fps actual
2026-04-21 16:09:30 | INFO     | app.recognition.face_recognizer:105 - identify_in_frame cam=2: 0 face(s) detected, 5 track(s)
2026-04-21 16:09:30 | INFO     | app.recognition.face_recognizer:105 - identify_in_frame cam=3: 1 face(s) detected, 1 track(s)
2026-04-21 16:09:31 | INFO     | app.recognition.face_recognizer:105 - identify_in_frame cam=3: 1 face(s) detected, 1 track(s)
2026-04-21 16:09:32 | INFO     | app.recognition.face_recognizer:105 - identify_in_frame cam=2: 0 face(s) detected, 1 track(s)
2026-04-21 16:09:32 | INFO     | app.recognition.face_recognizer:105 - identify_in_frame cam=3: 0 face(s) detected, 2 track(s)
2026-04-21 16:09:34 | INFO     | app.recognition.face_recognizer:105 - identify_in_frame cam=3: 1 face(s) detected, 1 track(s)
2026-04-21 16:09:34 | INFO     | app.recognition.face_recognizer:204 -   face→track 71: best_id=1017 score=0.1102 (high>=0.5 verified>=0.42 med>=0.37)
2026-04-21 16:09:34 | INFO     | app.recognition.face_recognizer:105 - identify_in_frame cam=2: 0 face(s) detected, 1 track(s)
2026-04-21 16:09:35 | INFO     | app.recognition.face_recognizer:105 - identify_in_frame cam=3: 1 face(s) detected, 1 track(s)
2026-04-21 16:09:35 | INFO     | app.recognition.face_recognizer:204 -   face→track 71: best_id=1003 score=0.1235 (high>=0.5 verified>=0.42 med>=0.37)
2026-04-21 16:09:35 | INFO     | app.recognition.face_recognizer:105 - identify_in_frame cam=2: 0 face(s) detected, 4 track(s)
2026-04-21 16:09:36 | INFO     | app.pipeline.processing_pipeline:523 - Pipeline cam=3: 2.1 fps actual
2026-04-21 16:09:36 | INFO     | app.recognition.face_recognizer:105 - identify_in_frame cam=2: 0 face(s) detected, 1 track(s)
2026-04-21 16:09:36 | INFO     | app.recognition.face_recognizer:105 - identify_in_frame cam=3: 0 face(s) detected, 3 track(s)
2026-04-21 16:09:37 | INFO     | app.recognition.face_recognizer:105 - identify_in_frame cam=2: 0 face(s) detected, 1 track(s)
2026-04-21 16:09:38 | INFO     | app.recognition.face_recognizer:105 - identify_in_frame cam=2: 0 face(s) detected, 4 track(s)
2026-04-21 16:09:39 | INFO     | app.recognition.face_recognizer:105 - identify_in_frame cam=3: 1 face(s) detected, 3 track(s)
2026-04-21 16:09:39 | INFO     | app.recognition.face_recognizer:204 -   face→track 71: best_id=1003 score=0.0908 (high>=0.5 verified>=0.42 med>=0.37)
2026-04-21 16:09:41 | INFO     | app.pipeline.processing_pipeline:523 - Pipeline cam=2: 2.6 fps actual
2026-04-21 16:09:41 | INFO     | app.recognition.face_recognizer:105 - identify_in_frame cam=2: 0 face(s) detected, 4 track(s)
2026-04-21 16:09:42 | INFO     | app.recognition.face_recognizer:105 - identify_in_frame cam=3: 0 face(s) detected, 2 track(s)
2026-04-21 16:09:44 | INFO     | app.recognition.face_recognizer:105 - identify_in_frame cam=2: 0 face(s) detected, 2 track(s)
2026-04-21 16:09:44 | INFO     | app.pipeline.processing_pipeline:523 - Pipeline cam=3: 3.6 fps actual
2026-04-21 16:09:44 | INFO     | app.recognition.face_recognizer:105 - identify_in_frame cam=3: 0 face(s) detected, 2 track(s)
2026-04-21 16:09:46 | INFO     | app.recognition.face_recognizer:105 - identify_in_frame cam=2: 0 face(s) detected, 1 track(s)
2026-04-21 16:09:46 | INFO     | app.recognition.face_recognizer:105 - identify_in_frame cam=3: 0 face(s) detected, 1 track(s)
2026-04-21 16:09:48 | INFO     | app.pipeline.processing_pipeline:523 - Pipeline cam=2: 4.4 fps actual
2026-04-21 16:09:50 | INFO     | app.pipeline.processing_pipeline:523 - Pipeline cam=3: 4.8 fps actual
2026-04-21 16:09:54 | INFO     | app.pipeline.processing_pipeline:523 - Pipeline cam=2: 4.9 fps actual
2026-04-21 16:09:57 | INFO     | app.pipeline.processing_pipeline:523 - Pipeline cam=3: 4.9 fps actual
2026-04-21 16:10:00 | INFO     | app.pipeline.processing_pipeline:523 - Pipeline cam=2: 4.9 fps actual
2026-04-21 16:10:03 | INFO     | app.pipeline.processing_pipeline:523 - Pipeline cam=3: 4.9 fps actual
2026-04-21 16:10:07 | INFO     | app.pipeline.processing_pipeline:523 - Pipeline cam=2: 4.7 fps actual
2026-04-21 16:10:09 | INFO     | app.pipeline.processing_pipeline:523 - Pipeline cam=3: 4.9 fps actual
2026-04-21 16:10:13 | INFO     | app.pipeline.processing_pipeline:523 - Pipeline cam=2: 4.9 fps actual
2026-04-21 16:10:15 | INFO     | app.pipeline.processing_pipeline:523 - Pipeline cam=3: 4.9 fps actual
2026-04-21 16:10:19 | INFO     | app.pipeline.processing_pipeline:523 - Pipeline cam=2: 4.9 fps actual
2026-04-21 16:10:21 | INFO     | app.pipeline.processing_pipeline:523 - Pipeline cam=3: 4.9 fps actual
2026-04-21 16:10:25 | INFO     | app.pipeline.processing_pipeline:523 - Pipeline cam=2: 4.9 fps actual
2026-04-21 16:10:27 | INFO     | app.pipeline.processing_pipeline:523 - Pipeline cam=3: 4.9 fps actual
2026-04-21 16:10:31 | INFO     | app.pipeline.processing_pipeline:523 - Pipeline cam=2: 4.9 fps actual
2026-04-21 16:10:33 | INFO     | app.pipeline.processing_pipeline:523 - Pipeline cam=3: 4.9 fps actual
2026-04-21 16:10:37 | INFO     | app.pipeline.processing_pipeline:523 - Pipeline cam=2: 4.9 fps actual
2026-04-21 16:10:40 | INFO     | app.pipeline.processing_pipeline:523 - Pipeline cam=3: 4.9 fps actual
2026-04-21 16:10:43 | INFO     | app.pipeline.processing_pipeline:523 - Pipeline cam=2: 4.8 fps actual
2026-04-21 16:10:44 | INFO     | app.services.alert_service:74 - Alert: hariom missing — last seen 132m ago
2026-04-21 16:10:44 | INFO     | app.services.alert_service:74 - Alert: Himanshi  missing — last seen 129m ago
2026-04-21 16:10:44 | INFO     | app.services.alert_service:74 - Alert: devkanya missing — last seen 128m ago
2026-04-21 16:10:46 | INFO     | app.pipeline.processing_pipeline:523 - Pipeline cam=3: 4.9 fps actual
2026-04-21 16:10:47 | INFO     | app.recognition.face_recognizer:105 - identify_in_frame cam=3: 0 face(s) detected, 1 track(s)
2026-04-21 16:10:47 | INFO     | app.recognition.face_recognizer:105 - identify_in_frame cam=3: 0 face(s) detected, 1 track(s)
2026-04-21 16:10:48 | INFO     | app.recognition.face_recognizer:105 - identify_in_frame cam=3: 0 face(s) detected, 1 track(s)
2026-04-21 16:10:48 | INFO     | app.recognition.face_recognizer:105 - identify_in_frame cam=3: 0 face(s) detected, 1 track(s)
2026-04-21 16:10:50 | INFO     | app.recognition.face_recognizer:105 - identify_in_frame cam=3: 0 face(s) detected, 1 track(s)
2026-04-21 16:10:50 | INFO     | app.pipeline.processing_pipeline:523 - Pipeline cam=2: 4.4 fps actual
2026-04-21 16:10:52 | INFO     | app.pipeline.processing_pipeline:523 - Pipeline cam=3: 4.7 fps actual
2026-04-21 16:10:52 | INFO     | app.recognition.face_recognizer:105 - identify_in_frame cam=3: 0 face(s) detected, 1 track(s)
2026-04-21 16:10:54 | INFO     | app.recognition.face_recognizer:105 - identify_in_frame cam=3: 0 face(s) detected, 1 track(s)
2026-04-21 16:10:55 | INFO     | app.recognition.face_recognizer:105 - identify_in_frame cam=3: 0 face(s) detected, 1 track(s)
2026-04-21 16:10:55 | INFO     | app.recognition.face_recognizer:105 - identify_in_frame cam=3: 0 face(s) detected, 1 track(s)
2026-04-21 16:10:56 | INFO     | app.recognition.face_recognizer:105 - identify_in_frame cam=3: 0 face(s) detected, 1 track(s)
2026-04-21 16:10:57 | INFO     | app.pipeline.processing_pipeline:523 - Pipeline cam=2: 4.8 fps actual
2026-04-21 16:10:58 | INFO     | app.pipeline.processing_pipeline:523 - Pipeline cam=3: 4.8 fps actual
2026-04-21 16:10:58 | INFO     | app.recognition.face_recognizer:105 - identify_in_frame cam=3: 0 face(s) detected, 1 track(s)
2026-04-21 16:11:01 | INFO     | app.recognition.face_recognizer:105 - identify_in_frame cam=3: 0 face(s) detected, 1 track(s)
2026-04-21 16:11:02 | INFO     | app.recognition.face_recognizer:105 - identify_in_frame cam=3: 0 face(s) detected, 1 track(s)
2026-04-21 16:11:02 | INFO     | app.recognition.face_recognizer:105 - identify_in_frame cam=3: 0 face(s) detected, 1 track(s)
2026-04-21 16:11:03 | INFO     | app.recognition.face_recognizer:105 - identify_in_frame cam=3: 0 face(s) detected, 1 track(s)
2026-04-21 16:11:03 | INFO     | app.pipeline.processing_pipeline:523 - Pipeline cam=2: 4.8 fps actual
2026-04-21 16:11:05 | INFO     | app.pipeline.processing_pipeline:523 - Pipeline cam=3: 4.7 fps actual
2026-04-21 16:11:05 | INFO     | app.recognition.face_recognizer:105 - identify_in_frame cam=3: 0 face(s) detected, 1 track(s)
2026-04-21 16:11:07 | INFO     | app.recognition.face_recognizer:105 - identify_in_frame cam=3: 0 face(s) detected, 1 track(s)
2026-04-21 16:11:09 | INFO     | app.recognition.face_recognizer:105 - identify_in_frame cam=3: 0 face(s) detected, 1 track(s)
2026-04-21 16:11:09 | INFO     | app.pipeline.processing_pipeline:523 - Pipeline cam=2: 4.8 fps actual
2026-04-21 16:11:11 | INFO     | app.pipeline.processing_pipeline:523 - Pipeline cam=3: 4.8 fps actual
2026-04-21 16:11:11 | INFO     | app.recognition.face_recognizer:105 - identify_in_frame cam=3: 0 face(s) detected, 1 track(s)
2026-04-21 16:11:13 | INFO     | app.recognition.face_recognizer:105 - identify_in_frame cam=3: 0 face(s) detected, 1 track(s)
2026-04-21 16:11:15 | INFO     | app.recognition.face_recognizer:105 - identify_in_frame cam=3: 0 face(s) detected, 1 track(s)
2026-04-21 16:11:15 | INFO     | app.pipeline.processing_pipeline:523 - Pipeline cam=2: 4.7 fps actual
2026-04-21 16:11:17 | INFO     | app.pipeline.processing_pipeline:523 - Pipeline cam=3: 4.9 fps actual
2026-04-21 16:11:21 | INFO     | app.pipeline.processing_pipeline:523 - Pipeline cam=2: 5.0 fps actual
2026-04-21 16:11:23 | INFO     | app.pipeline.processing_pipeline:523 - Pipeline cam=3: 4.9 fps actual
2026-04-21 16:11:28 | INFO     | app.pipeline.processing_pipeline:523 - Pipeline cam=2: 4.3 fps actual
2026-04-21 16:11:29 | INFO     | app.pipeline.processing_pipeline:523 - Pipeline cam=3: 4.7 fps actual
2026-04-21 16:11:34 | INFO     | app.pipeline.processing_pipeline:523 - Pipeline cam=2: 4.9 fps actual
2026-04-21 16:11:36 | INFO     | app.pipeline.processing_pipeline:523 - Pipeline cam=3: 4.9 fps actual
2026-04-21 16:11:41 | INFO     | app.pipeline.processing_pipeline:523 - Pipeline cam=2: 4.9 fps actual
2026-04-21 16:11:42 | INFO     | app.pipeline.processing_pipeline:523 - Pipeline cam=3: 4.9 fps actual
2026-04-21 16:11:47 | INFO     | app.pipeline.processing_pipeline:523 - Pipeline cam=2: 4.9 fps actual
2026-04-21 16:11:48 | INFO     | app.pipeline.processing_pipeline:523 - Pipeline cam=3: 4.9 fps actual
2026-04-21 16:11:53 | INFO     | app.pipeline.processing_pipeline:523 - Pipeline cam=2: 4.7 fps actual
2026-04-21 16:11:54 | INFO     | app.pipeline.processing_pipeline:523 - Pipeline cam=3: 4.9 fps actual
2026-04-21 16:11:55 | INFO     | app.recognition.face_recognizer:105 - identify_in_frame cam=2: 1 face(s) detected, 1 track(s)
2026-04-21 16:11:55 | INFO     | app.recognition.face_recognizer:204 -   face→track 194: best_id=1018 score=0.1806 (high>=0.5 verified>=0.42 med>=0.37)
2026-04-21 16:11:56 | INFO     | app.recognition.face_recognizer:105 - identify_in_frame cam=2: 1 face(s) detected, 2 track(s)
2026-04-21 16:11:56 | INFO     | app.recognition.face_recognizer:204 -   face→track 195: best_id=2028 score=0.2544 (high>=0.5 verified>=0.42 med>=0.37)
2026-04-21 16:11:57 | INFO     | app.recognition.face_recognizer:105 - identify_in_frame cam=2: 1 face(s) detected, 3 track(s)
2026-04-21 16:11:57 | INFO     | app.recognition.face_recognizer:204 -   face→track 196: best_id=2028 score=0.2372 (high>=0.5 verified>=0.42 med>=0.37)
2026-04-21 16:11:57 | INFO     | app.recognition.face_recognizer:105 - identify_in_frame cam=2: 0 face(s) detected, 2 track(s)
2026-04-21 16:11:58 | INFO     | app.recognition.face_recognizer:105 - identify_in_frame cam=2: 0 face(s) detected, 2 track(s)
2026-04-21 16:11:59 | INFO     | app.recognition.face_recognizer:105 - identify_in_frame cam=2: 0 face(s) detected, 1 track(s)
2026-04-21 16:12:00 | INFO     | app.recognition.face_recognizer:105 - identify_in_frame cam=3: 0 face(s) detected, 1 track(s)
2026-04-21 16:12:01 | INFO     | app.pipeline.processing_pipeline:523 - Pipeline cam=2: 4.0 fps actual
2026-04-21 16:12:01 | INFO     | app.recognition.face_recognizer:105 - identify_in_frame cam=3: 0 face(s) detected, 1 track(s)
2026-04-21 16:12:01 | INFO     | app.recognition.face_recognizer:105 - identify_in_frame cam=2: 0 face(s) detected, 3 track(s)
2026-04-21 16:12:02 | INFO     | app.recognition.face_recognizer:105 - identify_in_frame cam=3: 0 face(s) detected, 1 track(s)
2026-04-21 16:12:02 | INFO     | app.pipeline.processing_pipeline:523 - Pipeline cam=3: 3.6 fps actual
2026-04-21 16:12:02 | INFO     | app.recognition.face_recognizer:105 - identify_in_frame cam=3: 0 face(s) detected, 1 track(s)
2026-04-21 16:12:03 | INFO     | app.recognition.face_recognizer:105 - identify_in_frame cam=2: 0 face(s) detected, 2 track(s)
2026-04-21 16:12:04 | INFO     | app.recognition.face_recognizer:105 - identify_in_frame cam=3: 0 face(s) detected, 1 track(s)
2026-04-21 16:12:05 | INFO     | app.recognition.face_recognizer:105 - identify_in_frame cam=2: 1 face(s) detected, 1 track(s)
2026-04-21 16:12:05 | INFO     | app.recognition.face_recognizer:204 -   face→track 195: best_id=1012 score=0.1549 (high>=0.5 verified>=0.42 med>=0.37)
2026-04-21 16:12:06 | INFO     | app.recognition.face_recognizer:105 - identify_in_frame cam=3: 0 face(s) detected, 1 track(s)
2026-04-21 16:12:07 | INFO     | app.pipeline.processing_pipeline:523 - Pipeline cam=2: 4.5 fps actual
2026-04-21 16:12:07 | INFO     | app.recognition.face_recognizer:105 - identify_in_frame cam=2: 0 face(s) detected, 1 track(s)
2026-04-21 16:12:09 | INFO     | app.pipeline.processing_pipeline:523 - Pipeline cam=3: 4.7 fps actual
2026-04-21 16:12:10 | INFO     | app.recognition.face_recognizer:105 - identify_in_frame cam=2: 0 face(s) detected, 1 track(s)
2026-04-21 16:12:12 | INFO     | app.recognition.face_recognizer:105 - identify_in_frame cam=2: 0 face(s) detected, 1 track(s)
2026-04-21 16:12:14 | INFO     | app.pipeline.processing_pipeline:523 - Pipeline cam=2: 4.7 fps actual
2026-04-21 16:12:15 | INFO     | app.pipeline.processing_pipeline:523 - Pipeline cam=3: 4.9 fps actual
2026-04-21 16:12:20 | INFO     | app.pipeline.processing_pipeline:523 - Pipeline cam=2: 4.7 fps actual
2026-04-21 16:12:21 | INFO     | app.pipeline.processing_pipeline:523 - Pipeline cam=3: 4.7 fps actual
2026-04-21 16:12:26 | INFO     | app.pipeline.processing_pipeline:523 - Pipeline cam=2: 4.7 fps actual
2026-04-21 16:12:27 | INFO     | app.pipeline.processing_pipeline:523 - Pipeline cam=3: 4.9 fps actual
2026-04-21 16:12:32 | INFO     | app.pipeline.processing_pipeline:523 - Pipeline cam=2: 4.9 fps actual
2026-04-21 16:12:33 | INFO     | app.pipeline.processing_pipeline:523 - Pipeline cam=3: 4.9 fps actual
2026-04-21 16:12:39 | INFO     | app.pipeline.processing_pipeline:523 - Pipeline cam=2: 4.7 fps actual
2026-04-21 16:12:39 | INFO     | app.pipeline.processing_pipeline:523 - Pipeline cam=3: 4.9 fps actual
2026-04-21 16:12:44 | INFO     | app.services.alert_service:74 - Alert: Devrishi Sharma missing — last seen 106m ago
2026-04-21 16:12:45 | INFO     | app.pipeline.processing_pipeline:523 - Pipeline cam=2: 4.9 fps actual
2026-04-21 16:12:46 | INFO     | app.pipeline.processing_pipeline:523 - Pipeline cam=3: 4.9 fps actual
2026-04-21 16:12:51 | INFO     | app.pipeline.processing_pipeline:523 - Pipeline cam=2: 4.7 fps actual
2026-04-21 16:12:52 | INFO     | app.pipeline.processing_pipeline:523 - Pipeline cam=3: 4.9 fps actual
2026-04-21 16:12:57 | INFO     | app.pipeline.processing_pipeline:523 - Pipeline cam=2: 4.9 fps actual
2026-04-21 16:12:58 | INFO     | app.pipeline.processing_pipeline:523 - Pipeline cam=3: 4.8 fps actual
2026-04-21 16:13:04 | INFO     | app.pipeline.processing_pipeline:523 - Pipeline cam=2: 4.7 fps actual
2026-04-21 16:13:04 | INFO     | app.pipeline.processing_pipeline:523 - Pipeline cam=3: 4.9 fps actual
2026-04-21 16:13:10 | INFO     | app.pipeline.processing_pipeline:523 - Pipeline cam=2: 4.9 fps actual
2026-04-21 16:13:10 | INFO     | app.pipeline.processing_pipeline:523 - Pipeline cam=3: 4.7 fps actual
2026-04-21 16:13:16 | INFO     | app.pipeline.processing_pipeline:523 - Pipeline cam=2: 4.9 fps actual
2026-04-21 16:13:17 | INFO     | app.pipeline.processing_pipeline:523 - Pipeline cam=3: 4.9 fps actual
2026-04-21 16:13:23 | INFO     | app.pipeline.processing_pipeline:523 - Pipeline cam=2: 4.6 fps actual
2026-04-21 16:13:23 | INFO     | app.pipeline.processing_pipeline:523 - Pipeline cam=3: 4.4 fps actual
2026-04-21 16:13:30 | INFO     | app.pipeline.processing_pipeline:523 - Pipeline cam=3: 4.4 fps actual
2026-04-21 16:13:31 | INFO     | app.pipeline.processing_pipeline:523 - Pipeline cam=2: 3.6 fps actual
2026-04-21 16:13:36 | INFO     | app.pipeline.processing_pipeline:523 - Pipeline cam=3: 4.9 fps actual
2026-04-21 16:13:37 | INFO     | app.pipeline.processing_pipeline:523 - Pipeline cam=2: 4.8 fps actual
2026-04-21 16:13:43 | INFO     | app.pipeline.processing_pipeline:523 - Pipeline cam=3: 4.6 fps actual
2026-04-21 16:13:44 | INFO     | app.pipeline.processing_pipeline:523 - Pipeline cam=2: 4.6 fps actual
2026-04-21 16:13:50 | INFO     | app.pipeline.processing_pipeline:523 - Pipeline cam=3: 4.4 fps actual
2026-04-21 16:13:51 | INFO     | app.pipeline.processing_pipeline:523 - Pipeline cam=2: 4.1 fps actual
2026-04-21 16:13:56 | INFO     | app.pipeline.processing_pipeline:523 - Pipeline cam=3: 4.6 fps actual
2026-04-21 16:13:58 | INFO     | app.pipeline.processing_pipeline:523 - Pipeline cam=2: 4.6 fps actual
2026-04-21 16:14:02 | INFO     | app.pipeline.processing_pipeline:523 - Pipeline cam=3: 4.8 fps actual
2026-04-21 16:14:05 | INFO     | app.pipeline.processing_pipeline:523 - Pipeline cam=2: 4.3 fps actual
2026-04-21 16:14:08 | INFO     | app.pipeline.processing_pipeline:523 - Pipeline cam=3: 4.8 fps actual
2026-04-21 16:14:11 | INFO     | app.pipeline.processing_pipeline:523 - Pipeline cam=2: 4.5 fps actual
2026-04-21 16:14:15 | INFO     | app.pipeline.processing_pipeline:523 - Pipeline cam=3: 4.4 fps actual
2026-04-21 16:14:18 | INFO     | app.pipeline.processing_pipeline:523 - Pipeline cam=2: 4.7 fps actual
2026-04-21 16:14:22 | INFO     | app.pipeline.processing_pipeline:523 - Pipeline cam=3: 4.8 fps actual
2026-04-21 16:14:24 | INFO     | app.pipeline.processing_pipeline:523 - Pipeline cam=2: 4.9 fps actual
2026-04-21 16:14:28 | INFO     | app.pipeline.processing_pipeline:523 - Pipeline cam=3: 5.0 fps actual
2026-04-21 16:14:30 | INFO     | app.pipeline.processing_pipeline:523 - Pipeline cam=2: 4.7 fps actual
2026-04-21 16:14:34 | INFO     | app.pipeline.processing_pipeline:523 - Pipeline cam=3: 4.8 fps actual
2026-04-21 16:14:36 | INFO     | app.pipeline.processing_pipeline:523 - Pipeline cam=2: 4.9 fps actual
2026-04-21 16:14:40 | INFO     | app.pipeline.processing_pipeline:523 - Pipeline cam=3: 4.9 fps actual
2026-04-21 16:14:43 | INFO     | app.pipeline.processing_pipeline:523 - Pipeline cam=2: 4.7 fps actual
2026-04-21 16:14:44 | INFO     | app.services.alert_service:74 - Alert: Anjali missing — last seen 65m ago
2026-04-21 16:14:44 | INFO     | app.services.alert_service:74 - Alert: gyanendra missing — last seen 126m ago
2026-04-21 16:14:46 | INFO     | app.pipeline.processing_pipeline:523 - Pipeline cam=3: 4.8 fps actual
2026-04-21 16:14:49 | INFO     | app.pipeline.processing_pipeline:523 - Pipeline cam=2: 4.7 fps actual
2026-04-21 16:14:52 | INFO     | app.pipeline.processing_pipeline:523 - Pipeline cam=3: 4.9 fps actual
2026-04-21 16:14:55 | INFO     | app.pipeline.processing_pipeline:523 - Pipeline cam=2: 4.9 fps actual
2026-04-21 16:14:58 | INFO     | app.pipeline.processing_pipeline:523 - Pipeline cam=3: 4.9 fps actual
2026-04-21 16:15:01 | INFO     | app.pipeline.processing_pipeline:523 - Pipeline cam=2: 4.9 fps actual
2026-04-21 16:15:05 | INFO     | app.pipeline.processing_pipeline:523 - Pipeline cam=3: 4.8 fps actual
2026-04-21 16:15:08 | INFO     | app.pipeline.processing_pipeline:523 - Pipeline cam=2: 4.7 fps actual
2026-04-21 16:15:11 | INFO     | app.pipeline.processing_pipeline:523 - Pipeline cam=3: 4.9 fps actual
2026-04-21 16:15:14 | INFO     | app.pipeline.processing_pipeline:523 - Pipeline cam=2: 5.0 fps actual
2026-04-21 16:15:17 | INFO     | app.pipeline.processing_pipeline:523 - Pipeline cam=3: 4.8 fps actual
2026-04-21 16:15:20 | INFO     | app.pipeline.processing_pipeline:523 - Pipeline cam=2: 4.7 fps actual
2026-04-21 16:15:23 | INFO     | app.pipeline.processing_pipeline:523 - Pipeline cam=3: 4.8 fps actual
2026-04-21 16:15:26 | INFO     | app.pipeline.processing_pipeline:523 - Pipeline cam=2: 4.9 fps actual
2026-04-21 16:15:29 | INFO     | app.pipeline.processing_pipeline:523 - Pipeline cam=3: 4.9 fps actual
2026-04-21 16:15:33 | INFO     | app.pipeline.processing_pipeline:523 - Pipeline cam=2: 4.7 fps actual
2026-04-21 16:15:36 | INFO     | app.pipeline.processing_pipeline:523 - Pipeline cam=3: 4.9 fps actual
2026-04-21 16:15:39 | INFO     | app.pipeline.processing_pipeline:523 - Pipeline cam=2: 4.9 fps actual
2026-04-21 16:15:42 | INFO     | app.pipeline.processing_pipeline:523 - Pipeline cam=3: 4.9 fps actual
2026-04-21 16:15:45 | INFO     | app.pipeline.processing_pipeline:523 - Pipeline cam=2: 4.9 fps actual
2026-04-21 16:15:48 | INFO     | app.pipeline.processing_pipeline:523 - Pipeline cam=3: 4.8 fps actual
2026-04-21 16:15:51 | INFO     | app.pipeline.processing_pipeline:523 - Pipeline cam=2: 4.7 fps actual
2026-04-21 16:15:54 | INFO     | app.pipeline.processing_pipeline:523 - Pipeline cam=3: 4.9 fps actual
2026-04-21 16:15:58 | INFO     | app.pipeline.processing_pipeline:523 - Pipeline cam=2: 4.7 fps actual
2026-04-21 16:16:00 | INFO     | app.pipeline.processing_pipeline:523 - Pipeline cam=3: 4.9 fps actual
2026-04-21 16:16:04 | INFO     | app.pipeline.processing_pipeline:523 - Pipeline cam=2: 4.7 fps actual
2026-04-21 16:16:06 | INFO     | app.pipeline.processing_pipeline:523 - Pipeline cam=3: 4.9 fps actual
2026-04-21 16:16:10 | INFO     | app.pipeline.processing_pipeline:523 - Pipeline cam=2: 4.7 fps actual
2026-04-21 16:16:13 | INFO     | app.pipeline.processing_pipeline:523 - Pipeline cam=3: 4.7 fps actual
2026-04-21 16:16:17 | INFO     | app.pipeline.processing_pipeline:523 - Pipeline cam=2: 4.7 fps actual
2026-04-21 16:16:19 | INFO     | app.pipeline.processing_pipeline:523 - Pipeline cam=3: 4.9 fps actual
2026-04-21 16:16:23 | INFO     | app.pipeline.processing_pipeline:523 - Pipeline cam=2: 4.7 fps actual
2026-04-21 16:16:25 | INFO     | app.pipeline.processing_pipeline:523 - Pipeline cam=3: 4.9 fps actual
2026-04-21 16:16:29 | INFO     | app.pipeline.processing_pipeline:523 - Pipeline cam=2: 4.9 fps actual
2026-04-21 16:16:31 | INFO     | app.pipeline.processing_pipeline:523 - Pipeline cam=3: 4.9 fps actual
2026-04-21 16:16:36 | INFO     | app.pipeline.processing_pipeline:523 - Pipeline cam=2: 4.7 fps actual
2026-04-21 16:16:37 | INFO     | app.pipeline.processing_pipeline:523 - Pipeline cam=3: 4.9 fps actual
2026-04-21 16:16:42 | INFO     | app.pipeline.processing_pipeline:523 - Pipeline cam=2: 4.9 fps actual
2026-04-21 16:16:43 | INFO     | app.pipeline.processing_pipeline:523 - Pipeline cam=3: 4.9 fps actual
2026-04-21 16:16:48 | INFO     | app.pipeline.processing_pipeline:523 - Pipeline cam=2: 4.7 fps actual
2026-04-21 16:16:49 | INFO     | app.pipeline.processing_pipeline:523 - Pipeline cam=3: 4.8 fps actual
2026-04-21 16:16:54 | INFO     | app.pipeline.processing_pipeline:523 - Pipeline cam=2: 4.7 fps actual
2026-04-21 16:16:56 | INFO     | app.pipeline.processing_pipeline:523 - Pipeline cam=3: 4.9 fps actual
2026-04-21 16:17:01 | INFO     | app.pipeline.processing_pipeline:523 - Pipeline cam=2: 4.8 fps actual
2026-04-21 16:17:02 | INFO     | app.pipeline.processing_pipeline:523 - Pipeline cam=3: 4.9 fps actual
2026-04-21 16:17:07 | INFO     | app.pipeline.processing_pipeline:523 - Pipeline cam=2: 4.9 fps actual
2026-04-21 16:17:08 | INFO     | app.pipeline.processing_pipeline:523 - Pipeline cam=3: 4.9 fps actual
2026-04-21 16:17:13 | INFO     | app.pipeline.processing_pipeline:523 - Pipeline cam=2: 4.7 fps actual
2026-04-21 16:17:14 | INFO     | app.pipeline.processing_pipeline:523 - Pipeline cam=3: 4.9 fps actual
2026-04-21 16:17:19 | INFO     | app.pipeline.processing_pipeline:523 - Pipeline cam=2: 4.8 fps actual
2026-04-21 16:17:20 | INFO     | app.pipeline.processing_pipeline:523 - Pipeline cam=3: 4.8 fps actual
2026-04-21 16:17:26 | INFO     | app.pipeline.processing_pipeline:523 - Pipeline cam=2: 4.9 fps actual
2026-04-21 16:17:26 | INFO     | app.pipeline.processing_pipeline:523 - Pipeline cam=3: 4.9 fps actual
2026-04-21 16:17:32 | INFO     | app.pipeline.processing_pipeline:523 - Pipeline cam=2: 4.7 fps actual
2026-04-21 16:17:32 | INFO     | app.pipeline.processing_pipeline:523 - Pipeline cam=3: 4.9 fps actual
2026-04-21 16:17:38 | INFO     | app.pipeline.processing_pipeline:523 - Pipeline cam=2: 4.9 fps actual
2026-04-21 16:17:39 | INFO     | app.pipeline.processing_pipeline:523 - Pipeline cam=3: 4.7 fps actual
2026-04-21 16:17:44 | INFO     | app.pipeline.processing_pipeline:523 - Pipeline cam=2: 4.7 fps actual
2026-04-21 16:17:45 | INFO     | app.pipeline.processing_pipeline:523 - Pipeline cam=3: 4.9 fps actual
2026-04-21 16:17:51 | INFO     | app.pipeline.processing_pipeline:523 - Pipeline cam=2: 4.9 fps actual
2026-04-21 16:17:51 | INFO     | app.pipeline.processing_pipeline:523 - Pipeline cam=3: 4.9 fps actual
2026-04-21 16:17:57 | INFO     | app.pipeline.processing_pipeline:523 - Pipeline cam=2: 4.9 fps actual
2026-04-21 16:17:57 | INFO     | app.pipeline.processing_pipeline:523 - Pipeline cam=3: 4.8 fps actual
2026-04-21 16:18:03 | INFO     | app.pipeline.processing_pipeline:523 - Pipeline cam=2: 4.8 fps actual
2026-04-21 16:18:03 | INFO     | app.pipeline.processing_pipeline:523 - Pipeline cam=3: 5.0 fps actual
2026-04-21 16:18:07 | INFO     | app.recognition.face_recognizer:105 - identify_in_frame cam=3: 0 face(s) detected, 1 track(s)
2026-04-21 16:18:07 | INFO     | app.recognition.face_recognizer:105 - identify_in_frame cam=3: 0 face(s) detected, 1 track(s)
2026-04-21 16:18:08 | INFO     | app.recognition.face_recognizer:105 - identify_in_frame cam=3: 0 face(s) detected, 1 track(s)
2026-04-21 16:18:09 | INFO     | app.recognition.face_recognizer:105 - identify_in_frame cam=3: 1 face(s) detected, 1 track(s)
2026-04-21 16:18:09 | INFO     | app.recognition.face_recognizer:204 -   face→track 77: best_id=1016 score=0.0970 (high>=0.5 verified>=0.42 med>=0.37)
2026-04-21 16:18:09 | INFO     | app.pipeline.processing_pipeline:523 - Pipeline cam=2: 4.7 fps actual
2026-04-21 16:18:10 | INFO     | app.pipeline.processing_pipeline:523 - Pipeline cam=3: 4.8 fps actual
2026-04-21 16:18:10 | INFO     | app.recognition.face_recognizer:105 - identify_in_frame cam=3: 1 face(s) detected, 2 track(s)
2026-04-21 16:18:10 | INFO     | app.recognition.face_recognizer:204 -   face→track 77: best_id=1002 score=0.1122 (high>=0.5 verified>=0.42 med>=0.37)
2026-04-21 16:18:11 | INFO     | app.recognition.face_recognizer:105 - identify_in_frame cam=3: 0 face(s) detected, 1 track(s)
2026-04-21 16:18:12 | INFO     | app.recognition.face_recognizer:105 - identify_in_frame cam=3: 0 face(s) detected, 2 track(s)
2026-04-21 16:18:12 | INFO     | app.recognition.face_recognizer:105 - identify_in_frame cam=2: 0 face(s) detected, 1 track(s)
2026-04-21 16:18:13 | INFO     | app.recognition.face_recognizer:105 - identify_in_frame cam=2: 0 face(s) detected, 1 track(s)
2026-04-21 16:18:14 | INFO     | app.recognition.face_recognizer:105 - identify_in_frame cam=2: 1 face(s) detected, 1 track(s)
2026-04-21 16:18:14 | INFO     | app.recognition.face_recognizer:105 - identify_in_frame cam=3: 0 face(s) detected, 2 track(s)
2026-04-21 16:18:16 | INFO     | app.recognition.face_recognizer:105 - identify_in_frame cam=2: 1 face(s) detected, 1 track(s)
2026-04-21 16:18:17 | INFO     | app.recognition.face_recognizer:105 - identify_in_frame cam=2: 0 face(s) detected, 1 track(s)
2026-04-21 16:18:17 | INFO     | app.pipeline.processing_pipeline:523 - Pipeline cam=2: 3.8 fps actual
2026-04-21 16:18:17 | INFO     | app.recognition.face_recognizer:105 - identify_in_frame cam=2: 0 face(s) detected, 2 track(s)
2026-04-21 16:18:18 | INFO     | app.pipeline.processing_pipeline:523 - Pipeline cam=3: 3.7 fps actual
2026-04-21 16:18:18 | INFO     | app.recognition.face_recognizer:105 - identify_in_frame cam=3: 0 face(s) detected, 2 track(s)
2026-04-21 16:18:19 | INFO     | app.recognition.face_recognizer:105 - identify_in_frame cam=2: 0 face(s) detected, 1 track(s)
2026-04-21 16:18:20 | INFO     | app.recognition.face_recognizer:105 - identify_in_frame cam=2: 0 face(s) detected, 2 track(s)
2026-04-21 16:18:20 | INFO     | app.recognition.face_recognizer:105 - identify_in_frame cam=3: 0 face(s) detected, 2 track(s)
2026-04-21 16:18:22 | INFO     | app.recognition.face_recognizer:105 - identify_in_frame cam=2: 0 face(s) detected, 2 track(s)
2026-04-21 16:18:22 | INFO     | app.recognition.face_recognizer:105 - identify_in_frame cam=3: 0 face(s) detected, 2 track(s)
2026-04-21 16:18:24 | INFO     | app.pipeline.processing_pipeline:523 - Pipeline cam=2: 4.4 fps actual
2026-04-21 16:18:24 | INFO     | app.pipeline.processing_pipeline:523 - Pipeline cam=3: 4.5 fps actual
2026-04-21 16:18:26 | INFO     | app.recognition.face_recognizer:105 - identify_in_frame cam=3: 0 face(s) detected, 1 track(s)
2026-04-21 16:18:26 | INFO     | app.recognition.face_recognizer:105 - identify_in_frame cam=3: 0 face(s) detected, 1 track(s)
2026-04-21 16:18:27 | INFO     | app.recognition.face_recognizer:105 - identify_in_frame cam=3: 0 face(s) detected, 1 track(s)
2026-04-21 16:18:28 | INFO     | app.recognition.face_recognizer:105 - identify_in_frame cam=3: 0 face(s) detected, 1 track(s)
2026-04-21 16:18:30 | INFO     | app.pipeline.processing_pipeline:523 - Pipeline cam=2: 4.8 fps actual
2026-04-21 16:18:30 | INFO     | app.pipeline.processing_pipeline:523 - Pipeline cam=3: 4.9 fps actual
2026-04-21 16:18:31 | INFO     | app.recognition.face_recognizer:105 - identify_in_frame cam=3: 0 face(s) detected, 1 track(s)
2026-04-21 16:18:33 | INFO     | app.recognition.face_recognizer:105 - identify_in_frame cam=3: 0 face(s) detected, 1 track(s)
2026-04-21 16:18:35 | INFO     | app.recognition.face_recognizer:105 - identify_in_frame cam=3: 0 face(s) detected, 1 track(s)
2026-04-21 16:18:37 | INFO     | app.pipeline.processing_pipeline:523 - Pipeline cam=2: 4.8 fps actual
2026-04-21 16:18:37 | INFO     | app.pipeline.processing_pipeline:523 - Pipeline cam=3: 4.8 fps actual
2026-04-21 16:18:37 | INFO     | app.recognition.face_recognizer:105 - identify_in_frame cam=3: 0 face(s) detected, 1 track(s)
2026-04-21 16:18:39 | INFO     | app.recognition.face_recognizer:105 - identify_in_frame cam=3: 0 face(s) detected, 1 track(s)
2026-04-21 16:18:41 | INFO     | app.recognition.face_recognizer:105 - identify_in_frame cam=3: 0 face(s) detected, 1 track(s)
2026-04-21 16:18:43 | INFO     | app.pipeline.processing_pipeline:523 - Pipeline cam=2: 4.8 fps actual
2026-04-21 16:18:43 | INFO     | app.pipeline.processing_pipeline:523 - Pipeline cam=3: 4.9 fps actual
2026-04-21 16:18:49 | INFO     | app.pipeline.processing_pipeline:523 - Pipeline cam=3: 4.7 fps actual
2026-04-21 16:18:50 | INFO     | app.pipeline.processing_pipeline:523 - Pipeline cam=2: 4.5 fps actual
2026-04-21 16:18:55 | INFO     | app.recognition.face_recognizer:105 - identify_in_frame cam=3: 0 face(s) detected, 1 track(s)
2026-04-21 16:18:56 | INFO     | app.pipeline.processing_pipeline:523 - Pipeline cam=3: 4.4 fps actual
2026-04-21 16:18:56 | INFO     | app.recognition.face_recognizer:105 - identify_in_frame cam=3: 0 face(s) detected, 1 track(s)
2026-04-21 16:18:56 | INFO     | app.pipeline.processing_pipeline:523 - Pipeline cam=2: 4.3 fps actual
2026-04-21 16:18:57 | INFO     | app.recognition.face_recognizer:105 - identify_in_frame cam=3: 0 face(s) detected, 1 track(s)
2026-04-21 16:18:58 | INFO     | app.recognition.face_recognizer:105 - identify_in_frame cam=3: 0 face(s) detected, 1 track(s)
2026-04-21 16:19:01 | INFO     | app.recognition.face_recognizer:105 - identify_in_frame cam=3: 0 face(s) detected, 1 track(s)
2026-04-21 16:19:04 | INFO     | app.pipeline.processing_pipeline:523 - Pipeline cam=3: 3.8 fps actual
2026-04-21 16:19:04 | INFO     | app.recognition.face_recognizer:105 - identify_in_frame cam=3: 0 face(s) detected, 1 track(s)
2026-04-21 16:19:05 | INFO     | app.pipeline.processing_pipeline:523 - Pipeline cam=2: 3.6 fps actual
2026-04-21 16:19:06 | INFO     | app.recognition.face_recognizer:105 - identify_in_frame cam=3: 0 face(s) detected, 1 track(s)
2026-04-21 16:19:10 | INFO     | app.pipeline.processing_pipeline:523 - Pipeline cam=3: 4.8 fps actual
2026-04-21 16:19:11 | INFO     | app.recognition.face_recognizer:105 - identify_in_frame cam=3: 0 face(s) detected, 1 track(s)
2026-04-21 16:19:12 | INFO     | app.recognition.face_recognizer:105 - identify_in_frame cam=3: 0 face(s) detected, 1 track(s)
2026-04-21 16:19:12 | INFO     | app.pipeline.processing_pipeline:523 - Pipeline cam=2: 4.3 fps actual
2026-04-21 16:19:12 | INFO     | app.recognition.face_recognizer:105 - identify_in_frame cam=3: 0 face(s) detected, 1 track(s)
2026-04-21 16:19:13 | INFO     | app.recognition.face_recognizer:105 - identify_in_frame cam=3: 0 face(s) detected, 1 track(s)
2026-04-21 16:19:15 | INFO     | app.recognition.face_recognizer:105 - identify_in_frame cam=3: 0 face(s) detected, 1 track(s)
2026-04-21 16:19:17 | INFO     | app.pipeline.processing_pipeline:523 - Pipeline cam=3: 4.6 fps actual
2026-04-21 16:19:17 | INFO     | app.recognition.face_recognizer:105 - identify_in_frame cam=3: 0 face(s) detected, 1 track(s)
2026-04-21 16:19:19 | INFO     | app.recognition.face_recognizer:105 - identify_in_frame cam=3: 0 face(s) detected, 1 track(s)
2026-04-21 16:19:19 | INFO     | app.pipeline.processing_pipeline:523 - Pipeline cam=2: 4.2 fps actual
2026-04-21 16:19:21 | INFO     | app.recognition.face_recognizer:105 - identify_in_frame cam=3: 0 face(s) detected, 1 track(s)
2026-04-21 16:19:23 | INFO     | app.pipeline.processing_pipeline:523 - Pipeline cam=3: 4.8 fps actual
2026-04-21 16:19:23 | INFO     | app.recognition.face_recognizer:105 - identify_in_frame cam=3: 0 face(s) detected, 1 track(s)
2026-04-21 16:19:25 | INFO     | app.recognition.face_recognizer:105 - identify_in_frame cam=3: 0 face(s) detected, 1 track(s)
2026-04-21 16:19:25 | INFO     | app.pipeline.processing_pipeline:523 - Pipeline cam=2: 4.8 fps actual
2026-04-21 16:19:30 | INFO     | app.pipeline.processing_pipeline:523 - Pipeline cam=3: 4.4 fps actual
2026-04-21 16:19:32 | INFO     | app.pipeline.processing_pipeline:523 - Pipeline cam=2: 4.4 fps actual
2026-04-21 16:19:36 | INFO     | app.pipeline.processing_pipeline:523 - Pipeline cam=3: 5.0 fps actual
2026-04-21 16:19:38 | INFO     | app.pipeline.processing_pipeline:523 - Pipeline cam=2: 4.7 fps actual
2026-04-21 16:19:42 | INFO     | app.pipeline.processing_pipeline:523 - Pipeline cam=3: 4.9 fps actual
2026-04-21 16:19:45 | INFO     | app.pipeline.processing_pipeline:523 - Pipeline cam=2: 4.7 fps actual
2026-04-21 16:19:47 | INFO     | app.recognition.face_recognizer:105 - identify_in_frame cam=3: 0 face(s) detected, 1 track(s)
2026-04-21 16:19:48 | INFO     | app.recognition.face_recognizer:105 - identify_in_frame cam=3: 0 face(s) detected, 1 track(s)
2026-04-21 16:19:49 | INFO     | app.pipeline.processing_pipeline:523 - Pipeline cam=3: 4.5 fps actual
2026-04-21 16:19:49 | INFO     | app.recognition.face_recognizer:105 - identify_in_frame cam=3: 0 face(s) detected, 1 track(s)
2026-04-21 16:19:51 | INFO     | app.recognition.face_recognizer:105 - identify_in_frame cam=3: 0 face(s) detected, 1 track(s)
2026-04-21 16:19:52 | INFO     | app.pipeline.processing_pipeline:523 - Pipeline cam=2: 4.3 fps actual
2026-04-21 16:19:53 | INFO     | app.recognition.face_recognizer:105 - identify_in_frame cam=3: 0 face(s) detected, 1 track(s)
2026-04-21 16:19:57 | INFO     | app.pipeline.processing_pipeline:523 - Pipeline cam=3: 3.7 fps actual
2026-04-21 16:19:57 | INFO     | app.recognition.face_recognizer:105 - identify_in_frame cam=3: 0 face(s) detected, 1 track(s)
2026-04-21 16:19:59 | INFO     | app.recognition.face_recognizer:105 - identify_in_frame cam=3: 0 face(s) detected, 1 track(s)
2026-04-21 16:20:02 | INFO     | app.recognition.face_recognizer:105 - identify_in_frame cam=3: 0 face(s) detected, 1 track(s)
2026-04-21 16:20:04 | INFO     | app.pipeline.processing_pipeline:523 - Pipeline cam=3: 4.0 fps actual
2026-04-21 16:20:10 | INFO     | app.pipeline.processing_pipeline:523 - Pipeline cam=2: 1.6 fps actual
2026-04-21 16:20:11 | INFO     | app.pipeline.processing_pipeline:523 - Pipeline cam=3: 4.4 fps actual
2026-04-21 16:20:15 | INFO     | app.recognition.face_recognizer:105 - identify_in_frame cam=3: 0 face(s) detected, 1 track(s)
2026-04-21 16:20:16 | INFO     | app.recognition.face_recognizer:105 - identify_in_frame cam=3: 0 face(s) detected, 1 track(s)
2026-04-21 16:20:16 | INFO     | app.pipeline.processing_pipeline:523 - Pipeline cam=2: 4.9 fps actual
2026-04-21 16:20:16 | INFO     | app.recognition.face_recognizer:105 - identify_in_frame cam=3: 0 face(s) detected, 1 track(s)
2026-04-21 16:20:17 | INFO     | app.pipeline.processing_pipeline:523 - Pipeline cam=3: 4.9 fps actual
2026-04-21 16:20:17 | INFO     | app.recognition.face_recognizer:105 - identify_in_frame cam=3: 0 face(s) detected, 1 track(s)
2026-04-21 16:20:19 | INFO     | app.recognition.face_recognizer:105 - identify_in_frame cam=3: 0 face(s) detected, 1 track(s)
2026-04-21 16:20:21 | INFO     | app.recognition.face_recognizer:105 - identify_in_frame cam=3: 0 face(s) detected, 1 track(s)
2026-04-21 16:20:23 | INFO     | app.pipeline.processing_pipeline:523 - Pipeline cam=2: 4.7 fps actual
2026-04-21 16:20:23 | INFO     | app.pipeline.processing_pipeline:523 - Pipeline cam=3: 4.9 fps actual
2026-04-21 16:20:29 | INFO     | app.pipeline.processing_pipeline:523 - Pipeline cam=2: 4.7 fps actual
2026-04-21 16:20:29 | INFO     | app.pipeline.processing_pipeline:523 - Pipeline cam=3: 4.8 fps actual
2026-04-21 16:20:34 | INFO     | app.recognition.face_recognizer:105 - identify_in_frame cam=3: 0 face(s) detected, 1 track(s)
2026-04-21 16:20:35 | INFO     | app.recognition.face_recognizer:105 - identify_in_frame cam=2: 1 face(s) detected, 1 track(s)
2026-04-21 16:20:35 | INFO     | app.recognition.face_recognizer:204 -   face→track 199: best_id=1024 score=0.0882 (high>=0.5 verified>=0.42 med>=0.37)
2026-04-21 16:20:35 | INFO     | app.recognition.face_recognizer:105 - identify_in_frame cam=3: 0 face(s) detected, 1 track(s)
2026-04-21 16:20:35 | INFO     | app.recognition.face_recognizer:105 - identify_in_frame cam=2: 0 face(s) detected, 1 track(s)
2026-04-21 16:20:36 | INFO     | app.pipeline.processing_pipeline:523 - Pipeline cam=3: 4.4 fps actual
2026-04-21 16:20:36 | INFO     | app.pipeline.processing_pipeline:523 - Pipeline cam=2: 4.2 fps actual
2026-04-21 16:20:36 | INFO     | app.recognition.face_recognizer:105 - identify_in_frame cam=3: 0 face(s) detected, 1 track(s)
2026-04-21 16:20:36 | INFO     | app.recognition.face_recognizer:105 - identify_in_frame cam=2: 0 face(s) detected, 2 track(s)
2026-04-21 16:20:38 | INFO     | app.recognition.face_recognizer:105 - identify_in_frame cam=2: 0 face(s) detected, 1 track(s)
2026-04-21 16:20:38 | INFO     | app.recognition.face_recognizer:105 - identify_in_frame cam=2: 0 face(s) detected, 1 track(s)
2026-04-21 16:20:39 | INFO     | app.recognition.face_recognizer:105 - identify_in_frame cam=3: 0 face(s) detected, 1 track(s)
2026-04-21 16:20:39 | INFO     | app.recognition.face_recognizer:105 - identify_in_frame cam=2: 0 face(s) detected, 2 track(s)
2026-04-21 16:20:41 | INFO     | app.recognition.face_recognizer:105 - identify_in_frame cam=3: 0 face(s) detected, 1 track(s)
2026-04-21 16:20:41 | INFO     | app.recognition.face_recognizer:105 - identify_in_frame cam=2: 0 face(s) detected, 2 track(s)
2026-04-21 16:20:43 | INFO     | app.pipeline.processing_pipeline:523 - Pipeline cam=3: 4.3 fps actual
2026-04-21 16:20:43 | INFO     | app.recognition.face_recognizer:105 - identify_in_frame cam=3: 0 face(s) detected, 1 track(s)
2026-04-21 16:20:43 | INFO     | app.pipeline.processing_pipeline:523 - Pipeline cam=2: 4.1 fps actual
2026-04-21 16:20:44 | INFO     | app.recognition.face_recognizer:105 - identify_in_frame cam=2: 0 face(s) detected, 1 track(s)
2026-04-21 16:20:45 | INFO     | app.services.alert_service:74 - Alert: hariom missing — last seen 142m ago
2026-04-21 16:20:45 | INFO     | app.services.alert_service:74 - Alert: Himanshi  missing — last seen 139m ago
2026-04-21 16:20:45 | INFO     | app.services.alert_service:74 - Alert: devkanya missing — last seen 138m ago
2026-04-21 16:20:45 | INFO     | app.recognition.face_recognizer:105 - identify_in_frame cam=3: 0 face(s) detected, 1 track(s)
2026-04-21 16:20:47 | INFO     | app.recognition.face_recognizer:105 - identify_in_frame cam=3: 0 face(s) detected, 1 track(s)
2026-04-21 16:20:49 | INFO     | app.pipeline.processing_pipeline:523 - Pipeline cam=3: 4.8 fps actual
2026-04-21 16:20:50 | INFO     | app.recognition.face_recognizer:105 - identify_in_frame cam=3: 0 face(s) detected, 1 track(s)
2026-04-21 16:20:50 | INFO     | app.pipeline.processing_pipeline:523 - Pipeline cam=2: 4.7 fps actual
2026-04-21 16:20:54 | INFO     | app.recognition.face_recognizer:105 - identify_in_frame cam=3: 0 face(s) detected, 1 track(s)
2026-04-21 16:20:55 | INFO     | app.recognition.face_recognizer:105 - identify_in_frame cam=3: 0 face(s) detected, 1 track(s)
2026-04-21 16:20:55 | INFO     | app.recognition.face_recognizer:105 - identify_in_frame cam=3: 0 face(s) detected, 1 track(s)
2026-04-21 16:20:56 | INFO     | app.pipeline.processing_pipeline:523 - Pipeline cam=3: 4.6 fps actual
2026-04-21 16:20:56 | INFO     | app.recognition.face_recognizer:105 - identify_in_frame cam=3: 0 face(s) detected, 1 track(s)
2026-04-21 16:20:56 | INFO     | app.pipeline.processing_pipeline:523 - Pipeline cam=2: 4.6 fps actual
2026-04-21 16:20:58 | INFO     | app.recognition.face_recognizer:105 - identify_in_frame cam=3: 0 face(s) detected, 1 track(s)
2026-04-21 16:21:00 | INFO     | app.recognition.face_recognizer:105 - identify_in_frame cam=3: 0 face(s) detected, 1 track(s)
2026-04-21 16:21:02 | INFO     | app.pipeline.processing_pipeline:523 - Pipeline cam=3: 4.9 fps actual
2026-04-21 16:21:02 | INFO     | app.recognition.face_recognizer:105 - identify_in_frame cam=3: 0 face(s) detected, 1 track(s)
2026-04-21 16:21:03 | INFO     | app.pipeline.processing_pipeline:523 - Pipeline cam=2: 4.7 fps actual
2026-04-21 16:21:04 | INFO     | app.recognition.face_recognizer:105 - identify_in_frame cam=3: 0 face(s) detected, 1 track(s)
2026-04-21 16:21:07 | INFO     | app.recognition.face_recognizer:105 - identify_in_frame cam=3: 0 face(s) detected, 1 track(s)
2026-04-21 16:21:08 | INFO     | app.recognition.face_recognizer:105 - identify_in_frame cam=3: 0 face(s) detected, 1 track(s)
2026-04-21 16:21:08 | INFO     | app.pipeline.processing_pipeline:523 - Pipeline cam=3: 4.9 fps actual
2026-04-21 16:21:08 | INFO     | app.recognition.face_recognizer:105 - identify_in_frame cam=3: 0 face(s) detected, 1 track(s)
2026-04-21 16:21:09 | INFO     | app.pipeline.processing_pipeline:523 - Pipeline cam=2: 4.7 fps actual
2026-04-21 16:21:10 | INFO     | app.recognition.face_recognizer:105 - identify_in_frame cam=3: 0 face(s) detected, 1 track(s)
2026-04-21 16:21:12 | INFO     | app.recognition.face_recognizer:105 - identify_in_frame cam=3: 0 face(s) detected, 1 track(s)
2026-04-21 16:21:14 | INFO     | app.pipeline.processing_pipeline:523 - Pipeline cam=3: 4.8 fps actual
2026-04-21 16:21:15 | INFO     | app.recognition.face_recognizer:105 - identify_in_frame cam=3: 0 face(s) detected, 1 track(s)
2026-04-21 16:21:15 | INFO     | app.pipeline.processing_pipeline:523 - Pipeline cam=2: 4.7 fps actual
2026-04-21 16:21:17 | INFO     | app.recognition.face_recognizer:105 - identify_in_frame cam=3: 0 face(s) detected, 1 track(s)
2026-04-21 16:21:19 | INFO     | app.recognition.face_recognizer:105 - identify_in_frame cam=3: 0 face(s) detected, 1 track(s)
2026-04-21 16:21:21 | INFO     | app.pipeline.processing_pipeline:523 - Pipeline cam=3: 4.9 fps actual
2026-04-21 16:21:22 | INFO     | app.pipeline.processing_pipeline:523 - Pipeline cam=2: 4.6 fps actual
2026-04-21 16:21:27 | INFO     | app.pipeline.processing_pipeline:523 - Pipeline cam=3: 4.9 fps actual
2026-04-21 16:21:28 | INFO     | app.pipeline.processing_pipeline:523 - Pipeline cam=2: 4.7 fps actual
2026-04-21 16:21:29 | INFO     | app.recognition.face_recognizer:105 - identify_in_frame cam=3: 0 face(s) detected, 1 track(s)
2026-04-21 16:21:29 | INFO     | app.recognition.face_recognizer:105 - identify_in_frame cam=3: 0 face(s) detected, 1 track(s)
2026-04-21 16:21:30 | INFO     | app.recognition.face_recognizer:105 - identify_in_frame cam=3: 0 face(s) detected, 1 track(s)
2026-04-21 16:21:32 | INFO     | app.recognition.face_recognizer:105 - identify_in_frame cam=3: 0 face(s) detected, 1 track(s)
2026-04-21 16:21:34 | INFO     | app.pipeline.processing_pipeline:523 - Pipeline cam=3: 4.3 fps actual
2026-04-21 16:21:34 | INFO     | app.recognition.face_recognizer:105 - identify_in_frame cam=3: 0 face(s) detected, 1 track(s)
2026-04-21 16:21:35 | INFO     | app.pipeline.processing_pipeline:523 - Pipeline cam=2: 4.5 fps actual
2026-04-21 16:21:40 | INFO     | app.pipeline.processing_pipeline:523 - Pipeline cam=3: 4.7 fps actual
2026-04-21 16:21:41 | INFO     | app.pipeline.processing_pipeline:523 - Pipeline cam=2: 4.8 fps actual
2026-04-21 16:21:46 | INFO     | app.pipeline.processing_pipeline:523 - Pipeline cam=3: 4.7 fps actual
2026-04-21 16:21:48 | INFO     | app.pipeline.processing_pipeline:523 - Pipeline cam=2: 4.7 fps actual
2026-04-21 16:21:49 | INFO     | app.recognition.face_recognizer:105 - identify_in_frame cam=3: 0 face(s) detected, 1 track(s)
2026-04-21 16:21:50 | INFO     | app.recognition.face_recognizer:105 - identify_in_frame cam=3: 0 face(s) detected, 1 track(s)
2026-04-21 16:21:50 | INFO     | app.recognition.face_recognizer:105 - identify_in_frame cam=3: 0 face(s) detected, 1 track(s)
2026-04-21 16:21:51 | INFO     | app.recognition.face_recognizer:105 - identify_in_frame cam=3: 0 face(s) detected, 1 track(s)
2026-04-21 16:21:53 | INFO     | app.pipeline.processing_pipeline:523 - Pipeline cam=3: 4.9 fps actual
2026-04-21 16:21:53 | INFO     | app.recognition.face_recognizer:105 - identify_in_frame cam=3: 0 face(s) detected, 1 track(s)
2026-04-21 16:21:54 | INFO     | app.pipeline.processing_pipeline:523 - Pipeline cam=2: 4.7 fps actual
2026-04-21 16:21:55 | INFO     | app.recognition.face_recognizer:105 - identify_in_frame cam=3: 0 face(s) detected, 1 track(s)
2026-04-21 16:21:57 | INFO     | app.recognition.face_recognizer:105 - identify_in_frame cam=3: 0 face(s) detected, 1 track(s)
2026-04-21 16:21:59 | INFO     | app.pipeline.processing_pipeline:523 - Pipeline cam=3: 4.9 fps actual
2026-04-21 16:22:01 | INFO     | app.pipeline.processing_pipeline:523 - Pipeline cam=2: 4.7 fps actual
2026-04-21 16:22:05 | INFO     | app.pipeline.processing_pipeline:523 - Pipeline cam=3: 4.8 fps actual
2026-04-21 16:22:07 | INFO     | app.pipeline.processing_pipeline:523 - Pipeline cam=2: 4.9 fps actual
2026-04-21 16:22:11 | INFO     | app.pipeline.processing_pipeline:523 - Pipeline cam=3: 4.9 fps actual
2026-04-21 16:22:13 | INFO     | app.pipeline.processing_pipeline:523 - Pipeline cam=2: 4.7 fps actual
2026-04-21 16:22:18 | INFO     | app.pipeline.processing_pipeline:523 - Pipeline cam=3: 4.6 fps actual
2026-04-21 16:22:20 | INFO     | app.pipeline.processing_pipeline:523 - Pipeline cam=2: 4.2 fps actual
2026-04-21 16:22:24 | INFO     | app.pipeline.processing_pipeline:523 - Pipeline cam=3: 4.9 fps actual
2026-04-21 16:22:26 | INFO     | app.pipeline.processing_pipeline:523 - Pipeline cam=2: 4.8 fps actual
2026-04-21 16:22:30 | INFO     | app.pipeline.processing_pipeline:523 - Pipeline cam=3: 4.9 fps actual
2026-04-21 16:22:33 | INFO     | app.pipeline.processing_pipeline:523 - Pipeline cam=2: 4.9 fps actual
2026-04-21 16:22:36 | INFO     | app.pipeline.processing_pipeline:523 - Pipeline cam=3: 4.9 fps actual
2026-04-21 16:22:39 | INFO     | app.pipeline.processing_pipeline:523 - Pipeline cam=2: 4.7 fps actual
2026-04-21 16:22:42 | INFO     | app.pipeline.processing_pipeline:523 - Pipeline cam=3: 4.8 fps actual
2026-04-21 16:22:45 | INFO     | app.services.alert_service:74 - Alert: Devrishi Sharma missing — last seen 116m ago
2026-04-21 16:22:45 | INFO     | app.pipeline.processing_pipeline:523 - Pipeline cam=2: 4.7 fps actual
2026-04-21 16:22:48 | INFO     | app.pipeline.processing_pipeline:523 - Pipeline cam=3: 4.9 fps actual
2026-04-21 16:22:50 | INFO     | app.recognition.face_recognizer:105 - identify_in_frame cam=3: 0 face(s) detected, 1 track(s)
2026-04-21 16:22:51 | INFO     | app.recognition.face_recognizer:105 - identify_in_frame cam=3: 1 face(s) detected, 1 track(s)
2026-04-21 16:22:52 | INFO     | app.recognition.face_recognizer:105 - identify_in_frame cam=2: 0 face(s) detected, 1 track(s)
2026-04-21 16:22:52 | INFO     | app.recognition.face_recognizer:105 - identify_in_frame cam=3: 1 face(s) detected, 1 track(s)
2026-04-21 16:22:52 | INFO     | app.recognition.face_recognizer:204 -   face→track 88: best_id=1025 score=0.1141 (high>=0.5 verified>=0.42 med>=0.37)
2026-04-21 16:22:53 | INFO     | app.pipeline.processing_pipeline:523 - Pipeline cam=2: 4.1 fps actual
2026-04-21 16:22:53 | INFO     | app.recognition.face_recognizer:105 - identify_in_frame cam=2: 1 face(s) detected, 1 track(s)
2026-04-21 16:22:54 | INFO     | app.recognition.face_recognizer:105 - identify_in_frame cam=3: 2 face(s) detected, 1 track(s)
2026-04-21 16:22:54 | INFO     | app.recognition.face_recognizer:204 -   face→track 89: best_id=2028 score=0.0945 (high>=0.5 verified>=0.42 med>=0.37)
2026-04-21 16:22:55 | INFO     | app.recognition.face_recognizer:105 - identify_in_frame cam=3: 1 face(s) detected, 2 track(s)
2026-04-21 16:22:55 | INFO     | app.recognition.face_recognizer:204 -   face→track 89: best_id=1025 score=0.0956 (high>=0.5 verified>=0.42 med>=0.37)
2026-04-21 16:22:55 | INFO     | app.recognition.face_recognizer:105 - identify_in_frame cam=2: 1 face(s) detected, 1 track(s)
2026-04-21 16:22:55 | INFO     | app.recognition.face_recognizer:204 -   face→track 201: best_id=2028 score=0.2425 (high>=0.5 verified>=0.42 med>=0.37)
2026-04-21 16:22:56 | INFO     | app.recognition.face_recognizer:105 - identify_in_frame cam=3: 1 face(s) detected, 1 track(s)
2026-04-21 16:22:56 | INFO     | app.recognition.face_recognizer:105 - identify_in_frame cam=2: 0 face(s) detected, 1 track(s)
2026-04-21 16:22:57 | INFO     | app.recognition.face_recognizer:105 - identify_in_frame cam=3: 0 face(s) detected, 2 track(s)
2026-04-21 16:22:58 | INFO     | app.recognition.face_recognizer:105 - identify_in_frame cam=3: 0 face(s) detected, 1 track(s)
2026-04-21 16:22:58 | INFO     | app.recognition.face_recognizer:105 - identify_in_frame cam=2: 2 face(s) detected, 2 track(s)
2026-04-21 16:23:00 | INFO     | app.recognition.face_recognizer:105 - identify_in_frame cam=2: 2 face(s) detected, 1 track(s)
2026-04-21 16:23:00 | INFO     | app.recognition.face_recognizer:204 -   face→track 201: best_id=1014 score=0.2065 (high>=0.5 verified>=0.42 med>=0.37)
2026-04-21 16:23:00 | INFO     | app.recognition.face_recognizer:172 -   face bbox=(230,155,258,194) — no track within 400px
2026-04-21 16:23:00 | INFO     | app.pipeline.processing_pipeline:523 - Pipeline cam=3: 2.5 fps actual
2026-04-21 16:23:01 | INFO     | app.recognition.face_recognizer:105 - identify_in_frame cam=3: 0 face(s) detected, 3 track(s)
2026-04-21 16:23:02 | INFO     | app.recognition.face_recognizer:105 - identify_in_frame cam=2: 2 face(s) detected, 3 track(s)
2026-04-21 16:23:02 | INFO     | app.recognition.face_recognizer:204 -   face→track 204: best_id=1026 score=0.2323 (high>=0.5 verified>=0.42 med>=0.37)
2026-04-21 16:23:02 | INFO     | app.recognition.face_recognizer:204 -   face→track 202: best_id=1011 score=0.1907 (high>=0.5 verified>=0.42 med>=0.37)
2026-04-21 16:23:02 | INFO     | app.recognition.face_recognizer:105 - identify_in_frame cam=2: 0 face(s) detected, 3 track(s)
2026-04-21 16:23:03 | INFO     | app.recognition.face_recognizer:105 - identify_in_frame cam=2: 0 face(s) detected, 2 track(s)
2026-04-21 16:23:04 | INFO     | app.recognition.face_recognizer:105 - identify_in_frame cam=2: 0 face(s) detected, 4 track(s)
2026-04-21 16:23:04 | INFO     | app.recognition.face_recognizer:105 - identify_in_frame cam=3: 0 face(s) detected, 3 track(s)
2026-04-21 16:23:05 | INFO     | app.recognition.face_recognizer:105 - identify_in_frame cam=2: 0 face(s) detected, 1 track(s)
2026-04-21 16:23:06 | INFO     | app.pipeline.processing_pipeline:523 - Pipeline cam=2: 2.3 fps actual
2026-04-21 16:23:06 | INFO     | app.recognition.face_recognizer:105 - identify_in_frame cam=2: 0 face(s) detected, 5 track(s)
2026-04-21 16:23:07 | INFO     | app.recognition.face_recognizer:105 - identify_in_frame cam=3: 0 face(s) detected, 1 track(s)
2026-04-21 16:23:08 | INFO     | app.recognition.face_recognizer:105 - identify_in_frame cam=2: 0 face(s) detected, 4 track(s)
2026-04-21 16:23:09 | INFO     | app.pipeline.processing_pipeline:523 - Pipeline cam=3: 3.6 fps actual
2026-04-21 16:23:12 | INFO     | app.pipeline.processing_pipeline:523 - Pipeline cam=2: 4.7 fps actual
2026-04-21 16:23:15 | INFO     | app.pipeline.processing_pipeline:523 - Pipeline cam=3: 4.9 fps actual
2026-04-21 16:23:19 | INFO     | app.pipeline.processing_pipeline:523 - Pipeline cam=2: 4.7 fps actual
2026-04-21 16:23:21 | INFO     | app.pipeline.processing_pipeline:523 - Pipeline cam=3: 4.6 fps actual
2026-04-21 16:23:25 | INFO     | app.pipeline.processing_pipeline:523 - Pipeline cam=2: 4.7 fps actual
2026-04-21 16:23:27 | INFO     | app.pipeline.processing_pipeline:523 - Pipeline cam=3: 4.9 fps actual
2026-04-21 16:23:31 | INFO     | app.pipeline.processing_pipeline:523 - Pipeline cam=2: 4.8 fps actual
2026-04-21 16:23:34 | INFO     | app.pipeline.processing_pipeline:523 - Pipeline cam=3: 4.9 fps actual
2026-04-21 16:23:37 | INFO     | app.pipeline.processing_pipeline:523 - Pipeline cam=2: 4.7 fps actual
2026-04-21 16:23:40 | INFO     | app.pipeline.processing_pipeline:523 - Pipeline cam=3: 4.9 fps actual
2026-04-21 16:23:44 | INFO     | app.pipeline.processing_pipeline:523 - Pipeline cam=2: 4.8 fps actual
2026-04-21 16:23:46 | INFO     | app.pipeline.processing_pipeline:523 - Pipeline cam=3: 4.7 fps actual
2026-04-21 16:23:50 | INFO     | app.pipeline.processing_pipeline:523 - Pipeline cam=2: 4.7 fps actual
2026-04-21 16:23:52 | INFO     | app.pipeline.processing_pipeline:523 - Pipeline cam=3: 4.9 fps actual
2026-04-21 16:23:56 | INFO     | app.pipeline.processing_pipeline:523 - Pipeline cam=2: 4.7 fps actual
2026-04-21 16:23:58 | INFO     | app.pipeline.processing_pipeline:523 - Pipeline cam=3: 4.9 fps actual
2026-04-21 16:24:03 | INFO     | app.pipeline.processing_pipeline:523 - Pipeline cam=2: 4.9 fps actual
2026-04-21 16:24:05 | INFO     | app.pipeline.processing_pipeline:523 - Pipeline cam=3: 4.9 fps actual
2026-04-21 16:24:09 | INFO     | app.pipeline.processing_pipeline:523 - Pipeline cam=2: 4.7 fps actual
2026-04-21 16:24:11 | INFO     | app.pipeline.processing_pipeline:523 - Pipeline cam=3: 4.8 fps actual
2026-04-21 16:24:15 | INFO     | app.pipeline.processing_pipeline:523 - Pipeline cam=2: 4.9 fps actual
2026-04-21 16:24:17 | INFO     | app.pipeline.processing_pipeline:523 - Pipeline cam=3: 4.9 fps actual
2026-04-21 16:24:21 | INFO     | app.pipeline.processing_pipeline:523 - Pipeline cam=2: 4.7 fps actual
2026-04-21 16:24:23 | INFO     | app.pipeline.processing_pipeline:523 - Pipeline cam=3: 4.8 fps actual
2026-04-21 16:24:28 | INFO     | app.pipeline.processing_pipeline:523 - Pipeline cam=2: 4.7 fps actual
2026-04-21 16:24:30 | INFO     | app.pipeline.processing_pipeline:523 - Pipeline cam=3: 4.4 fps actual
2026-04-21 16:24:35 | INFO     | app.pipeline.processing_pipeline:523 - Pipeline cam=2: 4.4 fps actual
2026-04-21 16:24:36 | INFO     | app.pipeline.processing_pipeline:523 - Pipeline cam=3: 4.9 fps actual
2026-04-21 16:24:41 | INFO     | app.pipeline.processing_pipeline:523 - Pipeline cam=2: 4.8 fps actual
2026-04-21 16:24:42 | INFO     | app.pipeline.processing_pipeline:523 - Pipeline cam=3: 4.8 fps actual
2026-04-21 16:24:45 | INFO     | app.services.alert_service:74 - Alert: Anjali missing — last seen 75m ago
2026-04-21 16:24:45 | INFO     | app.services.alert_service:74 - Alert: gyanendra missing — last seen 136m ago
2026-04-21 16:24:47 | INFO     | app.pipeline.processing_pipeline:523 - Pipeline cam=2: 4.9 fps actual
2026-04-21 16:24:48 | INFO     | app.pipeline.processing_pipeline:523 - Pipeline cam=3: 4.9 fps actual
2026-04-21 16:24:54 | INFO     | app.pipeline.processing_pipeline:523 - Pipeline cam=2: 4.5 fps actual
2026-04-21 16:24:54 | INFO     | app.pipeline.processing_pipeline:523 - Pipeline cam=3: 4.9 fps actual
2026-04-21 16:25:00 | INFO     | app.pipeline.processing_pipeline:523 - Pipeline cam=2: 4.7 fps actual
2026-04-21 16:25:01 | INFO     | app.pipeline.processing_pipeline:523 - Pipeline cam=3: 4.7 fps actual
2026-04-21 16:25:06 | INFO     | app.pipeline.processing_pipeline:523 - Pipeline cam=2: 4.8 fps actual
2026-04-21 16:25:07 | INFO     | app.pipeline.processing_pipeline:523 - Pipeline cam=3: 4.9 fps actual
2026-04-21 16:25:13 | INFO     | app.pipeline.processing_pipeline:523 - Pipeline cam=2: 4.8 fps actual
2026-04-21 16:25:13 | INFO     | app.pipeline.processing_pipeline:523 - Pipeline cam=3: 4.8 fps actual
2026-04-21 16:25:19 | INFO     | app.pipeline.processing_pipeline:523 - Pipeline cam=2: 4.7 fps actual
2026-04-21 16:25:19 | INFO     | app.pipeline.processing_pipeline:523 - Pipeline cam=3: 5.0 fps actual
2026-04-21 16:25:25 | INFO     | app.pipeline.processing_pipeline:523 - Pipeline cam=2: 4.7 fps actual
2026-04-21 16:25:25 | INFO     | app.pipeline.processing_pipeline:523 - Pipeline cam=3: 4.9 fps actual
2026-04-21 16:25:31 | INFO     | app.pipeline.processing_pipeline:523 - Pipeline cam=2: 4.9 fps actual
2026-04-21 16:25:32 | INFO     | app.pipeline.processing_pipeline:523 - Pipeline cam=3: 4.9 fps actual
2026-04-21 16:25:37 | INFO     | app.recognition.face_recognizer:105 - identify_in_frame cam=2: 0 face(s) detected, 1 track(s)
2026-04-21 16:25:38 | INFO     | app.pipeline.processing_pipeline:523 - Pipeline cam=3: 4.8 fps actual
2026-04-21 16:25:38 | INFO     | app.pipeline.processing_pipeline:523 - Pipeline cam=2: 4.6 fps actual
2026-04-21 16:25:38 | INFO     | app.recognition.face_recognizer:105 - identify_in_frame cam=2: 0 face(s) detected, 1 track(s)
2026-04-21 16:25:39 | INFO     | app.recognition.face_recognizer:105 - identify_in_frame cam=2: 0 face(s) detected, 1 track(s)
2026-04-21 16:25:39 | INFO     | app.recognition.face_recognizer:105 - identify_in_frame cam=2: 0 face(s) detected, 1 track(s)
2026-04-21 16:25:40 | INFO     | app.recognition.face_recognizer:105 - identify_in_frame cam=2: 0 face(s) detected, 1 track(s)
2026-04-21 16:25:40 | INFO     | app.recognition.face_recognizer:105 - identify_in_frame cam=2: 0 face(s) detected, 1 track(s)
2026-04-21 16:25:41 | INFO     | app.recognition.face_recognizer:105 - identify_in_frame cam=3: 0 face(s) detected, 1 track(s)
2026-04-21 16:25:41 | INFO     | app.recognition.face_recognizer:105 - identify_in_frame cam=2: 0 face(s) detected, 1 track(s)
2026-04-21 16:25:41 | INFO     | app.recognition.face_recognizer:105 - identify_in_frame cam=3: 0 face(s) detected, 1 track(s)
2026-04-21 16:25:42 | INFO     | app.recognition.face_recognizer:105 - identify_in_frame cam=3: 0 face(s) detected, 1 track(s)
2026-04-21 16:25:42 | INFO     | app.recognition.face_recognizer:105 - identify_in_frame cam=3: 0 face(s) detected, 1 track(s)
2026-04-21 16:25:43 | INFO     | app.recognition.face_recognizer:105 - identify_in_frame cam=2: 0 face(s) detected, 2 track(s)
2026-04-21 16:25:45 | INFO     | app.pipeline.processing_pipeline:523 - Pipeline cam=3: 3.9 fps actual
2026-04-21 16:25:45 | INFO     | app.pipeline.processing_pipeline:523 - Pipeline cam=2: 3.9 fps actual
2026-04-21 16:25:46 | INFO     | app.recognition.face_recognizer:105 - identify_in_frame cam=2: 0 face(s) detected, 2 track(s)
2026-04-21 16:25:46 | INFO     | app.recognition.face_recognizer:105 - identify_in_frame cam=3: 1 face(s) detected, 1 track(s)
2026-04-21 16:25:48 | INFO     | app.recognition.face_recognizer:105 - identify_in_frame cam=2: 0 face(s) detected, 1 track(s)
2026-04-21 16:25:48 | INFO     | app.recognition.face_recognizer:105 - identify_in_frame cam=3: 0 face(s) detected, 1 track(s)
2026-04-21 16:25:51 | INFO     | app.recognition.face_recognizer:105 - identify_in_frame cam=2: 0 face(s) detected, 1 track(s)
2026-04-21 16:25:51 | INFO     | app.recognition.face_recognizer:105 - identify_in_frame cam=3: 1 face(s) detected, 1 track(s)
2026-04-21 16:25:54 | INFO     | app.pipeline.processing_pipeline:523 - Pipeline cam=3: 3.6 fps actual
2026-04-21 16:25:54 | INFO     | app.recognition.face_recognizer:105 - identify_in_frame cam=3: 1 face(s) detected, 1 track(s)
2026-04-21 16:25:55 | INFO     | app.pipeline.processing_pipeline:523 - Pipeline cam=2: 3.2 fps actual
2026-04-21 16:25:55 | INFO     | app.recognition.face_recognizer:105 - identify_in_frame cam=2: 0 face(s) detected, 1 track(s)
2026-04-21 16:25:56 | INFO     | app.api.ws:51 - WS: client connected (1 total)
2026-04-21 16:25:57 | INFO     | app.recognition.face_recognizer:105 - identify_in_frame cam=3: 2 face(s) detected, 1 track(s)
2026-04-21 16:25:58 | INFO     | app.recognition.face_recognizer:105 - identify_in_frame cam=2: 0 face(s) detected, 1 track(s)
2026-04-21 16:25:59 | INFO     | app.recognition.face_recognizer:105 - identify_in_frame cam=3: 1 face(s) detected, 1 track(s)
2026-04-21 16:25:59 | INFO     | app.recognition.face_recognizer:204 -   face→track 91: best_id=1026 score=0.1214 (high>=0.5 verified>=0.42 med>=0.37)
2026-04-21 16:26:00 | INFO     | app.recognition.face_recognizer:105 - identify_in_frame cam=2: 0 face(s) detected, 1 track(s)
2026-04-21 16:26:01 | INFO     | app.recognition.face_recognizer:105 - identify_in_frame cam=3: 0 face(s) detected, 1 track(s)
2026-04-21 16:26:01 | INFO     | app.api.ws:56 - WS: client disconnected (0 remaining)
2026-04-21 16:26:01 | INFO     | app.pipeline.processing_pipeline:523 - Pipeline cam=3: 4.0 fps actual
2026-04-21 16:26:02 | INFO     | app.recognition.face_recognizer:105 - identify_in_frame cam=3: 0 face(s) detected, 1 track(s)
2026-04-21 16:26:02 | INFO     | app.pipeline.processing_pipeline:523 - Pipeline cam=2: 4.2 fps actual
2026-04-21 16:26:02 | INFO     | app.recognition.face_recognizer:105 - identify_in_frame cam=3: 0 face(s) detected, 1 track(s)
2026-04-21 16:26:03 | INFO     | app.recognition.face_recognizer:105 - identify_in_frame cam=3: 0 face(s) detected, 1 track(s)
2026-04-21 16:26:05 | INFO     | app.recognition.face_recognizer:105 - identify_in_frame cam=3: 0 face(s) detected, 1 track(s)
2026-04-21 16:26:07 | INFO     | app.pipeline.processing_pipeline:523 - Pipeline cam=3: 4.9 fps actual
2026-04-21 16:26:08 | INFO     | app.pipeline.processing_pipeline:523 - Pipeline cam=2: 4.7 fps actual
2026-04-21 16:26:14 | INFO     | app.pipeline.processing_pipeline:523 - Pipeline cam=3: 4.9 fps actual
2026-04-21 16:26:14 | INFO     | app.pipeline.processing_pipeline:523 - Pipeline cam=2: 4.9 fps actual
2026-04-21 16:26:20 | INFO     | app.pipeline.processing_pipeline:523 - Pipeline cam=3: 4.9 fps actual
2026-04-21 16:26:21 | INFO     | app.pipeline.processing_pipeline:523 - Pipeline cam=2: 4.7 fps actual
2026-04-21 16:26:26 | INFO     | app.pipeline.processing_pipeline:523 - Pipeline cam=3: 4.9 fps actual
2026-04-21 16:26:27 | INFO     | app.pipeline.processing_pipeline:523 - Pipeline cam=2: 4.7 fps actual
2026-04-21 16:26:32 | INFO     | app.pipeline.processing_pipeline:523 - Pipeline cam=3: 4.9 fps actual
2026-04-21 16:26:33 | INFO     | app.pipeline.processing_pipeline:523 - Pipeline cam=2: 4.9 fps actual
2026-04-21 16:26:38 | INFO     | app.pipeline.processing_pipeline:523 - Pipeline cam=3: 4.9 fps actual
2026-04-21 16:26:40 | INFO     | app.pipeline.processing_pipeline:523 - Pipeline cam=2: 4.8 fps actual
2026-04-21 16:26:44 | INFO     | app.pipeline.processing_pipeline:523 - Pipeline cam=3: 4.9 fps actual
2026-04-21 16:26:46 | INFO     | app.pipeline.processing_pipeline:523 - Pipeline cam=2: 4.9 fps actual
2026-04-21 16:26:50 | INFO     | app.pipeline.processing_pipeline:523 - Pipeline cam=3: 4.9 fps actual
2026-04-21 16:26:52 | INFO     | app.pipeline.processing_pipeline:523 - Pipeline cam=2: 4.9 fps actual
2026-04-21 16:26:57 | INFO     | app.pipeline.processing_pipeline:523 - Pipeline cam=3: 4.7 fps actual
2026-04-21 16:26:58 | INFO     | app.pipeline.processing_pipeline:523 - Pipeline cam=2: 4.9 fps actual
2026-04-21 16:27:03 | INFO     | app.pipeline.processing_pipeline:523 - Pipeline cam=3: 5.0 fps actual
2026-04-21 16:27:04 | INFO     | app.pipeline.processing_pipeline:523 - Pipeline cam=2: 4.8 fps actual
2026-04-21 16:27:07 | INFO     | app.recognition.face_recognizer:105 - identify_in_frame cam=3: 0 face(s) detected, 1 track(s)
2026-04-21 16:27:08 | INFO     | app.recognition.face_recognizer:105 - identify_in_frame cam=3: 1 face(s) detected, 2 track(s)
2026-04-21 16:27:08 | INFO     | app.recognition.face_recognizer:204 -   face→track 94: best_id=1002 score=0.1167 (high>=0.5 verified>=0.42 med>=0.37)
2026-04-21 16:27:09 | INFO     | app.recognition.face_recognizer:105 - identify_in_frame cam=3: 0 face(s) detected, 2 track(s)
2026-04-21 16:27:10 | INFO     | app.pipeline.processing_pipeline:523 - Pipeline cam=3: 4.5 fps actual
2026-04-21 16:27:10 | INFO     | app.recognition.face_recognizer:105 - identify_in_frame cam=3: 3 face(s) detected, 3 track(s)
2026-04-21 16:27:10 | INFO     | app.recognition.face_recognizer:204 -   face→track 94: best_id=1025 score=0.1445 (high>=0.5 verified>=0.42 med>=0.37)
2026-04-21 16:27:10 | INFO     | app.recognition.face_recognizer:204 -   face→track 95: best_id=1024 score=0.1225 (high>=0.5 verified>=0.42 med>=0.37)
2026-04-21 16:27:11 | INFO     | app.recognition.face_recognizer:105 - identify_in_frame cam=3: 1 face(s) detected, 1 track(s)
2026-04-21 16:27:12 | INFO     | app.recognition.face_recognizer:105 - identify_in_frame cam=3: 0 face(s) detected, 1 track(s)
2026-04-21 16:27:13 | INFO     | app.recognition.face_recognizer:105 - identify_in_frame cam=2: 0 face(s) detected, 1 track(s)
2026-04-21 16:27:13 | INFO     | app.recognition.face_recognizer:105 - identify_in_frame cam=3: 0 face(s) detected, 3 track(s)
2026-04-21 16:27:14 | INFO     | app.pipeline.processing_pipeline:523 - Pipeline cam=2: 3.2 fps actual
2026-04-21 16:27:14 | INFO     | app.recognition.face_recognizer:105 - identify_in_frame cam=2: 1 face(s) detected, 1 track(s)
2026-04-21 16:27:15 | INFO     | app.recognition.face_recognizer:105 - identify_in_frame cam=2: 2 face(s) detected, 2 track(s)
2026-04-21 16:27:15 | INFO     | app.recognition.face_recognizer:204 -   face→track 209: best_id=1027 score=0.1320 (high>=0.5 verified>=0.42 med>=0.37)
2026-04-21 16:27:16 | INFO     | app.recognition.face_recognizer:105 - identify_in_frame cam=2: 1 face(s) detected, 1 track(s)
2026-04-21 16:27:16 | INFO     | app.recognition.face_recognizer:204 -   face→track 209: best_id=1015 score=0.1748 (high>=0.5 verified>=0.42 med>=0.37)
2026-04-21 16:27:17 | INFO     | app.recognition.face_recognizer:105 - identify_in_frame cam=3: 0 face(s) detected, 3 track(s)
2026-04-21 16:27:18 | INFO     | app.recognition.face_recognizer:105 - identify_in_frame cam=2: 1 face(s) detected, 2 track(s)
2026-04-21 16:27:18 | INFO     | app.recognition.face_recognizer:204 -   face→track 210: best_id=1003 score=0.1037 (high>=0.5 verified>=0.42 med>=0.37)
2026-04-21 16:27:18 | INFO     | app.recognition.face_recognizer:105 - identify_in_frame cam=2: 0 face(s) detected, 2 track(s)
2026-04-21 16:27:18 | INFO     | app.recognition.face_recognizer:105 - identify_in_frame cam=2: 0 face(s) detected, 1 track(s)
2026-04-21 16:27:19 | INFO     | app.recognition.face_recognizer:105 - identify_in_frame cam=2: 0 face(s) detected, 1 track(s)
2026-04-21 16:27:19 | INFO     | app.pipeline.processing_pipeline:523 - Pipeline cam=3: 3.0 fps actual
2026-04-21 16:27:20 | INFO     | app.recognition.face_recognizer:105 - identify_in_frame cam=3: 0 face(s) detected, 2 track(s)
2026-04-21 16:27:20 | INFO     | app.recognition.face_recognizer:105 - identify_in_frame cam=2: 0 face(s) detected, 3 track(s)
2026-04-21 16:27:22 | INFO     | app.recognition.face_recognizer:105 - identify_in_frame cam=3: 0 face(s) detected, 1 track(s)
2026-04-21 16:27:23 | INFO     | app.pipeline.processing_pipeline:523 - Pipeline cam=2: 3.4 fps actual
2026-04-21 16:27:23 | INFO     | app.recognition.face_recognizer:105 - identify_in_frame cam=2: 0 face(s) detected, 3 track(s)
2026-04-21 16:27:25 | INFO     | app.recognition.face_recognizer:105 - identify_in_frame cam=2: 0 face(s) detected, 1 track(s)
2026-04-21 16:27:26 | INFO     | app.pipeline.processing_pipeline:523 - Pipeline cam=3: 4.5 fps actual
2026-04-21 16:27:29 | INFO     | app.pipeline.processing_pipeline:523 - Pipeline cam=2: 4.7 fps actual
2026-04-21 16:27:32 | INFO     | app.pipeline.processing_pipeline:523 - Pipeline cam=3: 4.9 fps actual
2026-04-21 16:27:35 | INFO     | app.pipeline.processing_pipeline:523 - Pipeline cam=2: 4.9 fps actual
2026-04-21 16:27:38 | INFO     | app.pipeline.processing_pipeline:523 - Pipeline cam=3: 4.9 fps actual
2026-04-21 16:27:41 | INFO     | app.pipeline.processing_pipeline:523 - Pipeline cam=2: 4.8 fps actual
2026-04-21 16:27:45 | INFO     | app.pipeline.processing_pipeline:523 - Pipeline cam=3: 4.8 fps actual
2026-04-21 16:27:48 | INFO     | app.pipeline.processing_pipeline:523 - Pipeline cam=2: 4.9 fps actual
2026-04-21 16:27:51 | INFO     | app.pipeline.processing_pipeline:523 - Pipeline cam=3: 4.9 fps actual
2026-04-21 16:27:54 | INFO     | app.pipeline.processing_pipeline:523 - Pipeline cam=2: 4.6 fps actual
2026-04-21 16:27:57 | INFO     | app.pipeline.processing_pipeline:523 - Pipeline cam=3: 4.9 fps actual
2026-04-21 16:28:00 | INFO     | app.pipeline.processing_pipeline:523 - Pipeline cam=2: 4.9 fps actual
2026-04-21 16:28:03 | INFO     | app.pipeline.processing_pipeline:523 - Pipeline cam=3: 4.8 fps actual
2026-04-21 16:28:07 | INFO     | app.pipeline.processing_pipeline:523 - Pipeline cam=2: 4.7 fps actual
2026-04-21 16:28:09 | INFO     | app.pipeline.processing_pipeline:523 - Pipeline cam=3: 4.9 fps actual
2026-04-21 16:28:13 | INFO     | app.pipeline.processing_pipeline:523 - Pipeline cam=2: 4.7 fps actual
2026-04-21 16:28:16 | INFO     | app.pipeline.processing_pipeline:523 - Pipeline cam=3: 4.6 fps actual
2026-04-21 16:28:20 | INFO     | app.pipeline.processing_pipeline:523 - Pipeline cam=2: 4.6 fps actual
2026-04-21 16:28:22 | INFO     | app.pipeline.processing_pipeline:523 - Pipeline cam=3: 4.8 fps actual
2026-04-21 16:28:26 | INFO     | app.pipeline.processing_pipeline:523 - Pipeline cam=2: 4.9 fps actual
2026-04-21 16:28:28 | INFO     | app.pipeline.processing_pipeline:523 - Pipeline cam=3: 4.9 fps actual
2026-04-21 16:28:32 | INFO     | app.pipeline.processing_pipeline:523 - Pipeline cam=2: 4.7 fps actual
2026-04-21 16:28:34 | INFO     | app.pipeline.processing_pipeline:523 - Pipeline cam=3: 4.9 fps actual
2026-04-21 16:28:38 | INFO     | app.pipeline.processing_pipeline:523 - Pipeline cam=2: 4.9 fps actual
2026-04-21 16:28:41 | INFO     | app.pipeline.processing_pipeline:523 - Pipeline cam=3: 4.8 fps actual
2026-04-21 16:28:45 | INFO     | app.pipeline.processing_pipeline:523 - Pipeline cam=2: 4.7 fps actual
2026-04-21 16:28:47 | INFO     | app.pipeline.processing_pipeline:523 - Pipeline cam=3: 4.9 fps actual
2026-04-21 16:28:51 | INFO     | app.pipeline.processing_pipeline:523 - Pipeline cam=2: 4.9 fps actual
2026-04-21 16:28:53 | INFO     | app.pipeline.processing_pipeline:523 - Pipeline cam=3: 4.8 fps actual
2026-04-21 16:28:57 | INFO     | app.pipeline.processing_pipeline:523 - Pipeline cam=2: 4.9 fps actual
2026-04-21 16:28:59 | INFO     | app.pipeline.processing_pipeline:523 - Pipeline cam=3: 4.8 fps actual
2026-04-21 16:29:03 | INFO     | app.pipeline.processing_pipeline:523 - Pipeline cam=2: 4.7 fps actual
2026-04-21 16:29:05 | INFO     | app.pipeline.processing_pipeline:523 - Pipeline cam=3: 4.9 fps actual
2026-04-21 16:29:09 | INFO     | app.pipeline.processing_pipeline:523 - Pipeline cam=2: 4.9 fps actual
2026-04-21 16:29:11 | INFO     | app.pipeline.processing_pipeline:523 - Pipeline cam=3: 4.9 fps actual
2026-04-21 16:29:16 | INFO     | app.pipeline.processing_pipeline:523 - Pipeline cam=2: 4.7 fps actual
2026-04-21 16:29:17 | INFO     | app.pipeline.processing_pipeline:523 - Pipeline cam=3: 5.0 fps actual
2026-04-21 16:29:22 | INFO     | app.pipeline.processing_pipeline:523 - Pipeline cam=2: 4.7 fps actual
2026-04-21 16:29:24 | INFO     | app.pipeline.processing_pipeline:523 - Pipeline cam=3: 4.9 fps actual
2026-04-21 16:29:28 | INFO     | app.pipeline.processing_pipeline:523 - Pipeline cam=2: 4.7 fps actual
2026-04-21 16:29:30 | INFO     | app.pipeline.processing_pipeline:523 - Pipeline cam=3: 4.9 fps actual
2026-04-21 16:29:35 | INFO     | app.pipeline.processing_pipeline:523 - Pipeline cam=2: 4.7 fps actual
2026-04-21 16:29:36 | INFO     | app.pipeline.processing_pipeline:523 - Pipeline cam=3: 4.9 fps actual
2026-04-21 16:29:41 | INFO     | app.pipeline.processing_pipeline:523 - Pipeline cam=2: 4.8 fps actual
2026-04-21 16:29:42 | INFO     | app.pipeline.processing_pipeline:523 - Pipeline cam=3: 4.8 fps actual
2026-04-21 16:29:47 | INFO     | app.pipeline.processing_pipeline:523 - Pipeline cam=2: 4.8 fps actual
2026-04-21 16:29:48 | INFO     | app.pipeline.processing_pipeline:523 - Pipeline cam=3: 4.8 fps actual
2026-04-21 16:29:54 | INFO     | app.pipeline.processing_pipeline:523 - Pipeline cam=2: 4.7 fps actual
2026-04-21 16:29:55 | INFO     | app.pipeline.processing_pipeline:523 - Pipeline cam=3: 4.8 fps actual
2026-04-21 16:30:00 | INFO     | app.pipeline.processing_pipeline:523 - Pipeline cam=2: 4.7 fps actual
2026-04-21 16:30:01 | INFO     | app.pipeline.processing_pipeline:523 - Pipeline cam=3: 4.8 fps actual
2026-04-21 16:30:06 | INFO     | app.pipeline.processing_pipeline:523 - Pipeline cam=2: 4.9 fps actual
2026-04-21 16:30:07 | INFO     | app.pipeline.processing_pipeline:523 - Pipeline cam=3: 4.9 fps actual
2026-04-21 16:30:12 | INFO     | app.pipeline.processing_pipeline:523 - Pipeline cam=2: 4.7 fps actual
2026-04-21 16:30:13 | INFO     | app.pipeline.processing_pipeline:523 - Pipeline cam=3: 4.9 fps actual
2026-04-21 16:30:19 | INFO     | app.pipeline.processing_pipeline:523 - Pipeline cam=2: 4.8 fps actual
2026-04-21 16:30:19 | INFO     | app.pipeline.processing_pipeline:523 - Pipeline cam=3: 4.9 fps actual
2026-04-21 16:30:25 | INFO     | app.pipeline.processing_pipeline:523 - Pipeline cam=2: 4.9 fps actual
2026-04-21 16:30:25 | INFO     | app.pipeline.processing_pipeline:523 - Pipeline cam=3: 4.9 fps actual
2026-04-21 16:30:32 | INFO     | app.pipeline.processing_pipeline:523 - Pipeline cam=2: 4.0 fps actual
2026-04-21 16:30:32 | INFO     | app.pipeline.processing_pipeline:523 - Pipeline cam=3: 4.4 fps actual
2026-04-21 16:30:38 | INFO     | app.pipeline.processing_pipeline:523 - Pipeline cam=2: 4.9 fps actual
2026-04-21 16:30:38 | INFO     | app.pipeline.processing_pipeline:523 - Pipeline cam=3: 4.9 fps actual
2026-04-21 16:30:45 | INFO     | app.pipeline.processing_pipeline:523 - Pipeline cam=2: 4.8 fps actual
2026-04-21 16:30:45 | INFO     | app.pipeline.processing_pipeline:523 - Pipeline cam=3: 4.8 fps actual
2026-04-21 16:30:45 | INFO     | app.services.alert_service:74 - Alert: hariom missing — last seen 152m ago
2026-04-21 16:30:45 | INFO     | app.services.alert_service:74 - Alert: Himanshi  missing — last seen 149m ago
2026-04-21 16:30:45 | INFO     | app.services.alert_service:74 - Alert: devkanya missing — last seen 148m ago
2026-04-21 16:30:51 | INFO     | app.pipeline.processing_pipeline:523 - Pipeline cam=3: 4.7 fps actual
2026-04-21 16:30:51 | INFO     | app.pipeline.processing_pipeline:523 - Pipeline cam=2: 4.7 fps actual
2026-04-21 16:30:57 | INFO     | app.pipeline.processing_pipeline:523 - Pipeline cam=3: 4.7 fps actual
2026-04-21 16:30:58 | INFO     | app.pipeline.processing_pipeline:523 - Pipeline cam=2: 4.6 fps actual
2026-04-21 16:31:04 | INFO     | app.pipeline.processing_pipeline:523 - Pipeline cam=3: 4.7 fps actual
2026-04-21 16:31:04 | INFO     | app.pipeline.processing_pipeline:523 - Pipeline cam=2: 4.7 fps actual
2026-04-21 16:31:10 | INFO     | app.pipeline.processing_pipeline:523 - Pipeline cam=3: 4.8 fps actual
2026-04-21 16:31:12 | INFO     | app.pipeline.processing_pipeline:523 - Pipeline cam=2: 3.8 fps actual
2026-04-21 16:31:17 | INFO     | app.pipeline.processing_pipeline:523 - Pipeline cam=3: 4.6 fps actual
2026-04-21 16:31:18 | INFO     | app.pipeline.processing_pipeline:523 - Pipeline cam=2: 4.8 fps actual
2026-04-21 16:31:23 | INFO     | app.pipeline.processing_pipeline:523 - Pipeline cam=3: 4.9 fps actual
2026-04-21 16:31:24 | INFO     | app.pipeline.processing_pipeline:523 - Pipeline cam=2: 4.9 fps actual
2026-04-21 16:31:29 | INFO     | app.pipeline.processing_pipeline:523 - Pipeline cam=3: 4.8 fps actual
2026-04-21 16:31:31 | INFO     | app.pipeline.processing_pipeline:523 - Pipeline cam=2: 4.7 fps actual
2026-04-21 16:31:35 | INFO     | app.pipeline.processing_pipeline:523 - Pipeline cam=3: 4.8 fps actual
2026-04-21 16:31:37 | INFO     | app.pipeline.processing_pipeline:523 - Pipeline cam=2: 4.9 fps actual
2026-04-21 16:31:41 | INFO     | app.pipeline.processing_pipeline:523 - Pipeline cam=3: 4.9 fps actual
2026-04-21 16:31:43 | INFO     | app.pipeline.processing_pipeline:523 - Pipeline cam=2: 4.7 fps actual
2026-04-21 16:31:48 | INFO     | app.pipeline.processing_pipeline:523 - Pipeline cam=3: 4.8 fps actual
2026-04-21 16:31:50 | INFO     | app.pipeline.processing_pipeline:523 - Pipeline cam=2: 4.7 fps actual
2026-04-21 16:31:54 | INFO     | app.pipeline.processing_pipeline:523 - Pipeline cam=3: 4.9 fps actual
2026-04-21 16:31:56 | INFO     | app.pipeline.processing_pipeline:523 - Pipeline cam=2: 4.5 fps actual
2026-04-21 16:32:00 | INFO     | app.pipeline.processing_pipeline:523 - Pipeline cam=3: 4.9 fps actual
2026-04-21 16:32:02 | INFO     | app.pipeline.processing_pipeline:523 - Pipeline cam=2: 4.9 fps actual
2026-04-21 16:32:06 | INFO     | app.pipeline.processing_pipeline:523 - Pipeline cam=3: 4.8 fps actual
2026-04-21 16:32:09 | INFO     | app.pipeline.processing_pipeline:523 - Pipeline cam=2: 4.7 fps actual
2026-04-21 16:32:12 | INFO     | app.pipeline.processing_pipeline:523 - Pipeline cam=3: 5.0 fps actual
2026-04-21 16:32:15 | INFO     | app.pipeline.processing_pipeline:523 - Pipeline cam=2: 4.5 fps actual
2026-04-21 16:32:19 | INFO     | app.pipeline.processing_pipeline:523 - Pipeline cam=3: 4.3 fps actual
2026-04-21 16:32:22 | INFO     | app.pipeline.processing_pipeline:523 - Pipeline cam=2: 4.8 fps actual
2026-04-21 16:32:25 | INFO     | app.pipeline.processing_pipeline:523 - Pipeline cam=3: 4.9 fps actual
2026-04-21 16:32:28 | INFO     | app.pipeline.processing_pipeline:523 - Pipeline cam=2: 4.8 fps actual
2026-04-21 16:32:31 | INFO     | app.recognition.face_recognizer:105 - identify_in_frame cam=3: 0 face(s) detected, 1 track(s)
2026-04-21 16:32:31 | INFO     | app.pipeline.processing_pipeline:523 - Pipeline cam=3: 4.9 fps actual
2026-04-21 16:32:32 | INFO     | app.recognition.face_recognizer:105 - identify_in_frame cam=3: 0 face(s) detected, 2 track(s)
2026-04-21 16:32:33 | INFO     | app.recognition.face_recognizer:105 - identify_in_frame cam=3: 1 face(s) detected, 2 track(s)
2026-04-21 16:32:33 | INFO     | app.recognition.face_recognizer:204 -   face→track 97: best_id=1016 score=0.1114 (high>=0.5 verified>=0.42 med>=0.37)
2026-04-21 16:32:34 | INFO     | app.recognition.face_recognizer:105 - identify_in_frame cam=3: 1 face(s) detected, 1 track(s)
2026-04-21 16:32:34 | INFO     | app.recognition.face_recognizer:204 -   face→track 97: best_id=1025 score=0.1533 (high>=0.5 verified>=0.42 med>=0.37)
2026-04-21 16:32:34 | INFO     | app.recognition.face_recognizer:105 - identify_in_frame cam=3: 0 face(s) detected, 2 track(s)
2026-04-21 16:32:36 | INFO     | app.pipeline.processing_pipeline:523 - Pipeline cam=2: 3.9 fps actual
2026-04-21 16:32:36 | INFO     | app.recognition.face_recognizer:105 - identify_in_frame cam=2: 0 face(s) detected, 1 track(s)
2026-04-21 16:32:37 | INFO     | app.recognition.face_recognizer:105 - identify_in_frame cam=3: 0 face(s) detected, 2 track(s)
2026-04-21 16:32:37 | INFO     | app.recognition.face_recognizer:105 - identify_in_frame cam=2: 1 face(s) detected, 1 track(s)
2026-04-21 16:32:39 | INFO     | app.recognition.face_recognizer:105 - identify_in_frame cam=2: 1 face(s) detected, 1 track(s)
2026-04-21 16:32:40 | INFO     | app.recognition.face_recognizer:105 - identify_in_frame cam=2: 0 face(s) detected, 1 track(s)
2026-04-21 16:32:41 | INFO     | app.recognition.face_recognizer:105 - identify_in_frame cam=2: 0 face(s) detected, 1 track(s)
2026-04-21 16:32:41 | INFO     | app.pipeline.processing_pipeline:523 - Pipeline cam=3: 3.2 fps actual
2026-04-21 16:32:41 | INFO     | app.recognition.face_recognizer:105 - identify_in_frame cam=2: 0 face(s) detected, 1 track(s)
2026-04-21 16:32:41 | INFO     | app.recognition.face_recognizer:105 - identify_in_frame cam=3: 0 face(s) detected, 1 track(s)
2026-04-21 16:32:42 | INFO     | app.recognition.face_recognizer:105 - identify_in_frame cam=2: 0 face(s) detected, 1 track(s)
2026-04-21 16:32:42 | INFO     | app.recognition.face_recognizer:105 - identify_in_frame cam=2: 0 face(s) detected, 2 track(s)
2026-04-21 16:32:44 | INFO     | app.recognition.face_recognizer:105 - identify_in_frame cam=3: 0 face(s) detected, 1 track(s)
2026-04-21 16:32:45 | INFO     | app.services.alert_service:74 - Alert: Devrishi Sharma missing — last seen 126m ago
2026-04-21 16:32:45 | INFO     | app.pipeline.processing_pipeline:523 - Pipeline cam=2: 3.2 fps actual
2026-04-21 16:32:45 | INFO     | app.recognition.face_recognizer:105 - identify_in_frame cam=2: 0 face(s) detected, 2 track(s)
2026-04-21 16:32:47 | INFO     | app.recognition.face_recognizer:105 - identify_in_frame cam=2: 0 face(s) detected, 1 track(s)
2026-04-21 16:32:48 | INFO     | app.pipeline.processing_pipeline:523 - Pipeline cam=3: 4.0 fps actual
2026-04-21 16:32:51 | INFO     | app.pipeline.processing_pipeline:523 - Pipeline cam=2: 4.7 fps actual
2026-04-21 16:32:55 | INFO     | app.pipeline.processing_pipeline:523 - Pipeline cam=3: 4.8 fps actual
2026-04-21 16:32:58 | INFO     | app.pipeline.processing_pipeline:523 - Pipeline cam=2: 4.8 fps actual
2026-04-21 16:33:01 | INFO     | app.pipeline.processing_pipeline:523 - Pipeline cam=3: 4.9 fps actual
2026-04-21 16:33:04 | INFO     | app.recognition.face_recognizer:105 - identify_in_frame cam=2: 1 face(s) detected, 1 track(s)
2026-04-21 16:33:04 | INFO     | app.recognition.face_recognizer:204 -   face→track 213: best_id=1010 score=0.4538 (high>=0.5 verified>=0.42 med>=0.37)
2026-04-21 16:33:04 | INFO     | app.pipeline.processing_pipeline:523 - Pipeline cam=2: 4.4 fps actual
2026-04-21 16:33:05 | INFO     | app.recognition.face_recognizer:230 -   frame_verified candidate emp=1010 score=0.4538 verified=False sim=0.2794 facenet_min=0.50
2026-04-21 16:33:05 | INFO     | app.recognition.face_recognizer:105 - identify_in_frame cam=2: 1 face(s) detected, 1 track(s)
2026-04-21 16:33:05 | INFO     | app.recognition.face_recognizer:204 -   face→track 213: best_id=1010 score=0.4315 (high>=0.5 verified>=0.42 med>=0.37)
2026-04-21 16:33:07 | INFO     | app.recognition.face_recognizer:230 -   frame_verified candidate emp=1010 score=0.4315 verified=False sim=0.2112 facenet_min=0.50
2026-04-21 16:33:07 | INFO     | app.recognition.face_recognizer:105 - identify_in_frame cam=2: 1 face(s) detected, 1 track(s)
2026-04-21 16:33:07 | INFO     | app.recognition.face_recognizer:204 -   face→track 213: best_id=1010 score=0.4756 (high>=0.5 verified>=0.42 med>=0.37)
2026-04-21 16:33:08 | INFO     | app.pipeline.processing_pipeline:523 - Pipeline cam=3: 4.3 fps actual
2026-04-21 16:33:08 | INFO     | app.recognition.face_recognizer:230 -   frame_verified candidate emp=1010 score=0.4756 verified=False sim=0.3955 facenet_min=0.50
2026-04-21 16:33:08 | INFO     | app.recognition.face_recognizer:105 - identify_in_frame cam=2: 0 face(s) detected, 1 track(s)
2026-04-21 16:33:09 | INFO     | app.recognition.face_recognizer:105 - identify_in_frame cam=2: 0 face(s) detected, 1 track(s)
2026-04-21 16:33:11 | INFO     | app.pipeline.processing_pipeline:523 - Pipeline cam=2: 4.2 fps actual
2026-04-21 16:33:12 | INFO     | app.recognition.face_recognizer:105 - identify_in_frame cam=2: 0 face(s) detected, 1 track(s)
2026-04-21 16:33:14 | INFO     | app.pipeline.processing_pipeline:523 - Pipeline cam=3: 4.5 fps actual
2026-04-21 16:33:17 | INFO     | app.pipeline.processing_pipeline:523 - Pipeline cam=2: 5.0 fps actual
2026-04-21 16:33:20 | INFO     | app.pipeline.processing_pipeline:523 - Pipeline cam=3: 5.0 fps actual
2026-04-21 16:33:24 | INFO     | app.pipeline.processing_pipeline:523 - Pipeline cam=2: 4.8 fps actual
2026-04-21 16:33:27 | INFO     | app.pipeline.processing_pipeline:523 - Pipeline cam=3: 4.9 fps actual
2026-04-21 16:33:30 | INFO     | app.pipeline.processing_pipeline:523 - Pipeline cam=2: 4.9 fps actual
2026-04-21 16:33:33 | INFO     | app.pipeline.processing_pipeline:523 - Pipeline cam=3: 4.9 fps actual
2026-04-21 16:33:36 | INFO     | app.pipeline.processing_pipeline:523 - Pipeline cam=2: 4.7 fps actual
2026-04-21 16:33:39 | INFO     | app.pipeline.processing_pipeline:523 - Pipeline cam=3: 4.9 fps actual
2026-04-21 16:33:42 | INFO     | app.pipeline.processing_pipeline:523 - Pipeline cam=2: 4.9 fps actual
2026-04-21 16:33:45 | INFO     | app.pipeline.processing_pipeline:523 - Pipeline cam=3: 4.9 fps actual
2026-04-21 16:33:49 | INFO     | app.pipeline.processing_pipeline:523 - Pipeline cam=2: 4.7 fps actual
2026-04-21 16:33:51 | INFO     | app.pipeline.processing_pipeline:523 - Pipeline cam=3: 4.9 fps actual
2026-04-21 16:33:55 | INFO     | app.pipeline.processing_pipeline:523 - Pipeline cam=2: 4.9 fps actual
2026-04-21 16:33:57 | INFO     | app.pipeline.processing_pipeline:523 - Pipeline cam=3: 4.8 fps actual
2026-04-21 16:34:01 | INFO     | app.pipeline.processing_pipeline:523 - Pipeline cam=2: 4.8 fps actual
2026-04-21 16:34:03 | INFO     | app.pipeline.processing_pipeline:523 - Pipeline cam=3: 4.9 fps actual
2026-04-21 16:34:08 | INFO     | app.pipeline.processing_pipeline:523 - Pipeline cam=2: 4.8 fps actual
2026-04-21 16:34:10 | INFO     | app.pipeline.processing_pipeline:523 - Pipeline cam=3: 4.9 fps actual
2026-04-21 16:34:14 | INFO     | app.pipeline.processing_pipeline:523 - Pipeline cam=2: 4.7 fps actual
2026-04-21 16:34:16 | INFO     | app.pipeline.processing_pipeline:523 - Pipeline cam=3: 4.8 fps actual
2026-04-21 16:34:20 | INFO     | app.pipeline.processing_pipeline:523 - Pipeline cam=2: 4.8 fps actual
2026-04-21 16:34:22 | INFO     | app.pipeline.processing_pipeline:523 - Pipeline cam=3: 5.0 fps actual
2026-04-21 16:34:26 | INFO     | app.pipeline.processing_pipeline:523 - Pipeline cam=2: 4.8 fps actual
2026-04-21 16:34:28 | INFO     | app.pipeline.processing_pipeline:523 - Pipeline cam=3: 4.9 fps actual
2026-04-21 16:34:33 | INFO     | app.pipeline.processing_pipeline:523 - Pipeline cam=2: 4.7 fps actual
2026-04-21 16:34:34 | INFO     | app.pipeline.processing_pipeline:523 - Pipeline cam=3: 4.9 fps actual
2026-04-21 16:34:39 | INFO     | app.pipeline.processing_pipeline:523 - Pipeline cam=2: 4.9 fps actual
2026-04-21 16:34:40 | INFO     | app.pipeline.processing_pipeline:523 - Pipeline cam=3: 4.8 fps actual
2026-04-21 16:34:45 | INFO     | app.services.alert_service:74 - Alert: Anjali missing — last seen 85m ago
2026-04-21 16:34:45 | INFO     | app.services.alert_service:74 - Alert: gyanendra missing — last seen 146m ago
2026-04-21 16:34:45 | INFO     | app.pipeline.processing_pipeline:523 - Pipeline cam=2: 4.7 fps actual
2026-04-21 16:34:46 | INFO     | app.pipeline.processing_pipeline:523 - Pipeline cam=3: 4.9 fps actual
2026-04-21 16:34:52 | INFO     | app.pipeline.processing_pipeline:523 - Pipeline cam=2: 4.9 fps actual
2026-04-21 16:34:53 | INFO     | app.pipeline.processing_pipeline:523 - Pipeline cam=3: 4.9 fps actual
2026-04-21 16:34:58 | INFO     | app.pipeline.processing_pipeline:523 - Pipeline cam=2: 4.8 fps actual
2026-04-21 16:34:59 | INFO     | app.pipeline.processing_pipeline:523 - Pipeline cam=3: 4.9 fps actual
2026-04-21 16:35:04 | INFO     | app.pipeline.processing_pipeline:523 - Pipeline cam=2: 4.9 fps actual
2026-04-21 16:35:05 | INFO     | app.pipeline.processing_pipeline:523 - Pipeline cam=3: 4.9 fps actual
2026-04-21 16:35:05 | INFO     | app.api.ws:51 - WS: client connected (1 total)
2026-04-21 16:35:06 | INFO     | app.api.ws:56 - WS: client disconnected (0 remaining)
2026-04-21 16:35:10 | INFO     | app.pipeline.processing_pipeline:523 - Pipeline cam=2: 4.8 fps actual
2026-04-21 16:35:11 | INFO     | app.pipeline.processing_pipeline:523 - Pipeline cam=3: 4.9 fps actual
2026-04-21 16:35:16 | INFO     | app.pipeline.processing_pipeline:523 - Pipeline cam=2: 4.9 fps actual
2026-04-21 16:35:17 | INFO     | app.pipeline.processing_pipeline:523 - Pipeline cam=3: 4.9 fps actual
2026-04-21 16:35:23 | INFO     | app.pipeline.processing_pipeline:523 - Pipeline cam=2: 4.7 fps actual
2026-04-21 16:35:23 | INFO     | app.pipeline.processing_pipeline:523 - Pipeline cam=3: 4.8 fps actual
2026-04-21 16:35:29 | INFO     | app.pipeline.processing_pipeline:523 - Pipeline cam=2: 4.6 fps actual
2026-04-21 16:35:30 | INFO     | app.pipeline.processing_pipeline:523 - Pipeline cam=3: 4.9 fps actual
2026-04-21 16:35:36 | INFO     | app.pipeline.processing_pipeline:523 - Pipeline cam=2: 4.7 fps actual
2026-04-21 16:35:36 | INFO     | app.pipeline.processing_pipeline:523 - Pipeline cam=3: 4.9 fps actual
2026-04-21 16:35:42 | INFO     | app.pipeline.processing_pipeline:523 - Pipeline cam=3: 4.9 fps actual
2026-04-21 16:35:42 | INFO     | app.pipeline.processing_pipeline:523 - Pipeline cam=2: 4.7 fps actual
2026-04-21 16:35:48 | INFO     | app.pipeline.processing_pipeline:523 - Pipeline cam=3: 4.8 fps actual
2026-04-21 16:35:48 | INFO     | app.pipeline.processing_pipeline:523 - Pipeline cam=2: 4.9 fps actual
2026-04-21 16:35:54 | INFO     | app.pipeline.processing_pipeline:523 - Pipeline cam=3: 4.9 fps actual
2026-04-21 16:35:55 | INFO     | app.pipeline.processing_pipeline:523 - Pipeline cam=2: 4.7 fps actual
2026-04-21 16:36:00 | INFO     | app.pipeline.processing_pipeline:523 - Pipeline cam=3: 4.8 fps actual
2026-04-21 16:36:01 | INFO     | app.pipeline.processing_pipeline:523 - Pipeline cam=2: 4.7 fps actual
2026-04-21 16:36:06 | INFO     | app.pipeline.processing_pipeline:523 - Pipeline cam=3: 4.9 fps actual
2026-04-21 16:36:07 | INFO     | app.pipeline.processing_pipeline:523 - Pipeline cam=2: 4.8 fps actual
2026-04-21 16:36:13 | INFO     | app.pipeline.processing_pipeline:523 - Pipeline cam=3: 4.9 fps actual
2026-04-21 16:36:14 | INFO     | app.pipeline.processing_pipeline:523 - Pipeline cam=2: 4.5 fps actual
2026-04-21 16:36:19 | INFO     | app.pipeline.processing_pipeline:523 - Pipeline cam=3: 4.8 fps actual
2026-04-21 16:36:20 | INFO     | app.pipeline.processing_pipeline:523 - Pipeline cam=2: 4.9 fps actual
2026-04-21 16:36:25 | INFO     | app.pipeline.processing_pipeline:523 - Pipeline cam=3: 4.9 fps actual
2026-04-21 16:36:26 | INFO     | app.pipeline.processing_pipeline:523 - Pipeline cam=2: 4.7 fps actual
2026-04-21 16:36:31 | INFO     | app.pipeline.processing_pipeline:523 - Pipeline cam=3: 5.0 fps actual
2026-04-21 16:36:32 | INFO     | app.pipeline.processing_pipeline:523 - Pipeline cam=2: 4.9 fps actual
2026-04-21 16:36:37 | INFO     | app.pipeline.processing_pipeline:523 - Pipeline cam=3: 4.9 fps actual
2026-04-21 16:36:39 | INFO     | app.pipeline.processing_pipeline:523 - Pipeline cam=2: 4.7 fps actual
2026-04-21 16:36:43 | INFO     | app.pipeline.processing_pipeline:523 - Pipeline cam=3: 4.7 fps actual
2026-04-21 16:36:45 | INFO     | app.pipeline.processing_pipeline:523 - Pipeline cam=2: 4.7 fps actual
2026-04-21 16:36:50 | INFO     | app.pipeline.processing_pipeline:523 - Pipeline cam=3: 4.9 fps actual
2026-04-21 16:36:50 | INFO     | app.recognition.face_recognizer:105 - identify_in_frame cam=2: 1 face(s) detected, 1 track(s)
2026-04-21 16:36:50 | INFO     | app.recognition.face_recognizer:204 -   face→track 214: best_id=1024 score=0.1299 (high>=0.5 verified>=0.42 med>=0.37)
2026-04-21 16:36:51 | INFO     | app.recognition.face_recognizer:105 - identify_in_frame cam=2: 1 face(s) detected, 2 track(s)
2026-04-21 16:36:51 | INFO     | app.recognition.face_recognizer:204 -   face→track 215: best_id=1024 score=0.1153 (high>=0.5 verified>=0.42 med>=0.37)
2026-04-21 16:36:51 | INFO     | app.pipeline.processing_pipeline:523 - Pipeline cam=2: 4.8 fps actual
2026-04-21 16:36:52 | INFO     | app.recognition.face_recognizer:105 - identify_in_frame cam=2: 1 face(s) detected, 2 track(s)
2026-04-21 16:36:52 | INFO     | app.recognition.face_recognizer:204 -   face→track 214: best_id=1002 score=0.0784 (high>=0.5 verified>=0.42 med>=0.37)
2026-04-21 16:36:53 | INFO     | app.recognition.face_recognizer:105 - identify_in_frame cam=2: 0 face(s) detected, 1 track(s)
2026-04-21 16:36:54 | INFO     | app.recognition.face_recognizer:105 - identify_in_frame cam=2: 0 face(s) detected, 2 track(s)
2026-04-21 16:36:56 | INFO     | app.recognition.face_recognizer:105 - identify_in_frame cam=2: 0 face(s) detected, 2 track(s)
2026-04-21 16:36:58 | INFO     | app.pipeline.processing_pipeline:523 - Pipeline cam=3: 3.7 fps actual
2026-04-21 16:36:59 | INFO     | app.pipeline.processing_pipeline:523 - Pipeline cam=2: 3.9 fps actual
2026-04-21 16:36:59 | INFO     | app.recognition.face_recognizer:105 - identify_in_frame cam=2: 0 face(s) detected, 1 track(s)
2026-04-21 16:37:04 | INFO     | app.pipeline.processing_pipeline:523 - Pipeline cam=3: 4.9 fps actual
2026-04-21 16:37:05 | INFO     | app.pipeline.processing_pipeline:523 - Pipeline cam=2: 4.8 fps actual
2026-04-21 16:37:10 | INFO     | app.pipeline.processing_pipeline:523 - Pipeline cam=3: 4.9 fps actual
2026-04-21 16:37:12 | INFO     | app.pipeline.processing_pipeline:523 - Pipeline cam=2: 4.8 fps actual
2026-04-21 16:37:16 | INFO     | app.pipeline.processing_pipeline:523 - Pipeline cam=3: 4.9 fps actual
2026-04-21 16:37:18 | INFO     | app.pipeline.processing_pipeline:523 - Pipeline cam=2: 4.7 fps actual
2026-04-21 16:37:22 | INFO     | app.pipeline.processing_pipeline:523 - Pipeline cam=3: 4.9 fps actual
2026-04-21 16:37:24 | INFO     | app.pipeline.processing_pipeline:523 - Pipeline cam=2: 4.9 fps actual
2026-04-21 16:37:28 | INFO     | app.pipeline.processing_pipeline:523 - Pipeline cam=3: 4.9 fps actual
2026-04-21 16:37:30 | INFO     | app.pipeline.processing_pipeline:523 - Pipeline cam=2: 4.8 fps actual
2026-04-21 16:37:35 | INFO     | app.pipeline.processing_pipeline:523 - Pipeline cam=3: 4.9 fps actual
2026-04-21 16:37:37 | INFO     | app.pipeline.processing_pipeline:523 - Pipeline cam=2: 4.9 fps actual
2026-04-21 16:37:41 | INFO     | app.pipeline.processing_pipeline:523 - Pipeline cam=3: 4.9 fps actual
2026-04-21 16:37:43 | INFO     | app.pipeline.processing_pipeline:523 - Pipeline cam=2: 4.9 fps actual
2026-04-21 16:37:47 | INFO     | app.pipeline.processing_pipeline:523 - Pipeline cam=3: 4.8 fps actual
2026-04-21 16:37:49 | INFO     | app.pipeline.processing_pipeline:523 - Pipeline cam=2: 4.6 fps actual
2026-04-21 16:37:53 | INFO     | app.pipeline.processing_pipeline:523 - Pipeline cam=3: 4.9 fps actual
2026-04-21 16:37:56 | INFO     | app.pipeline.processing_pipeline:523 - Pipeline cam=2: 4.7 fps actual
2026-04-21 16:37:59 | INFO     | app.pipeline.processing_pipeline:523 - Pipeline cam=3: 4.9 fps actual
2026-04-21 16:38:02 | INFO     | app.pipeline.processing_pipeline:523 - Pipeline cam=2: 4.7 fps actual
2026-04-21 16:38:05 | INFO     | app.pipeline.processing_pipeline:523 - Pipeline cam=3: 4.8 fps actual
2026-04-21 16:38:08 | INFO     | app.pipeline.processing_pipeline:523 - Pipeline cam=2: 4.7 fps actual
2026-04-21 16:38:11 | INFO     | app.pipeline.processing_pipeline:523 - Pipeline cam=3: 4.9 fps actual
2026-04-21 16:38:15 | INFO     | app.pipeline.processing_pipeline:523 - Pipeline cam=2: 4.8 fps actual
2026-04-21 16:38:18 | INFO     | app.pipeline.processing_pipeline:523 - Pipeline cam=3: 4.9 fps actual
2026-04-21 16:38:21 | INFO     | app.pipeline.processing_pipeline:523 - Pipeline cam=2: 4.8 fps actual
2026-04-21 16:38:24 | INFO     | app.pipeline.processing_pipeline:523 - Pipeline cam=3: 4.9 fps actual
2026-04-21 16:38:27 | INFO     | app.pipeline.processing_pipeline:523 - Pipeline cam=2: 4.7 fps actual
2026-04-21 16:38:30 | INFO     | app.pipeline.processing_pipeline:523 - Pipeline cam=3: 5.0 fps actual
2026-04-21 16:38:34 | INFO     | app.pipeline.processing_pipeline:523 - Pipeline cam=2: 4.7 fps actual
2026-04-21 16:38:36 | INFO     | app.pipeline.processing_pipeline:523 - Pipeline cam=3: 4.9 fps actual
2026-04-21 16:38:40 | INFO     | app.pipeline.processing_pipeline:523 - Pipeline cam=2: 4.8 fps actual
2026-04-21 16:38:42 | INFO     | app.pipeline.processing_pipeline:523 - Pipeline cam=3: 4.9 fps actual
2026-04-21 16:38:46 | INFO     | app.pipeline.processing_pipeline:523 - Pipeline cam=2: 4.9 fps actual
2026-04-21 16:38:48 | INFO     | app.pipeline.processing_pipeline:523 - Pipeline cam=3: 4.8 fps actual
2026-04-21 16:38:52 | INFO     | app.pipeline.processing_pipeline:523 - Pipeline cam=2: 4.7 fps actual
2026-04-21 16:38:54 | INFO     | app.pipeline.processing_pipeline:523 - Pipeline cam=3: 4.9 fps actual
2026-04-21 16:38:59 | INFO     | app.pipeline.processing_pipeline:523 - Pipeline cam=2: 4.9 fps actual
2026-04-21 16:39:00 | INFO     | app.pipeline.processing_pipeline:523 - Pipeline cam=3: 4.9 fps actual
2026-04-21 16:39:05 | INFO     | app.pipeline.processing_pipeline:523 - Pipeline cam=2: 4.7 fps actual
2026-04-21 16:39:07 | INFO     | app.pipeline.processing_pipeline:523 - Pipeline cam=3: 4.9 fps actual
2026-04-21 16:39:11 | INFO     | app.pipeline.processing_pipeline:523 - Pipeline cam=2: 4.9 fps actual
2026-04-21 16:39:13 | INFO     | app.pipeline.processing_pipeline:523 - Pipeline cam=3: 4.9 fps actual
2026-04-21 16:39:17 | INFO     | app.pipeline.processing_pipeline:523 - Pipeline cam=2: 4.8 fps actual
2026-04-21 16:39:19 | INFO     | app.pipeline.processing_pipeline:523 - Pipeline cam=3: 4.9 fps actual
2026-04-21 16:39:24 | INFO     | app.pipeline.processing_pipeline:523 - Pipeline cam=2: 4.7 fps actual
2026-04-21 16:39:25 | INFO     | app.pipeline.processing_pipeline:523 - Pipeline cam=3: 4.9 fps actual
2026-04-21 16:39:30 | INFO     | app.pipeline.processing_pipeline:523 - Pipeline cam=2: 4.7 fps actual
2026-04-21 16:39:31 | INFO     | app.pipeline.processing_pipeline:523 - Pipeline cam=3: 4.9 fps actual
2026-04-21 16:39:36 | INFO     | app.pipeline.processing_pipeline:523 - Pipeline cam=2: 4.9 fps actual
2026-04-21 16:39:37 | INFO     | app.pipeline.processing_pipeline:523 - Pipeline cam=3: 4.9 fps actual
2026-04-21 16:39:43 | INFO     | app.pipeline.processing_pipeline:523 - Pipeline cam=2: 4.6 fps actual
2026-04-21 16:39:43 | INFO     | app.pipeline.processing_pipeline:523 - Pipeline cam=3: 4.9 fps actual
2026-04-21 16:39:46 | INFO     | app.recognition.face_recognizer:105 - identify_in_frame cam=2: 1 face(s) detected, 1 track(s)
2026-04-21 16:39:46 | INFO     | app.recognition.face_recognizer:204 -   face→track 216: best_id=1025 score=0.0911 (high>=0.5 verified>=0.42 med>=0.37)
2026-04-21 16:39:47 | INFO     | app.recognition.face_recognizer:105 - identify_in_frame cam=2: 1 face(s) detected, 1 track(s)
2026-04-21 16:39:47 | INFO     | app.recognition.face_recognizer:204 -   face→track 216: best_id=1024 score=0.1104 (high>=0.5 verified>=0.42 med>=0.37)
2026-04-21 16:39:47 | INFO     | app.recognition.face_recognizer:105 - identify_in_frame cam=2: 0 face(s) detected, 1 track(s)
2026-04-21 16:39:49 | INFO     | app.pipeline.processing_pipeline:523 - Pipeline cam=2: 4.9 fps actual
2026-04-21 16:39:49 | INFO     | app.recognition.face_recognizer:105 - identify_in_frame cam=2: 0 face(s) detected, 1 track(s)
2026-04-21 16:39:50 | INFO     | app.pipeline.processing_pipeline:523 - Pipeline cam=3: 4.8 fps actual
2026-04-21 16:39:51 | INFO     | app.recognition.face_recognizer:105 - identify_in_frame cam=2: 0 face(s) detected, 1 track(s)
2026-04-21 16:39:53 | INFO     | app.recognition.face_recognizer:105 - identify_in_frame cam=2: 0 face(s) detected, 1 track(s)
2026-04-21 16:39:55 | INFO     | app.pipeline.processing_pipeline:523 - Pipeline cam=2: 4.7 fps actual
2026-04-21 16:39:56 | INFO     | app.pipeline.processing_pipeline:523 - Pipeline cam=3: 5.0 fps actual
2026-04-21 16:40:01 | INFO     | app.pipeline.processing_pipeline:523 - Pipeline cam=2: 4.9 fps actual
2026-04-21 16:40:02 | INFO     | app.pipeline.processing_pipeline:523 - Pipeline cam=3: 4.9 fps actual
2026-04-21 16:40:08 | INFO     | app.pipeline.processing_pipeline:523 - Pipeline cam=2: 4.8 fps actual
2026-04-21 16:40:08 | INFO     | app.pipeline.processing_pipeline:523 - Pipeline cam=3: 4.8 fps actual
2026-04-21 16:40:14 | INFO     | app.pipeline.processing_pipeline:523 - Pipeline cam=2: 4.9 fps actual
2026-04-21 16:40:14 | INFO     | app.pipeline.processing_pipeline:523 - Pipeline cam=3: 4.8 fps actual
2026-04-21 16:40:20 | INFO     | app.pipeline.processing_pipeline:523 - Pipeline cam=2: 4.7 fps actual
2026-04-21 16:40:20 | INFO     | app.pipeline.processing_pipeline:523 - Pipeline cam=3: 4.9 fps actual
2026-04-21 16:40:26 | INFO     | app.pipeline.processing_pipeline:523 - Pipeline cam=2: 4.9 fps actual
2026-04-21 16:40:26 | INFO     | app.pipeline.processing_pipeline:523 - Pipeline cam=3: 4.9 fps actual
2026-04-21 16:40:32 | INFO     | app.recognition.face_recognizer:105 - identify_in_frame cam=2: 1 face(s) detected, 2 track(s)
2026-04-21 16:40:32 | INFO     | app.recognition.face_recognizer:204 -   face→track 218: best_id=1004 score=0.0989 (high>=0.5 verified>=0.42 med>=0.37)
2026-04-21 16:40:33 | INFO     | app.recognition.face_recognizer:105 - identify_in_frame cam=2: 1 face(s) detected, 2 track(s)
2026-04-21 16:40:34 | INFO     | app.pipeline.processing_pipeline:523 - Pipeline cam=2: 3.9 fps actual
2026-04-21 16:40:34 | INFO     | app.recognition.face_recognizer:105 - identify_in_frame cam=2: 1 face(s) detected, 3 track(s)
2026-04-21 16:40:36 | INFO     | app.pipeline.processing_pipeline:523 - Pipeline cam=3: 3.1 fps actual
2026-04-21 16:40:37 | INFO     | app.recognition.face_recognizer:105 - identify_in_frame cam=2: 1 face(s) detected, 2 track(s)
2026-04-21 16:40:38 | INFO     | app.recognition.face_recognizer:105 - identify_in_frame cam=2: 0 face(s) detected, 2 track(s)
2026-04-21 16:40:39 | INFO     | app.recognition.face_recognizer:105 - identify_in_frame cam=2: 0 face(s) detected, 1 track(s)
2026-04-21 16:40:39 | INFO     | app.recognition.face_recognizer:105 - identify_in_frame cam=2: 0 face(s) detected, 4 track(s)
2026-04-21 16:40:42 | INFO     | app.recognition.face_recognizer:105 - identify_in_frame cam=2: 0 face(s) detected, 4 track(s)
2026-04-21 16:40:45 | INFO     | app.pipeline.processing_pipeline:523 - Pipeline cam=2: 2.8 fps actual
2026-04-21 16:40:45 | INFO     | app.recognition.face_recognizer:105 - identify_in_frame cam=2: 0 face(s) detected, 2 track(s)
2026-04-21 16:40:45 | INFO     | app.services.alert_service:74 - Alert: hariom missing — last seen 162m ago
2026-04-21 16:40:45 | INFO     | app.services.alert_service:74 - Alert: Himanshi  missing — last seen 159m ago
2026-04-21 16:40:45 | INFO     | app.services.alert_service:74 - Alert: devkanya missing — last seen 158m ago
2026-04-21 16:40:45 | INFO     | app.pipeline.processing_pipeline:523 - Pipeline cam=3: 3.4 fps actual
2026-04-21 16:40:51 | INFO     | app.pipeline.processing_pipeline:523 - Pipeline cam=2: 4.9 fps actual
2026-04-21 16:40:51 | INFO     | app.pipeline.processing_pipeline:523 - Pipeline cam=3: 4.9 fps actual
2026-04-21 16:40:57 | INFO     | app.pipeline.processing_pipeline:523 - Pipeline cam=2: 4.7 fps actual
2026-04-21 16:40:57 | INFO     | app.pipeline.processing_pipeline:523 - Pipeline cam=3: 4.9 fps actual
2026-04-21 16:41:03 | INFO     | app.pipeline.processing_pipeline:523 - Pipeline cam=2: 4.9 fps actual
2026-04-21 16:41:04 | INFO     | app.pipeline.processing_pipeline:523 - Pipeline cam=3: 4.9 fps actual
2026-04-21 16:41:09 | INFO     | app.pipeline.processing_pipeline:523 - Pipeline cam=2: 4.8 fps actual
2026-04-21 16:41:10 | INFO     | app.pipeline.processing_pipeline:523 - Pipeline cam=3: 4.9 fps actual
2026-04-21 16:41:16 | INFO     | app.pipeline.processing_pipeline:523 - Pipeline cam=2: 4.7 fps actual
2026-04-21 16:41:16 | INFO     | app.pipeline.processing_pipeline:523 - Pipeline cam=3: 4.8 fps actual
2026-04-21 16:41:22 | INFO     | app.pipeline.processing_pipeline:523 - Pipeline cam=3: 4.9 fps actual
2026-04-21 16:41:22 | INFO     | app.pipeline.processing_pipeline:523 - Pipeline cam=2: 4.7 fps actual
2026-04-21 16:41:28 | INFO     | app.pipeline.processing_pipeline:523 - Pipeline cam=3: 4.9 fps actual
2026-04-21 16:41:28 | INFO     | app.pipeline.processing_pipeline:523 - Pipeline cam=2: 4.9 fps actual
2026-04-21 16:41:34 | INFO     | app.pipeline.processing_pipeline:523 - Pipeline cam=3: 4.9 fps actual
2026-04-21 16:41:34 | INFO     | app.pipeline.processing_pipeline:523 - Pipeline cam=2: 4.9 fps actual
2026-04-21 16:41:40 | INFO     | app.pipeline.processing_pipeline:523 - Pipeline cam=3: 4.8 fps actual
2026-04-21 16:41:41 | INFO     | app.pipeline.processing_pipeline:523 - Pipeline cam=2: 4.7 fps actual
2026-04-21 16:41:46 | INFO     | app.pipeline.processing_pipeline:523 - Pipeline cam=3: 4.9 fps actual
2026-04-21 16:41:47 | INFO     | app.pipeline.processing_pipeline:523 - Pipeline cam=2: 4.7 fps actual
2026-04-21 16:41:53 | INFO     | app.pipeline.processing_pipeline:523 - Pipeline cam=3: 4.9 fps actual
2026-04-21 16:41:53 | INFO     | app.pipeline.processing_pipeline:523 - Pipeline cam=2: 4.9 fps actual
2026-04-21 16:41:59 | INFO     | app.pipeline.processing_pipeline:523 - Pipeline cam=3: 4.9 fps actual
2026-04-21 16:42:00 | INFO     | app.pipeline.processing_pipeline:523 - Pipeline cam=2: 4.7 fps actual
2026-04-21 16:42:05 | INFO     | app.pipeline.processing_pipeline:523 - Pipeline cam=3: 4.9 fps actual
2026-04-21 16:42:06 | INFO     | app.pipeline.processing_pipeline:523 - Pipeline cam=2: 4.7 fps actual
2026-04-21 16:42:11 | INFO     | app.pipeline.processing_pipeline:523 - Pipeline cam=3: 4.9 fps actual
2026-04-21 16:42:12 | INFO     | app.pipeline.processing_pipeline:523 - Pipeline cam=2: 4.9 fps actual
2026-04-21 16:42:17 | INFO     | app.pipeline.processing_pipeline:523 - Pipeline cam=3: 4.9 fps actual
2026-04-21 16:42:19 | INFO     | app.pipeline.processing_pipeline:523 - Pipeline cam=2: 4.7 fps actual
2026-04-21 16:42:23 | INFO     | app.pipeline.processing_pipeline:523 - Pipeline cam=3: 4.9 fps actual
2026-04-21 16:42:25 | INFO     | app.pipeline.processing_pipeline:523 - Pipeline cam=2: 4.9 fps actual
2026-04-21 16:42:30 | INFO     | app.pipeline.processing_pipeline:523 - Pipeline cam=3: 4.9 fps actual
2026-04-21 16:42:31 | INFO     | app.pipeline.processing_pipeline:523 - Pipeline cam=2: 4.7 fps actual
2026-04-21 16:42:36 | INFO     | app.pipeline.processing_pipeline:523 - Pipeline cam=3: 4.9 fps actual
2026-04-21 16:42:37 | INFO     | app.pipeline.processing_pipeline:523 - Pipeline cam=2: 4.9 fps actual
2026-04-21 16:42:42 | INFO     | app.pipeline.processing_pipeline:523 - Pipeline cam=3: 4.9 fps actual
2026-04-21 16:42:43 | INFO     | app.pipeline.processing_pipeline:523 - Pipeline cam=2: 4.7 fps actual
2026-04-21 16:42:45 | INFO     | app.services.alert_service:74 - Alert: Devrishi Sharma missing — last seen 136m ago
2026-04-21 16:42:48 | INFO     | app.pipeline.processing_pipeline:523 - Pipeline cam=3: 4.9 fps actual
2026-04-21 16:42:50 | INFO     | app.pipeline.processing_pipeline:523 - Pipeline cam=2: 4.9 fps actual
2026-04-21 16:42:54 | INFO     | app.pipeline.processing_pipeline:523 - Pipeline cam=3: 4.9 fps actual
2026-04-21 16:42:56 | INFO     | app.pipeline.processing_pipeline:523 - Pipeline cam=2: 4.7 fps actual
2026-04-21 16:43:00 | INFO     | app.pipeline.processing_pipeline:523 - Pipeline cam=3: 4.9 fps actual
2026-04-21 16:43:02 | INFO     | app.pipeline.processing_pipeline:523 - Pipeline cam=2: 4.9 fps actual
2026-04-21 16:43:06 | INFO     | app.pipeline.processing_pipeline:523 - Pipeline cam=3: 4.9 fps actual
2026-04-21 16:43:08 | INFO     | app.pipeline.processing_pipeline:523 - Pipeline cam=2: 4.8 fps actual
2026-04-21 16:43:12 | INFO     | app.pipeline.processing_pipeline:523 - Pipeline cam=3: 4.9 fps actual
2026-04-21 16:43:15 | INFO     | app.pipeline.processing_pipeline:523 - Pipeline cam=2: 4.9 fps actual
2026-04-21 16:43:19 | INFO     | app.pipeline.processing_pipeline:523 - Pipeline cam=3: 4.9 fps actual
2026-04-21 16:43:21 | INFO     | app.pipeline.processing_pipeline:523 - Pipeline cam=2: 4.6 fps actual
2026-04-21 16:43:25 | INFO     | app.pipeline.processing_pipeline:523 - Pipeline cam=3: 4.7 fps actual
2026-04-21 16:43:27 | INFO     | app.pipeline.processing_pipeline:523 - Pipeline cam=2: 4.9 fps actual
2026-04-21 16:43:31 | INFO     | app.pipeline.processing_pipeline:523 - Pipeline cam=3: 4.9 fps actual
2026-04-21 16:43:34 | INFO     | app.pipeline.processing_pipeline:523 - Pipeline cam=2: 4.7 fps actual
2026-04-21 16:43:37 | INFO     | app.pipeline.processing_pipeline:523 - Pipeline cam=3: 4.9 fps actual
2026-04-21 16:43:40 | INFO     | app.pipeline.processing_pipeline:523 - Pipeline cam=2: 4.7 fps actual
2026-04-21 16:43:43 | INFO     | app.pipeline.processing_pipeline:523 - Pipeline cam=3: 4.9 fps actual
2026-04-21 16:43:46 | INFO     | app.pipeline.processing_pipeline:523 - Pipeline cam=2: 4.7 fps actual
2026-04-21 16:43:50 | INFO     | app.pipeline.processing_pipeline:523 - Pipeline cam=3: 4.8 fps actual
2026-04-21 16:43:53 | INFO     | app.pipeline.processing_pipeline:523 - Pipeline cam=2: 4.7 fps actual
2026-04-21 16:43:56 | INFO     | app.pipeline.processing_pipeline:523 - Pipeline cam=3: 4.9 fps actual
2026-04-21 16:43:59 | INFO     | app.pipeline.processing_pipeline:523 - Pipeline cam=2: 4.7 fps actual
2026-04-21 16:44:02 | INFO     | app.pipeline.processing_pipeline:523 - Pipeline cam=3: 4.9 fps actual
2026-04-21 16:44:05 | INFO     | app.pipeline.processing_pipeline:523 - Pipeline cam=2: 4.7 fps actual
2026-04-21 16:44:08 | INFO     | app.pipeline.processing_pipeline:523 - Pipeline cam=3: 4.9 fps actual
2026-04-21 16:44:12 | INFO     | app.pipeline.processing_pipeline:523 - Pipeline cam=2: 4.9 fps actual
2026-04-21 16:44:14 | INFO     | app.pipeline.processing_pipeline:523 - Pipeline cam=3: 4.9 fps actual
2026-04-21 16:44:18 | INFO     | app.pipeline.processing_pipeline:523 - Pipeline cam=2: 4.7 fps actual
2026-04-21 16:44:20 | INFO     | app.pipeline.processing_pipeline:523 - Pipeline cam=3: 4.9 fps actual
2026-04-21 16:44:24 | INFO     | app.pipeline.processing_pipeline:523 - Pipeline cam=2: 4.7 fps actual
2026-04-21 16:44:27 | INFO     | app.pipeline.processing_pipeline:523 - Pipeline cam=3: 4.7 fps actual
2026-04-21 16:44:31 | INFO     | app.pipeline.processing_pipeline:523 - Pipeline cam=2: 4.8 fps actual
2026-04-21 16:44:33 | INFO     | app.pipeline.processing_pipeline:523 - Pipeline cam=3: 4.8 fps actual
2026-04-21 16:44:37 | INFO     | app.pipeline.processing_pipeline:523 - Pipeline cam=2: 4.7 fps actual
2026-04-21 16:44:39 | INFO     | app.pipeline.processing_pipeline:523 - Pipeline cam=3: 4.9 fps actual
2026-04-21 16:44:43 | INFO     | app.pipeline.processing_pipeline:523 - Pipeline cam=2: 4.7 fps actual
2026-04-21 16:44:45 | INFO     | app.services.alert_service:74 - Alert: Anjali missing — last seen 95m ago
2026-04-21 16:44:45 | INFO     | app.services.alert_service:74 - Alert: gyanendra missing — last seen 156m ago
2026-04-21 16:44:45 | INFO     | app.pipeline.processing_pipeline:523 - Pipeline cam=3: 4.7 fps actual
2026-04-21 16:44:50 | INFO     | app.pipeline.processing_pipeline:523 - Pipeline cam=2: 4.7 fps actual
2026-04-21 16:44:52 | INFO     | app.pipeline.processing_pipeline:523 - Pipeline cam=3: 4.7 fps actual
2026-04-21 16:44:56 | INFO     | app.pipeline.processing_pipeline:523 - Pipeline cam=2: 4.7 fps actual
2026-04-21 16:44:58 | INFO     | app.pipeline.processing_pipeline:523 - Pipeline cam=3: 5.0 fps actual
2026-04-21 16:45:02 | INFO     | app.pipeline.processing_pipeline:523 - Pipeline cam=2: 4.8 fps actual
2026-04-21 16:45:05 | INFO     | app.pipeline.processing_pipeline:523 - Pipeline cam=3: 4.3 fps actual
2026-04-21 16:45:09 | INFO     | app.pipeline.processing_pipeline:523 - Pipeline cam=2: 4.5 fps actual
2026-04-21 16:45:11 | INFO     | app.pipeline.processing_pipeline:523 - Pipeline cam=3: 4.9 fps actual
2026-04-21 16:45:15 | INFO     | app.pipeline.processing_pipeline:523 - Pipeline cam=2: 4.8 fps actual
2026-04-21 16:45:16 | INFO     | app.recognition.face_recognizer:105 - identify_in_frame cam=2: 0 face(s) detected, 1 track(s)
2026-04-21 16:45:17 | INFO     | app.recognition.face_recognizer:105 - identify_in_frame cam=2: 0 face(s) detected, 1 track(s)
2026-04-21 16:45:17 | INFO     | app.pipeline.processing_pipeline:523 - Pipeline cam=3: 4.5 fps actual
2026-04-21 16:45:18 | INFO     | app.recognition.face_recognizer:105 - identify_in_frame cam=2: 1 face(s) detected, 2 track(s)
2026-04-21 16:45:20 | INFO     | app.recognition.face_recognizer:105 - identify_in_frame cam=2: 1 face(s) detected, 1 track(s)
2026-04-21 16:45:21 | INFO     | app.recognition.face_recognizer:105 - identify_in_frame cam=2: 1 face(s) detected, 1 track(s)
2026-04-21 16:45:21 | INFO     | app.recognition.face_recognizer:105 - identify_in_frame cam=2: 0 face(s) detected, 1 track(s)
2026-04-21 16:45:22 | INFO     | app.recognition.face_recognizer:105 - identify_in_frame cam=2: 0 face(s) detected, 2 track(s)
2026-04-21 16:45:24 | INFO     | app.pipeline.processing_pipeline:523 - Pipeline cam=2: 3.6 fps actual
2026-04-21 16:45:24 | INFO     | app.recognition.face_recognizer:105 - identify_in_frame cam=2: 0 face(s) detected, 2 track(s)
2026-04-21 16:45:26 | INFO     | app.recognition.face_recognizer:105 - identify_in_frame cam=2: 0 face(s) detected, 1 track(s)
2026-04-21 16:45:26 | INFO     | app.pipeline.processing_pipeline:523 - Pipeline cam=3: 3.5 fps actual
2026-04-21 16:45:30 | INFO     | app.pipeline.processing_pipeline:523 - Pipeline cam=2: 4.9 fps actual
2026-04-21 16:45:32 | INFO     | app.pipeline.processing_pipeline:523 - Pipeline cam=3: 5.0 fps actual
2026-04-21 16:45:36 | INFO     | app.pipeline.processing_pipeline:523 - Pipeline cam=2: 4.7 fps actual
2026-04-21 16:45:38 | INFO     | app.pipeline.processing_pipeline:523 - Pipeline cam=3: 4.8 fps actual
2026-04-21 16:45:43 | INFO     | app.pipeline.processing_pipeline:523 - Pipeline cam=2: 4.7 fps actual
2026-04-21 16:45:45 | INFO     | app.pipeline.processing_pipeline:523 - Pipeline cam=3: 4.8 fps actual
2026-04-21 16:45:49 | INFO     | app.pipeline.processing_pipeline:523 - Pipeline cam=2: 4.9 fps actual
2026-04-21 16:45:51 | INFO     | app.pipeline.processing_pipeline:523 - Pipeline cam=3: 4.9 fps actual
2026-04-21 16:45:55 | INFO     | app.pipeline.processing_pipeline:523 - Pipeline cam=2: 4.6 fps actual
2026-04-21 16:45:57 | INFO     | app.pipeline.processing_pipeline:523 - Pipeline cam=3: 4.7 fps actual
2026-04-21 16:46:02 | INFO     | app.pipeline.processing_pipeline:523 - Pipeline cam=2: 4.9 fps actual
2026-04-21 16:46:03 | INFO     | app.pipeline.processing_pipeline:523 - Pipeline cam=3: 4.9 fps actual
2026-04-21 16:46:08 | INFO     | app.pipeline.processing_pipeline:523 - Pipeline cam=2: 4.8 fps actual
2026-04-21 16:46:09 | INFO     | app.pipeline.processing_pipeline:523 - Pipeline cam=3: 4.9 fps actual
2026-04-21 16:46:14 | INFO     | app.pipeline.processing_pipeline:523 - Pipeline cam=2: 4.9 fps actual
2026-04-21 16:46:15 | INFO     | app.pipeline.processing_pipeline:523 - Pipeline cam=3: 4.9 fps actual
2026-04-21 16:46:20 | INFO     | app.pipeline.processing_pipeline:523 - Pipeline cam=2: 4.7 fps actual
2026-04-21 16:46:22 | INFO     | app.pipeline.processing_pipeline:523 - Pipeline cam=3: 4.9 fps actual
2026-04-21 16:46:27 | INFO     | app.pipeline.processing_pipeline:523 - Pipeline cam=2: 4.9 fps actual
2026-04-21 16:46:28 | INFO     | app.pipeline.processing_pipeline:523 - Pipeline cam=3: 4.9 fps actual
2026-04-21 16:46:33 | INFO     | app.pipeline.processing_pipeline:523 - Pipeline cam=2: 4.7 fps actual
2026-04-21 16:46:34 | INFO     | app.pipeline.processing_pipeline:523 - Pipeline cam=3: 4.9 fps actual
2026-04-21 16:46:39 | INFO     | app.pipeline.processing_pipeline:523 - Pipeline cam=2: 4.8 fps actual
2026-04-21 16:46:40 | INFO     | app.pipeline.processing_pipeline:523 - Pipeline cam=3: 4.9 fps actual
2026-04-21 16:46:45 | INFO     | app.pipeline.processing_pipeline:523 - Pipeline cam=2: 4.9 fps actual
2026-04-21 16:46:46 | INFO     | app.pipeline.processing_pipeline:523 - Pipeline cam=3: 4.9 fps actual
2026-04-21 16:46:52 | INFO     | app.pipeline.processing_pipeline:523 - Pipeline cam=2: 4.7 fps actual
2026-04-21 16:46:52 | INFO     | app.pipeline.processing_pipeline:523 - Pipeline cam=3: 4.9 fps actual
2026-04-21 16:46:58 | INFO     | app.pipeline.processing_pipeline:523 - Pipeline cam=2: 4.9 fps actual
2026-04-21 16:46:58 | INFO     | app.pipeline.processing_pipeline:523 - Pipeline cam=3: 4.9 fps actual
2026-04-21 16:47:04 | INFO     | app.pipeline.processing_pipeline:523 - Pipeline cam=2: 4.7 fps actual
2026-04-21 16:47:05 | INFO     | app.pipeline.processing_pipeline:523 - Pipeline cam=3: 4.9 fps actual
2026-04-21 16:47:11 | INFO     | app.pipeline.processing_pipeline:523 - Pipeline cam=2: 4.8 fps actual
2026-04-21 16:47:11 | INFO     | app.pipeline.processing_pipeline:523 - Pipeline cam=3: 4.9 fps actual
2026-04-21 16:47:17 | INFO     | app.pipeline.processing_pipeline:523 - Pipeline cam=2: 4.9 fps actual
2026-04-21 16:47:17 | INFO     | app.pipeline.processing_pipeline:523 - Pipeline cam=3: 4.9 fps actual
2026-04-21 16:47:23 | INFO     | app.pipeline.processing_pipeline:523 - Pipeline cam=2: 4.6 fps actual
2026-04-21 16:47:23 | INFO     | app.pipeline.processing_pipeline:523 - Pipeline cam=3: 4.6 fps actual
2026-04-21 16:47:29 | INFO     | app.pipeline.processing_pipeline:523 - Pipeline cam=2: 4.9 fps actual
2026-04-21 16:47:30 | INFO     | app.pipeline.processing_pipeline:523 - Pipeline cam=3: 4.9 fps actual
2026-04-21 16:47:36 | INFO     | app.pipeline.processing_pipeline:523 - Pipeline cam=2: 4.7 fps actual
2026-04-21 16:47:36 | INFO     | app.pipeline.processing_pipeline:523 - Pipeline cam=3: 4.7 fps actual
2026-04-21 16:47:42 | INFO     | app.pipeline.processing_pipeline:523 - Pipeline cam=3: 5.0 fps actual
2026-04-21 16:47:42 | INFO     | app.pipeline.processing_pipeline:523 - Pipeline cam=2: 4.8 fps actual
2026-04-21 16:47:48 | INFO     | app.pipeline.processing_pipeline:523 - Pipeline cam=2: 4.9 fps actual
2026-04-21 16:47:49 | INFO     | app.pipeline.processing_pipeline:523 - Pipeline cam=3: 4.6 fps actual
2026-04-21 16:47:55 | INFO     | app.pipeline.processing_pipeline:523 - Pipeline cam=2: 4.7 fps actual
2026-04-21 16:47:55 | INFO     | app.pipeline.processing_pipeline:523 - Pipeline cam=3: 4.9 fps actual
2026-04-21 16:48:01 | INFO     | app.pipeline.processing_pipeline:523 - Pipeline cam=3: 4.9 fps actual
2026-04-21 16:48:01 | INFO     | app.pipeline.processing_pipeline:523 - Pipeline cam=2: 4.7 fps actual
2026-04-21 16:48:07 | INFO     | app.pipeline.processing_pipeline:523 - Pipeline cam=3: 4.9 fps actual
2026-04-21 16:48:07 | INFO     | app.pipeline.processing_pipeline:523 - Pipeline cam=2: 4.8 fps actual
2026-04-21 16:48:13 | INFO     | app.pipeline.processing_pipeline:523 - Pipeline cam=3: 4.9 fps actual
2026-04-21 16:48:13 | INFO     | app.pipeline.processing_pipeline:523 - Pipeline cam=2: 4.7 fps actual
2026-04-21 16:48:19 | INFO     | app.pipeline.processing_pipeline:523 - Pipeline cam=3: 4.9 fps actual
2026-04-21 16:48:20 | INFO     | app.pipeline.processing_pipeline:523 - Pipeline cam=2: 4.7 fps actual
2026-04-21 16:48:25 | INFO     | app.pipeline.processing_pipeline:523 - Pipeline cam=3: 4.8 fps actual
2026-04-21 16:48:26 | INFO     | app.pipeline.processing_pipeline:523 - Pipeline cam=2: 4.9 fps actual
2026-04-21 16:48:31 | INFO     | app.pipeline.processing_pipeline:523 - Pipeline cam=3: 4.9 fps actual
2026-04-21 16:48:32 | INFO     | app.pipeline.processing_pipeline:523 - Pipeline cam=2: 4.8 fps actual
2026-04-21 16:48:36 | INFO     | app.recognition.face_recognizer:105 - identify_in_frame cam=2: 1 face(s) detected, 1 track(s)
2026-04-21 16:48:37 | INFO     | app.recognition.face_recognizer:105 - identify_in_frame cam=2: 1 face(s) detected, 1 track(s)
2026-04-21 16:48:38 | INFO     | app.recognition.face_recognizer:105 - identify_in_frame cam=2: 1 face(s) detected, 1 track(s)
2026-04-21 16:48:39 | INFO     | app.pipeline.processing_pipeline:523 - Pipeline cam=3: 4.0 fps actual
2026-04-21 16:48:40 | INFO     | app.pipeline.processing_pipeline:523 - Pipeline cam=2: 4.0 fps actual
2026-04-21 16:48:40 | INFO     | app.recognition.face_recognizer:105 - identify_in_frame cam=2: 0 face(s) detected, 1 track(s)
2026-04-21 16:48:42 | INFO     | app.recognition.face_recognizer:105 - identify_in_frame cam=2: 0 face(s) detected, 1 track(s)
2026-04-21 16:48:44 | INFO     | app.recognition.face_recognizer:105 - identify_in_frame cam=2: 0 face(s) detected, 1 track(s)
2026-04-21 16:48:45 | INFO     | app.pipeline.processing_pipeline:523 - Pipeline cam=3: 4.8 fps actual
2026-04-21 16:48:46 | INFO     | app.pipeline.processing_pipeline:523 - Pipeline cam=2: 4.8 fps actual
2026-04-22 11:19:38 | INFO     | app.main:26 - Starting Smart Employee Monitoring System
2026-04-22 11:19:38 | INFO     | app.main:29 - Loading InsightFace engine (may download model on first run)...
2026-04-22 11:19:43 | INFO     | app.recognition.insightface_engine:46 - InsightFaceEngine loaded model 'buffalo_l'
2026-04-22 11:19:43 | INFO     | app.recognition.deepface_engine:35 - FaceNetEngine (facenet-pytorch) loaded — VGGFace2 pretrained
2026-04-22 11:19:43 | INFO     | app.recognition.embedding_store:46 - EmbeddingStore: loaded 29 employee(s), 88 photo(s) from data\embeddings.pkl
2026-04-22 11:19:43 | INFO     | app.main:45 - Face recognition ready — 29 embedding(s) loaded from store
2026-04-22 11:19:43 | INFO     | app.main:52 - OSNet ReID engine initialized (model loads lazily on first use)
2026-04-22 11:19:43 | INFO     | app.main:58 - DB: connected to MS SQL Server
2026-04-22 11:19:43 | INFO     | app.database.init_db:128 - DB: table 'employees' ready
2026-04-22 11:19:43 | INFO     | app.database.init_db:128 - DB: table 'cameras' ready
2026-04-22 11:19:43 | INFO     | app.database.init_db:128 - DB: table 'face_embeddings' ready
2026-04-22 11:19:43 | INFO     | app.database.init_db:128 - DB: table 'attendance_logs' ready
2026-04-22 11:19:43 | INFO     | app.database.init_db:128 - DB: table 'break_logs' ready
2026-04-22 11:19:43 | INFO     | app.database.init_db:128 - DB: table 'movement_logs' ready
2026-04-22 11:19:43 | INFO     | app.database.init_db:133 - DB: all tables initialized
2026-04-22 11:19:43 | INFO     | app.main:87 - DB: loaded 31 employee(s) and 4 camera(s) from SQL Server
2026-04-22 11:19:43 | INFO     | app.main:91 - Storage mode: SQL Server (Phase 5)
2026-04-22 11:19:43 | INFO     | app.main:100 - WS: event loop registered for thread-safe broadcast
2026-04-22 11:19:43 | INFO     | app.main:119 - AutoCheckout scheduler started (runs every 60s, threshold=20min)
2026-04-22 11:19:43 | INFO     | app.services.alert_service:102 - AlertService worker started (checks every 60s)
2026-04-22 11:19:43 | INFO     | app.main:128 - Starting 4 camera thread(s) and pipeline(s)...
2026-04-22 11:19:43 | INFO     | app.camera.camera_manager:49 - Camera 2 (entry) starting — source: rtsp://admin:admin123@115.246.61.35:8082/cam/realmonitor?channel=1&subtype=0
2026-04-22 11:19:43 | INFO     | app.camera.camera_manager:49 - Camera 3 (exit) starting — source: rtsp://admin:admin123@115.246.61.35:8081/cam/realmonitor?channel=1&subtype=0
2026-04-22 11:19:43 | INFO     | app.detection.yolo_detector:31 - Loading YOLO model from weights/yolov8n.pt on cpu...
2026-04-22 11:19:44 | INFO     | app.detection.yolo_detector:35 - YOLO model loaded
2026-04-22 11:19:44 | INFO     | app.pipeline.processing_pipeline:478 - Pipeline started cam=2 (entry)
2026-04-22 11:19:44 | INFO     | app.detection.yolo_detector:31 - Loading YOLO model from weights/yolov8n.pt on cpu...
2026-04-22 11:19:44 | INFO     | app.detection.yolo_detector:35 - YOLO model loaded
2026-04-22 11:19:44 | INFO     | app.pipeline.processing_pipeline:478 - Pipeline started cam=3 (exit)
2026-04-22 11:20:14 | WARNING  | app.camera.camera_manager:56 - Camera 2 failed to open. Retrying in 2s...
2026-04-22 11:20:44 | WARNING  | app.camera.camera_manager:56 - Camera 3 failed to open. Retrying in 2s...
2026-04-22 11:21:14 | WARNING  | app.camera.camera_manager:56 - Camera 2 failed to open. Retrying in 4s...
2026-04-22 11:21:16 | INFO     | app.camera.camera_manager:64 - Camera 3 connected
2026-04-22 11:21:19 | INFO     | app.camera.camera_manager:64 - Camera 2 connected
2026-04-22 11:21:23 | INFO     | app.pipeline.processing_pipeline:523 - Pipeline cam=3: 0.3 fps actual
2026-04-22 11:21:26 | INFO     | app.pipeline.processing_pipeline:523 - Pipeline cam=2: 0.3 fps actual
2026-04-22 11:21:29 | INFO     | app.pipeline.processing_pipeline:523 - Pipeline cam=3: 4.7 fps actual
2026-04-22 11:21:32 | INFO     | app.pipeline.processing_pipeline:523 - Pipeline cam=2: 4.9 fps actual
2026-04-22 11:21:35 | INFO     | app.pipeline.processing_pipeline:523 - Pipeline cam=3: 4.7 fps actual
2026-04-22 11:21:38 | INFO     | app.pipeline.processing_pipeline:523 - Pipeline cam=2: 4.7 fps actual
2026-04-22 11:21:42 | INFO     | app.pipeline.processing_pipeline:523 - Pipeline cam=3: 4.7 fps actual
2026-04-22 11:21:44 | INFO     | app.pipeline.processing_pipeline:523 - Pipeline cam=2: 4.7 fps actual
2026-04-22 11:21:45 | INFO     | app.pipeline.processing_pipeline:62 - Recognition worker started for cam=3
2026-04-22 11:21:45 | INFO     | app.recognition.face_recognizer:105 - identify_in_frame cam=3: 1 face(s) detected, 1 track(s)
2026-04-22 11:21:46 | INFO     | app.recognition.face_recognizer:105 - identify_in_frame cam=3: 2 face(s) detected, 1 track(s)
2026-04-22 11:21:46 | INFO     | app.recognition.face_recognizer:105 - identify_in_frame cam=3: 0 face(s) detected, 1 track(s)
2026-04-22 11:21:47 | INFO     | app.pipeline.processing_pipeline:62 - Recognition worker started for cam=2
2026-04-22 11:21:47 | INFO     | app.recognition.face_recognizer:105 - identify_in_frame cam=2: 0 face(s) detected, 1 track(s)
2026-04-22 11:21:47 | INFO     | app.recognition.face_recognizer:105 - identify_in_frame cam=2: 0 face(s) detected, 1 track(s)
2026-04-22 11:21:48 | INFO     | app.recognition.face_recognizer:105 - identify_in_frame cam=2: 1 face(s) detected, 1 track(s)
2026-04-22 11:21:48 | INFO     | app.pipeline.processing_pipeline:523 - Pipeline cam=3: 4.5 fps actual
2026-04-22 11:21:49 | INFO     | app.recognition.face_recognizer:105 - identify_in_frame cam=3: 0 face(s) detected, 1 track(s)
2026-04-22 11:21:50 | INFO     | app.recognition.face_recognizer:105 - identify_in_frame cam=2: 2 face(s) detected, 1 track(s)
2026-04-22 11:21:50 | INFO     | app.recognition.face_recognizer:204 -   face→track 1: best_id=1016 score=0.1098 (high>=0.5 verified>=0.42 med>=0.37)
2026-04-22 11:21:50 | INFO     | app.recognition.face_recognizer:172 -   face bbox=(244,172,287,222) — no track within 400px
2026-04-22 11:21:50 | INFO     | app.recognition.face_recognizer:105 - identify_in_frame cam=3: 0 face(s) detected, 1 track(s)
2026-04-22 11:21:51 | INFO     | app.pipeline.processing_pipeline:523 - Pipeline cam=2: 4.3 fps actual
2026-04-22 11:21:52 | INFO     | app.recognition.face_recognizer:105 - identify_in_frame cam=2: 0 face(s) detected, 1 track(s)
2026-04-22 11:21:53 | INFO     | app.recognition.face_recognizer:105 - identify_in_frame cam=3: 0 face(s) detected, 1 track(s)
2026-04-22 11:21:54 | INFO     | app.recognition.face_recognizer:105 - identify_in_frame cam=2: 0 face(s) detected, 1 track(s)
2026-04-22 11:21:55 | INFO     | app.pipeline.processing_pipeline:523 - Pipeline cam=3: 4.5 fps actual
2026-04-22 11:21:57 | INFO     | app.recognition.face_recognizer:105 - identify_in_frame cam=2: 0 face(s) detected, 1 track(s)
2026-04-22 11:21:58 | INFO     | app.pipeline.processing_pipeline:523 - Pipeline cam=2: 4.3 fps actual
2026-04-22 11:22:01 | INFO     | app.pipeline.processing_pipeline:523 - Pipeline cam=3: 4.7 fps actual
2026-04-22 11:22:05 | INFO     | app.pipeline.processing_pipeline:523 - Pipeline cam=2: 4.7 fps actual
2026-04-22 11:22:08 | INFO     | app.pipeline.processing_pipeline:523 - Pipeline cam=3: 4.7 fps actual
2026-04-22 11:22:11 | INFO     | app.pipeline.processing_pipeline:523 - Pipeline cam=2: 4.7 fps actual
2026-04-22 11:22:14 | INFO     | app.pipeline.processing_pipeline:523 - Pipeline cam=3: 4.5 fps actual
2026-04-22 11:22:17 | INFO     | app.pipeline.processing_pipeline:523 - Pipeline cam=2: 4.8 fps actual
2026-04-22 11:22:21 | INFO     | app.pipeline.processing_pipeline:523 - Pipeline cam=3: 4.7 fps actual
2026-04-22 11:22:24 | INFO     | app.pipeline.processing_pipeline:523 - Pipeline cam=2: 4.7 fps actual
2026-04-22 11:22:27 | INFO     | app.pipeline.processing_pipeline:523 - Pipeline cam=3: 4.7 fps actual
2026-04-22 11:22:30 | INFO     | app.pipeline.processing_pipeline:523 - Pipeline cam=2: 4.7 fps actual
2026-04-22 11:22:33 | INFO     | app.pipeline.processing_pipeline:523 - Pipeline cam=3: 4.8 fps actual
2026-04-22 11:22:37 | INFO     | app.pipeline.processing_pipeline:523 - Pipeline cam=2: 4.6 fps actual
2026-04-22 11:22:40 | INFO     | app.pipeline.processing_pipeline:523 - Pipeline cam=3: 4.4 fps actual
2026-04-22 11:22:43 | INFO     | app.pipeline.processing_pipeline:523 - Pipeline cam=2: 4.9 fps actual
2026-04-22 11:22:47 | INFO     | app.pipeline.processing_pipeline:523 - Pipeline cam=3: 4.7 fps actual
2026-04-22 11:41:26 | WARNING  | app.camera.camera_manager:69 - Camera 3 lost connection. Reconnecting...
2026-04-22 11:41:26 | WARNING  | app.camera.camera_manager:69 - Camera 2 lost connection. Reconnecting...
2026-04-22 11:43:45 | WARNING  | app.camera.camera_manager:56 - Camera 3 failed to open. Retrying in 2s...
2026-04-22 11:45:17 | WARNING  | app.camera.camera_manager:56 - Camera 2 failed to open. Retrying in 2s...
2026-04-22 11:45:47 | WARNING  | app.camera.camera_manager:56 - Camera 3 failed to open. Retrying in 4s...
2026-04-22 11:45:48 | INFO     | app.camera.camera_manager:64 - Camera 2 connected
2026-04-22 11:45:50 | INFO     | app.pipeline.processing_pipeline:523 - Pipeline cam=2: 0.0 fps actual
2026-04-22 11:45:51 | INFO     | app.recognition.face_recognizer:105 - identify_in_frame cam=2: 1 face(s) detected, 1 track(s)
2026-04-22 11:45:52 | INFO     | app.recognition.face_recognizer:105 - identify_in_frame cam=2: 1 face(s) detected, 1 track(s)
2026-04-22 11:45:52 | INFO     | app.camera.camera_manager:64 - Camera 3 connected
2026-04-22 11:45:52 | INFO     | app.recognition.face_recognizer:105 - identify_in_frame cam=2: 0 face(s) detected, 1 track(s)
2026-04-22 11:45:54 | INFO     | app.recognition.face_recognizer:105 - identify_in_frame cam=2: 0 face(s) detected, 1 track(s)
2026-04-22 11:45:54 | INFO     | app.recognition.face_recognizer:105 - identify_in_frame cam=3: 0 face(s) detected, 1 track(s)
2026-04-22 11:45:55 | INFO     | app.recognition.face_recognizer:105 - identify_in_frame cam=3: 0 face(s) detected, 1 track(s)
2026-04-22 11:45:56 | INFO     | app.recognition.face_recognizer:105 - identify_in_frame cam=3: 0 face(s) detected, 1 track(s)
2026-04-22 11:45:56 | INFO     | app.pipeline.processing_pipeline:523 - Pipeline cam=2: 4.7 fps actual
2026-04-22 11:45:56 | INFO     | app.recognition.face_recognizer:105 - identify_in_frame cam=2: 0 face(s) detected, 1 track(s)
2026-04-22 11:45:57 | INFO     | app.pipeline.processing_pipeline:523 - Pipeline cam=3: 0.0 fps actual
2026-04-22 11:45:57 | INFO     | app.recognition.face_recognizer:105 - identify_in_frame cam=3: 1 face(s) detected, 1 track(s)
2026-04-22 11:45:58 | INFO     | app.recognition.face_recognizer:105 - identify_in_frame cam=2: 0 face(s) detected, 1 track(s)
2026-04-22 11:45:59 | INFO     | app.recognition.face_recognizer:105 - identify_in_frame cam=3: 1 face(s) detected, 1 track(s)
2026-04-22 11:46:00 | INFO     | app.recognition.face_recognizer:105 - identify_in_frame cam=3: 1 face(s) detected, 1 track(s)
2026-04-22 11:46:00 | INFO     | app.recognition.face_recognizer:204 -   face→track 2: best_id=1007 score=0.1958 (high>=0.5 verified>=0.42 med>=0.37)
2026-04-22 11:46:00 | INFO     | app.recognition.face_recognizer:105 - identify_in_frame cam=3: 1 face(s) detected, 1 track(s)
2026-04-22 11:46:00 | INFO     | app.recognition.face_recognizer:204 -   face→track 3: best_id=1024 score=0.0986 (high>=0.5 verified>=0.42 med>=0.37)
2026-04-22 11:46:00 | INFO     | app.recognition.face_recognizer:105 - identify_in_frame cam=3: 0 face(s) detected, 1 track(s)
2026-04-22 11:46:00 | INFO     | app.recognition.face_recognizer:105 - identify_in_frame cam=2: 0 face(s) detected, 1 track(s)
2026-04-22 11:46:01 | INFO     | app.recognition.face_recognizer:105 - identify_in_frame cam=3: 0 face(s) detected, 2 track(s)
2026-04-22 11:46:02 | INFO     | app.pipeline.processing_pipeline:523 - Pipeline cam=2: 4.7 fps actual
2026-04-22 11:46:02 | INFO     | app.recognition.face_recognizer:105 - identify_in_frame cam=2: 0 face(s) detected, 1 track(s)
2026-04-22 11:46:03 | INFO     | app.pipeline.processing_pipeline:523 - Pipeline cam=3: 4.6 fps actual
2026-04-22 11:46:04 | INFO     | app.recognition.face_recognizer:105 - identify_in_frame cam=3: 0 face(s) detected, 2 track(s)
2026-04-22 11:46:06 | INFO     | app.recognition.face_recognizer:105 - identify_in_frame cam=3: 0 face(s) detected, 1 track(s)
2026-04-22 11:46:09 | INFO     | app.pipeline.processing_pipeline:523 - Pipeline cam=2: 4.7 fps actual
2026-04-22 11:46:10 | INFO     | app.pipeline.processing_pipeline:523 - Pipeline cam=3: 4.6 fps actual
2026-04-22 11:46:15 | INFO     | app.api.ws:51 - WS: client connected (1 total)
2026-04-22 11:46:15 | INFO     | app.pipeline.processing_pipeline:523 - Pipeline cam=2: 4.7 fps actual
2026-04-22 11:46:17 | INFO     | app.pipeline.processing_pipeline:523 - Pipeline cam=3: 4.6 fps actual
2026-04-22 11:46:17 | INFO     | app.api.ws:56 - WS: client disconnected (0 remaining)
2026-04-22 11:46:23 | INFO     | app.pipeline.processing_pipeline:523 - Pipeline cam=2: 4.0 fps actual
2026-04-22 11:46:26 | INFO     | app.pipeline.processing_pipeline:523 - Pipeline cam=3: 3.1 fps actual
2026-04-22 11:46:35 | INFO     | app.pipeline.processing_pipeline:523 - Pipeline cam=2: 2.4 fps actual
2026-04-22 11:46:37 | INFO     | app.pipeline.processing_pipeline:523 - Pipeline cam=3: 2.9 fps actual
2026-04-22 11:46:46 | INFO     | app.pipeline.processing_pipeline:523 - Pipeline cam=2: 2.8 fps actual
2026-04-22 11:46:47 | INFO     | app.recognition.face_recognizer:105 - identify_in_frame cam=2: 2 face(s) detected, 1 track(s)
2026-04-22 11:46:48 | INFO     | app.pipeline.processing_pipeline:523 - Pipeline cam=3: 2.6 fps actual
2026-04-22 11:46:48 | INFO     | app.recognition.face_recognizer:105 - identify_in_frame cam=2: 0 face(s) detected, 2 track(s)
2026-04-22 11:46:49 | INFO     | app.recognition.face_recognizer:105 - identify_in_frame cam=3: 0 face(s) detected, 1 track(s)
2026-04-22 11:46:49 | INFO     | app.recognition.face_recognizer:105 - identify_in_frame cam=2: 0 face(s) detected, 3 track(s)
2026-04-22 11:46:50 | INFO     | app.recognition.face_recognizer:105 - identify_in_frame cam=2: 0 face(s) detected, 1 track(s)
2026-04-22 11:46:50 | INFO     | app.recognition.face_recognizer:105 - identify_in_frame cam=2: 0 face(s) detected, 2 track(s)
2026-04-22 11:46:50 | INFO     | app.recognition.face_recognizer:105 - identify_in_frame cam=3: 0 face(s) detected, 1 track(s)
2026-04-22 11:46:51 | INFO     | app.recognition.face_recognizer:105 - identify_in_frame cam=2: 0 face(s) detected, 1 track(s)
2026-04-22 11:46:51 | INFO     | app.recognition.face_recognizer:105 - identify_in_frame cam=3: 0 face(s) detected, 1 track(s)
2026-04-22 11:46:52 | INFO     | app.recognition.face_recognizer:105 - identify_in_frame cam=3: 3 face(s) detected, 1 track(s)
2026-04-22 11:46:53 | INFO     | app.recognition.face_recognizer:105 - identify_in_frame cam=2: 0 face(s) detected, 3 track(s)
2026-04-22 11:46:55 | INFO     | app.recognition.face_recognizer:105 - identify_in_frame cam=3: 2 face(s) detected, 1 track(s)
2026-04-22 11:46:56 | INFO     | app.recognition.face_recognizer:105 - identify_in_frame cam=3: 2 face(s) detected, 1 track(s)
2026-04-22 11:46:56 | INFO     | app.recognition.face_recognizer:204 -   face→track 4: best_id=1003 score=0.1562 (high>=0.5 verified>=0.42 med>=0.37)
2026-04-22 11:46:56 | INFO     | app.recognition.face_recognizer:172 -   face bbox=(356,272,383,294) — no track within 400px
2026-04-22 11:46:56 | INFO     | app.recognition.face_recognizer:105 - identify_in_frame cam=3: 2 face(s) detected, 1 track(s)
2026-04-22 11:46:56 | INFO     | app.recognition.face_recognizer:204 -   face→track 5: best_id=1023 score=0.1284 (high>=0.5 verified>=0.42 med>=0.37)
2026-04-22 11:46:56 | INFO     | app.recognition.face_recognizer:172 -   face bbox=(337,295,362,318) — no track within 400px
2026-04-22 11:46:57 | INFO     | app.recognition.face_recognizer:105 - identify_in_frame cam=3: 2 face(s) detected, 1 track(s)
2026-04-22 11:46:57 | INFO     | app.recognition.face_recognizer:204 -   face→track 5: best_id=2028 score=0.0979 (high>=0.5 verified>=0.42 med>=0.37)
2026-04-22 11:46:57 | INFO     | app.pipeline.processing_pipeline:523 - Pipeline cam=2: 2.6 fps actual
2026-04-22 11:46:58 | INFO     | app.recognition.face_recognizer:105 - identify_in_frame cam=2: 0 face(s) detected, 3 track(s)
2026-04-22 11:46:58 | INFO     | app.recognition.face_recognizer:105 - identify_in_frame cam=3: 1 face(s) detected, 1 track(s)
2026-04-22 11:46:58 | INFO     | app.recognition.face_recognizer:204 -   face→track 6: best_id=1024 score=0.1789 (high>=0.5 verified>=0.42 med>=0.37)
2026-04-22 11:46:59 | INFO     | app.pipeline.processing_pipeline:523 - Pipeline cam=3: 2.8 fps actual
2026-04-22 11:46:59 | INFO     | app.recognition.face_recognizer:105 - identify_in_frame cam=3: 0 face(s) detected, 4 track(s)
2026-04-22 11:47:00 | INFO     | app.recognition.face_recognizer:105 - identify_in_frame cam=3: 0 face(s) detected, 2 track(s)
2026-04-22 11:47:01 | INFO     | app.recognition.face_recognizer:105 - identify_in_frame cam=3: 0 face(s) detected, 1 track(s)
2026-04-22 11:47:01 | INFO     | app.recognition.face_recognizer:105 - identify_in_frame cam=2: 0 face(s) detected, 2 track(s)
2026-04-22 11:47:02 | INFO     | app.recognition.face_recognizer:105 - identify_in_frame cam=3: 0 face(s) detected, 4 track(s)
2026-04-22 11:47:04 | INFO     | app.recognition.face_recognizer:105 - identify_in_frame cam=2: 0 face(s) detected, 2 track(s)
2026-04-22 11:47:06 | INFO     | app.recognition.face_recognizer:105 - identify_in_frame cam=3: 0 face(s) detected, 4 track(s)
2026-04-22 11:47:08 | INFO     | app.pipeline.processing_pipeline:523 - Pipeline cam=2: 2.8 fps actual
2026-04-22 11:47:10 | INFO     | app.pipeline.processing_pipeline:523 - Pipeline cam=3: 2.7 fps actual
2026-04-22 11:47:26 | INFO     | app.pipeline.processing_pipeline:523 - Pipeline cam=2: 1.6 fps actual
2026-04-22 11:47:30 | INFO     | app.pipeline.processing_pipeline:523 - Pipeline cam=3: 1.5 fps actual
2026-04-22 11:47:39 | INFO     | app.pipeline.processing_pipeline:523 - Pipeline cam=2: 2.3 fps actual
2026-04-22 11:47:41 | INFO     | app.pipeline.processing_pipeline:523 - Pipeline cam=3: 2.9 fps actual
2026-04-22 11:47:51 | INFO     | app.pipeline.processing_pipeline:523 - Pipeline cam=2: 2.7 fps actual
2026-04-22 11:47:52 | INFO     | app.pipeline.processing_pipeline:523 - Pipeline cam=3: 2.7 fps actual
2026-04-22 11:48:01 | INFO     | app.pipeline.processing_pipeline:523 - Pipeline cam=2: 2.8 fps actual
2026-04-22 11:48:05 | INFO     | app.pipeline.processing_pipeline:523 - Pipeline cam=3: 2.2 fps actual
2026-04-22 11:48:11 | INFO     | app.pipeline.processing_pipeline:523 - Pipeline cam=2: 3.3 fps actual
2026-04-22 11:48:16 | INFO     | app.pipeline.processing_pipeline:523 - Pipeline cam=3: 2.9 fps actual
2026-04-22 11:48:21 | INFO     | app.pipeline.processing_pipeline:523 - Pipeline cam=2: 2.9 fps actual
2026-04-22 11:48:26 | INFO     | app.pipeline.processing_pipeline:523 - Pipeline cam=3: 2.9 fps actual
2026-04-22 11:48:36 | INFO     | app.pipeline.processing_pipeline:523 - Pipeline cam=2: 2.0 fps actual
2026-04-22 11:48:40 | INFO     | app.recognition.face_recognizer:105 - identify_in_frame cam=3: 0 face(s) detected, 1 track(s)
2026-04-22 11:48:40 | INFO     | app.recognition.face_recognizer:105 - identify_in_frame cam=2: 0 face(s) detected, 1 track(s)
2026-04-22 11:48:41 | INFO     | app.recognition.face_recognizer:105 - identify_in_frame cam=2: 0 face(s) detected, 1 track(s)
2026-04-22 11:48:42 | INFO     | app.recognition.face_recognizer:105 - identify_in_frame cam=3: 0 face(s) detected, 1 track(s)
2026-04-22 11:48:42 | INFO     | app.recognition.face_recognizer:105 - identify_in_frame cam=2: 1 face(s) detected, 1 track(s)
2026-04-22 11:48:43 | INFO     | app.pipeline.processing_pipeline:523 - Pipeline cam=3: 1.7 fps actual
2026-04-22 11:48:43 | INFO     | app.recognition.face_recognizer:105 - identify_in_frame cam=3: 0 face(s) detected, 1 track(s)
2026-04-22 11:48:44 | INFO     | app.recognition.face_recognizer:105 - identify_in_frame cam=2: 1 face(s) detected, 1 track(s)
2026-04-22 11:48:44 | INFO     | app.recognition.face_recognizer:204 -   face→track 6: best_id=1015 score=0.2259 (high>=0.5 verified>=0.42 med>=0.37)
2026-04-22 11:48:46 | INFO     | app.pipeline.processing_pipeline:523 - Pipeline cam=2: 2.8 fps actual
2026-04-22 11:48:47 | INFO     | app.recognition.face_recognizer:105 - identify_in_frame cam=2: 0 face(s) detected, 1 track(s)
2026-04-22 11:48:48 | INFO     | app.recognition.face_recognizer:105 - identify_in_frame cam=3: 0 face(s) detected, 1 track(s)
2026-04-22 11:48:50 | INFO     | app.recognition.face_recognizer:105 - identify_in_frame cam=2: 0 face(s) detected, 1 track(s)
2026-04-22 11:48:54 | INFO     | app.recognition.face_recognizer:105 - identify_in_frame cam=2: 0 face(s) detected, 1 track(s)
2026-04-22 11:48:54 | INFO     | app.recognition.face_recognizer:105 - identify_in_frame cam=3: 0 face(s) detected, 1 track(s)
2026-04-22 11:48:57 | INFO     | app.pipeline.processing_pipeline:523 - Pipeline cam=3: 2.1 fps actual
2026-04-22 11:48:57 | INFO     | app.pipeline.processing_pipeline:523 - Pipeline cam=2: 2.8 fps actual
2026-04-22 11:49:07 | INFO     | app.recognition.face_recognizer:105 - identify_in_frame cam=2: 0 face(s) detected, 1 track(s)
2026-04-22 11:49:08 | INFO     | app.recognition.face_recognizer:105 - identify_in_frame cam=2: 0 face(s) detected, 1 track(s)
2026-04-22 11:49:10 | INFO     | app.recognition.face_recognizer:105 - identify_in_frame cam=2: 0 face(s) detected, 1 track(s)
2026-04-22 11:49:12 | INFO     | app.pipeline.processing_pipeline:523 - Pipeline cam=2: 2.0 fps actual
2026-04-22 11:49:13 | INFO     | app.recognition.face_recognizer:105 - identify_in_frame cam=2: 0 face(s) detected, 1 track(s)
2026-04-22 11:49:13 | INFO     | app.pipeline.processing_pipeline:523 - Pipeline cam=3: 1.9 fps actual
2026-04-22 11:49:17 | INFO     | app.recognition.face_recognizer:105 - identify_in_frame cam=2: 0 face(s) detected, 1 track(s)
2026-04-22 11:49:30 | INFO     | app.pipeline.processing_pipeline:523 - Pipeline cam=2: 1.7 fps actual
2026-04-22 11:49:33 | INFO     | app.pipeline.processing_pipeline:523 - Pipeline cam=3: 1.5 fps actual
2026-04-22 11:49:37 | INFO     | app.recognition.face_recognizer:105 - identify_in_frame cam=2: 1 face(s) detected, 1 track(s)
2026-04-22 11:49:37 | INFO     | app.recognition.face_recognizer:204 -   face→track 8: best_id=1015 score=0.1723 (high>=0.5 verified>=0.42 med>=0.37)
2026-04-22 11:49:39 | INFO     | app.recognition.face_recognizer:105 - identify_in_frame cam=2: 0 face(s) detected, 2 track(s)
2026-04-22 11:49:41 | INFO     | app.recognition.face_recognizer:105 - identify_in_frame cam=2: 0 face(s) detected, 2 track(s)
2026-04-22 11:49:42 | INFO     | app.recognition.face_recognizer:105 - identify_in_frame cam=2: 0 face(s) detected, 1 track(s)
2026-04-22 11:49:44 | INFO     | app.pipeline.processing_pipeline:523 - Pipeline cam=2: 2.1 fps actual
2026-04-22 11:49:44 | INFO     | app.recognition.face_recognizer:105 - identify_in_frame cam=2: 0 face(s) detected, 2 track(s)
2026-04-22 11:49:48 | INFO     | app.recognition.face_recognizer:105 - identify_in_frame cam=2: 0 face(s) detected, 2 track(s)
2026-04-22 11:49:55 | INFO     | app.pipeline.processing_pipeline:523 - Pipeline cam=3: 1.4 fps actual
2026-04-22 11:49:57 | INFO     | app.pipeline.processing_pipeline:523 - Pipeline cam=2: 2.3 fps actual
2026-04-22 11:50:05 | INFO     | app.pipeline.processing_pipeline:523 - Pipeline cam=3: 3.0 fps actual
2026-04-22 11:50:11 | INFO     | app.pipeline.processing_pipeline:523 - Pipeline cam=2: 2.1 fps actual
2026-04-22 11:50:23 | INFO     | app.pipeline.processing_pipeline:523 - Pipeline cam=3: 1.7 fps actual
2026-04-22 11:50:24 | INFO     | app.pipeline.processing_pipeline:523 - Pipeline cam=2: 2.4 fps actual
2026-04-22 11:50:35 | INFO     | app.pipeline.processing_pipeline:523 - Pipeline cam=3: 2.5 fps actual
2026-04-22 11:50:36 | INFO     | app.pipeline.processing_pipeline:523 - Pipeline cam=2: 2.4 fps actual
2026-04-22 11:50:53 | INFO     | app.pipeline.processing_pipeline:523 - Pipeline cam=2: 1.8 fps actual
2026-04-22 11:50:55 | INFO     | app.pipeline.processing_pipeline:523 - Pipeline cam=3: 1.5 fps actual
2026-04-22 11:51:06 | INFO     | app.pipeline.processing_pipeline:523 - Pipeline cam=2: 2.2 fps actual
2026-04-22 11:51:17 | INFO     | app.pipeline.processing_pipeline:523 - Pipeline cam=3: 1.4 fps actual
2026-04-22 11:51:26 | INFO     | app.pipeline.processing_pipeline:523 - Pipeline cam=2: 1.5 fps actual
2026-04-22 11:51:35 | INFO     | app.pipeline.processing_pipeline:523 - Pipeline cam=3: 1.7 fps actual
2026-04-22 11:51:38 | INFO     | app.pipeline.processing_pipeline:523 - Pipeline cam=2: 2.5 fps actual
2026-04-22 11:51:45 | INFO     | app.pipeline.processing_pipeline:523 - Pipeline cam=3: 3.0 fps actual
2026-04-22 11:51:51 | INFO     | app.pipeline.processing_pipeline:523 - Pipeline cam=2: 2.3 fps actual
2026-04-22 11:51:55 | INFO     | app.pipeline.processing_pipeline:523 - Pipeline cam=3: 3.0 fps actual
2026-04-22 11:52:02 | INFO     | app.pipeline.processing_pipeline:523 - Pipeline cam=2: 2.7 fps actual
2026-04-22 11:52:05 | INFO     | app.pipeline.processing_pipeline:523 - Pipeline cam=3: 2.9 fps actual
2026-04-22 11:52:16 | INFO     | app.pipeline.processing_pipeline:523 - Pipeline cam=2: 2.2 fps actual
2026-04-22 11:52:17 | INFO     | app.pipeline.processing_pipeline:523 - Pipeline cam=3: 2.5 fps actual
2026-04-22 11:52:28 | INFO     | app.pipeline.processing_pipeline:523 - Pipeline cam=2: 2.5 fps actual
2026-04-22 11:52:32 | INFO     | app.pipeline.processing_pipeline:523 - Pipeline cam=3: 2.1 fps actual
2026-04-22 11:52:39 | INFO     | app.pipeline.processing_pipeline:523 - Pipeline cam=2: 2.8 fps actual
2026-04-22 11:52:44 | INFO     | app.pipeline.processing_pipeline:523 - Pipeline cam=3: 2.5 fps actual
2026-04-22 11:52:51 | INFO     | app.pipeline.processing_pipeline:523 - Pipeline cam=2: 2.5 fps actual
2026-04-22 11:52:53 | INFO     | app.pipeline.processing_pipeline:523 - Pipeline cam=3: 3.3 fps actual
2026-04-22 11:52:54 | INFO     | app.recognition.face_recognizer:105 - identify_in_frame cam=2: 0 face(s) detected, 1 track(s)
2026-04-22 11:52:56 | INFO     | app.recognition.face_recognizer:105 - identify_in_frame cam=2: 0 face(s) detected, 1 track(s)
2026-04-22 11:52:56 | INFO     | app.recognition.face_recognizer:105 - identify_in_frame cam=2: 0 face(s) detected, 2 track(s)
2026-04-22 11:52:58 | INFO     | app.recognition.face_recognizer:105 - identify_in_frame cam=2: 0 face(s) detected, 1 track(s)
2026-04-22 11:52:58 | INFO     | app.recognition.face_recognizer:105 - identify_in_frame cam=3: 1 face(s) detected, 1 track(s)
2026-04-22 11:52:59 | INFO     | app.recognition.face_recognizer:105 - identify_in_frame cam=3: 0 face(s) detected, 1 track(s)
2026-04-22 11:52:59 | INFO     | app.recognition.face_recognizer:105 - identify_in_frame cam=2: 0 face(s) detected, 1 track(s)
2026-04-22 11:52:59 | INFO     | app.recognition.face_recognizer:105 - identify_in_frame cam=2: 0 face(s) detected, 2 track(s)
2026-04-22 11:53:00 | INFO     | app.recognition.face_recognizer:105 - identify_in_frame cam=3: 1 face(s) detected, 1 track(s)
2026-04-22 11:53:01 | INFO     | app.recognition.face_recognizer:105 - identify_in_frame cam=3: 0 face(s) detected, 1 track(s)
2026-04-22 11:53:03 | INFO     | app.pipeline.processing_pipeline:523 - Pipeline cam=2: 2.5 fps actual
2026-04-22 11:53:03 | INFO     | app.recognition.face_recognizer:105 - identify_in_frame cam=2: 0 face(s) detected, 2 track(s)
2026-04-22 11:53:05 | INFO     | app.pipeline.processing_pipeline:523 - Pipeline cam=3: 2.5 fps actual
2026-04-22 11:53:05 | INFO     | app.recognition.face_recognizer:105 - identify_in_frame cam=3: 0 face(s) detected, 1 track(s)
2026-04-22 11:53:08 | INFO     | app.recognition.face_recognizer:105 - identify_in_frame cam=2: 0 face(s) detected, 1 track(s)
2026-04-22 11:53:09 | INFO     | app.recognition.face_recognizer:105 - identify_in_frame cam=3: 0 face(s) detected, 1 track(s)
2026-04-22 11:53:12 | INFO     | app.recognition.face_recognizer:105 - identify_in_frame cam=2: 0 face(s) detected, 1 track(s)
2026-04-22 11:53:12 | INFO     | app.recognition.face_recognizer:105 - identify_in_frame cam=3: 0 face(s) detected, 1 track(s)
2026-04-22 11:53:15 | INFO     | app.pipeline.processing_pipeline:523 - Pipeline cam=2: 2.6 fps actual
2026-04-22 11:53:16 | INFO     | app.pipeline.processing_pipeline:523 - Pipeline cam=3: 2.7 fps actual
2026-04-22 11:53:25 | INFO     | app.pipeline.processing_pipeline:523 - Pipeline cam=2: 2.9 fps actual
2026-04-22 11:53:28 | INFO     | app.pipeline.processing_pipeline:523 - Pipeline cam=3: 2.6 fps actual
2026-04-22 11:53:35 | INFO     | app.pipeline.processing_pipeline:523 - Pipeline cam=2: 3.0 fps actual
2026-04-22 11:53:39 | INFO     | app.pipeline.processing_pipeline:523 - Pipeline cam=3: 2.6 fps actual
2026-04-22 11:53:48 | INFO     | app.pipeline.processing_pipeline:523 - Pipeline cam=2: 2.4 fps actual
2026-04-22 11:53:52 | INFO     | app.pipeline.processing_pipeline:523 - Pipeline cam=3: 2.4 fps actual
2026-04-22 11:53:57 | INFO     | app.pipeline.processing_pipeline:523 - Pipeline cam=2: 3.1 fps actual
2026-04-22 11:54:03 | INFO     | app.pipeline.processing_pipeline:523 - Pipeline cam=3: 2.8 fps actual
2026-04-22 11:54:08 | INFO     | app.pipeline.processing_pipeline:523 - Pipeline cam=2: 2.7 fps actual
2026-04-22 11:54:14 | INFO     | app.pipeline.processing_pipeline:523 - Pipeline cam=3: 2.6 fps actual
2026-04-22 11:54:19 | INFO     | app.pipeline.processing_pipeline:523 - Pipeline cam=2: 2.8 fps actual
2026-04-22 11:54:23 | INFO     | app.pipeline.processing_pipeline:523 - Pipeline cam=3: 3.2 fps actual
2026-04-22 11:54:25 | INFO     | app.recognition.face_recognizer:105 - identify_in_frame cam=2: 0 face(s) detected, 1 track(s)
2026-04-22 11:54:26 | INFO     | app.recognition.face_recognizer:105 - identify_in_frame cam=2: 0 face(s) detected, 1 track(s)
2026-04-22 11:54:27 | INFO     | app.recognition.face_recognizer:105 - identify_in_frame cam=2: 0 face(s) detected, 2 track(s)
2026-04-22 11:54:28 | INFO     | app.recognition.face_recognizer:105 - identify_in_frame cam=3: 0 face(s) detected, 1 track(s)
2026-04-22 11:54:28 | INFO     | app.recognition.face_recognizer:105 - identify_in_frame cam=2: 0 face(s) detected, 1 track(s)
2026-04-22 11:54:30 | INFO     | app.recognition.face_recognizer:105 - identify_in_frame cam=3: 2 face(s) detected, 1 track(s)
2026-04-22 11:54:30 | INFO     | app.recognition.face_recognizer:105 - identify_in_frame cam=3: 0 face(s) detected, 2 track(s)
2026-04-22 11:54:31 | INFO     | app.recognition.face_recognizer:105 - identify_in_frame cam=2: 0 face(s) detected, 1 track(s)
2026-04-22 11:54:32 | INFO     | app.recognition.face_recognizer:105 - identify_in_frame cam=3: 2 face(s) detected, 1 track(s)
2026-04-22 11:54:32 | INFO     | app.recognition.face_recognizer:204 -   face→track 10: best_id=1024 score=0.1000 (high>=0.5 verified>=0.42 med>=0.37)
2026-04-22 11:54:32 | INFO     | app.recognition.face_recognizer:172 -   face bbox=(393,263,421,287) — no track within 400px
2026-04-22 11:54:32 | INFO     | app.pipeline.processing_pipeline:523 - Pipeline cam=2: 2.4 fps actual
2026-04-22 11:54:32 | INFO     | app.recognition.face_recognizer:105 - identify_in_frame cam=3: 0 face(s) detected, 1 track(s)
2026-04-22 11:54:32 | INFO     | app.recognition.face_recognizer:105 - identify_in_frame cam=2: 0 face(s) detected, 2 track(s)
2026-04-22 11:54:34 | INFO     | app.recognition.face_recognizer:105 - identify_in_frame cam=3: 0 face(s) detected, 1 track(s)
2026-04-22 11:54:34 | INFO     | app.recognition.face_recognizer:105 - identify_in_frame cam=2: 0 face(s) detected, 2 track(s)
2026-04-22 11:54:36 | INFO     | app.pipeline.processing_pipeline:523 - Pipeline cam=3: 2.4 fps actual
2026-04-22 11:54:36 | INFO     | app.recognition.face_recognizer:105 - identify_in_frame cam=3: 0 face(s) detected, 2 track(s)
2026-04-22 11:54:39 | INFO     | app.recognition.face_recognizer:105 - identify_in_frame cam=2: 0 face(s) detected, 1 track(s)
2026-04-22 11:54:39 | INFO     | app.recognition.face_recognizer:105 - identify_in_frame cam=3: 0 face(s) detected, 2 track(s)
2026-04-22 11:54:43 | INFO     | app.recognition.face_recognizer:105 - identify_in_frame cam=3: 0 face(s) detected, 1 track(s)
2026-04-22 11:54:43 | INFO     | app.pipeline.processing_pipeline:523 - Pipeline cam=2: 2.7 fps actual
2026-04-22 11:54:46 | INFO     | app.pipeline.processing_pipeline:523 - Pipeline cam=3: 2.8 fps actual
2026-04-22 11:54:52 | INFO     | app.pipeline.processing_pipeline:523 - Pipeline cam=2: 3.1 fps actual
2026-04-22 11:54:57 | INFO     | app.pipeline.processing_pipeline:523 - Pipeline cam=3: 2.7 fps actual
2026-04-22 11:55:03 | INFO     | app.pipeline.processing_pipeline:523 - Pipeline cam=2: 2.8 fps actual
2026-04-22 11:55:07 | INFO     | app.pipeline.processing_pipeline:523 - Pipeline cam=3: 3.1 fps actual
2026-04-22 11:55:13 | INFO     | app.pipeline.processing_pipeline:523 - Pipeline cam=2: 2.9 fps actual
2026-04-22 11:55:19 | INFO     | app.pipeline.processing_pipeline:523 - Pipeline cam=3: 2.5 fps actual
2026-04-22 11:55:25 | INFO     | app.pipeline.processing_pipeline:523 - Pipeline cam=2: 2.6 fps actual
2026-04-22 11:55:30 | INFO     | app.pipeline.processing_pipeline:523 - Pipeline cam=3: 2.7 fps actual
2026-04-22 11:55:36 | INFO     | app.recognition.face_recognizer:105 - identify_in_frame cam=2: 0 face(s) detected, 1 track(s)
2026-04-22 11:55:36 | INFO     | app.recognition.face_recognizer:105 - identify_in_frame cam=2: 0 face(s) detected, 1 track(s)
2026-04-22 11:55:37 | INFO     | app.pipeline.processing_pipeline:523 - Pipeline cam=2: 2.4 fps actual
2026-04-22 11:55:38 | INFO     | app.recognition.face_recognizer:105 - identify_in_frame cam=2: 1 face(s) detected, 1 track(s)
2026-04-22 11:55:40 | INFO     | app.recognition.face_recognizer:105 - identify_in_frame cam=2: 0 face(s) detected, 1 track(s)
2026-04-22 11:55:41 | INFO     | app.pipeline.processing_pipeline:523 - Pipeline cam=3: 3.0 fps actual
2026-04-22 11:55:44 | INFO     | app.recognition.face_recognizer:105 - identify_in_frame cam=2: 0 face(s) detected, 1 track(s)
2026-04-22 11:55:46 | INFO     | app.pipeline.processing_pipeline:523 - Pipeline cam=2: 3.4 fps actual
2026-04-22 11:55:46 | INFO     | app.recognition.face_recognizer:105 - identify_in_frame cam=2: 0 face(s) detected, 1 track(s)
2026-04-22 11:55:51 | INFO     | app.pipeline.processing_pipeline:523 - Pipeline cam=3: 2.9 fps actual
2026-04-22 11:55:57 | INFO     | app.pipeline.processing_pipeline:523 - Pipeline cam=2: 2.7 fps actual
2026-04-22 11:56:03 | INFO     | app.pipeline.processing_pipeline:523 - Pipeline cam=3: 2.5 fps actual
2026-04-22 11:56:10 | INFO     | app.pipeline.processing_pipeline:523 - Pipeline cam=2: 2.3 fps actual
2026-04-22 11:56:14 | INFO     | app.pipeline.processing_pipeline:523 - Pipeline cam=3: 2.7 fps actual
2026-04-22 11:56:22 | INFO     | app.pipeline.processing_pipeline:523 - Pipeline cam=2: 2.6 fps actual
2026-04-22 11:56:24 | INFO     | app.pipeline.processing_pipeline:523 - Pipeline cam=3: 3.0 fps actual
2026-04-22 11:56:32 | INFO     | app.pipeline.processing_pipeline:523 - Pipeline cam=2: 2.9 fps actual
2026-04-22 11:56:34 | INFO     | app.pipeline.processing_pipeline:523 - Pipeline cam=3: 3.0 fps actual
2026-04-22 11:56:41 | INFO     | app.pipeline.processing_pipeline:523 - Pipeline cam=2: 3.3 fps actual
2026-04-22 11:56:47 | INFO     | app.pipeline.processing_pipeline:523 - Pipeline cam=3: 2.4 fps actual
2026-04-22 11:58:18 | WARNING  | app.camera.camera_manager:69 - Camera 3 lost connection. Reconnecting...
2026-04-22 11:58:18 | WARNING  | app.camera.camera_manager:69 - Camera 2 lost connection. Reconnecting...
2026-04-22 11:58:48 | WARNING  | app.camera.camera_manager:56 - Camera 3 failed to open. Retrying in 2s...
2026-04-22 11:58:51 | INFO     | app.camera.camera_manager:64 - Camera 2 connected
2026-04-22 11:58:53 | INFO     | app.camera.camera_manager:64 - Camera 3 connected
2026-04-22 11:58:54 | INFO     | app.pipeline.processing_pipeline:523 - Pipeline cam=2: 0.2 fps actual
2026-04-22 11:59:04 | INFO     | app.pipeline.processing_pipeline:523 - Pipeline cam=3: 0.2 fps actual
2026-04-22 11:59:05 | WARNING  | app.camera.camera_manager:69 - Camera 3 lost connection. Reconnecting...
2026-04-22 11:59:05 | WARNING  | app.camera.camera_manager:69 - Camera 2 lost connection. Reconnecting...
2026-04-22 11:59:35 | WARNING  | app.camera.camera_manager:56 - Camera 3 failed to open. Retrying in 2s...
2026-04-22 11:59:40 | INFO     | app.camera.camera_manager:64 - Camera 2 connected
2026-04-22 11:59:40 | INFO     | app.pipeline.processing_pipeline:523 - Pipeline cam=2: 0.6 fps actual
2026-04-22 11:59:42 | INFO     | app.camera.camera_manager:64 - Camera 3 connected
2026-04-22 11:59:44 | INFO     | app.recognition.face_recognizer:105 - identify_in_frame cam=2: 1 face(s) detected, 1 track(s)
2026-04-22 11:59:45 | INFO     | app.recognition.face_recognizer:105 - identify_in_frame cam=2: 1 face(s) detected, 2 track(s)
2026-04-22 11:59:45 | INFO     | app.recognition.face_recognizer:204 -   face→track 16: best_id=1025 score=0.1787 (high>=0.5 verified>=0.42 med>=0.37)
2026-04-22 11:59:46 | INFO     | app.recognition.face_recognizer:105 - identify_in_frame cam=2: 1 face(s) detected, 2 track(s)
2026-04-22 11:59:46 | INFO     | app.recognition.face_recognizer:204 -   face→track 16: best_id=1006 score=0.1344 (high>=0.5 verified>=0.42 med>=0.37)
2026-04-22 11:59:46 | INFO     | app.recognition.face_recognizer:105 - identify_in_frame cam=2: 0 face(s) detected, 1 track(s)
2026-04-22 11:59:46 | INFO     | app.recognition.face_recognizer:105 - identify_in_frame cam=2: 0 face(s) detected, 1 track(s)
2026-04-22 11:59:51 | INFO     | app.pipeline.processing_pipeline:523 - Pipeline cam=2: 2.8 fps actual
2026-04-22 11:59:51 | INFO     | app.recognition.face_recognizer:105 - identify_in_frame cam=2: 0 face(s) detected, 2 track(s)
2026-04-22 11:59:54 | INFO     | app.pipeline.processing_pipeline:523 - Pipeline cam=3: 0.6 fps actual
2026-04-22 11:59:57 | INFO     | app.recognition.face_recognizer:105 - identify_in_frame cam=2: 0 face(s) detected, 2 track(s)
2026-04-22 12:00:00 | INFO     | app.recognition.face_recognizer:105 - identify_in_frame cam=2: 0 face(s) detected, 1 track(s)
2026-04-22 12:00:02 | INFO     | app.pipeline.processing_pipeline:523 - Pipeline cam=2: 2.6 fps actual
2026-04-22 12:00:04 | INFO     | app.pipeline.processing_pipeline:523 - Pipeline cam=3: 2.8 fps actual
2026-04-22 12:00:05 | INFO     | app.recognition.face_recognizer:105 - identify_in_frame cam=3: 0 face(s) detected, 1 track(s)
2026-04-22 12:00:05 | INFO     | app.recognition.face_recognizer:105 - identify_in_frame cam=2: 0 face(s) detected, 1 track(s)
2026-04-22 12:00:06 | INFO     | app.recognition.face_recognizer:105 - identify_in_frame cam=3: 0 face(s) detected, 1 track(s)
2026-04-22 12:00:07 | INFO     | app.recognition.face_recognizer:105 - identify_in_frame cam=2: 1 face(s) detected, 1 track(s)
2026-04-22 12:00:08 | INFO     | app.recognition.face_recognizer:105 - identify_in_frame cam=3: 0 face(s) detected, 1 track(s)
2026-04-22 12:00:09 | INFO     | app.recognition.face_recognizer:105 - identify_in_frame cam=2: 1 face(s) detected, 1 track(s)
2026-04-22 12:00:10 | INFO     | app.recognition.face_recognizer:105 - identify_in_frame cam=3: 0 face(s) detected, 1 track(s)
2026-04-22 12:00:11 | INFO     | app.recognition.face_recognizer:105 - identify_in_frame cam=2: 1 face(s) detected, 1 track(s)
2026-04-22 12:00:11 | INFO     | app.recognition.face_recognizer:204 -   face→track 19: best_id=1011 score=0.1444 (high>=0.5 verified>=0.42 med>=0.37)
2026-04-22 12:00:12 | INFO     | app.recognition.face_recognizer:105 - identify_in_frame cam=2: 0 face(s) detected, 1 track(s)
2026-04-22 12:00:12 | INFO     | app.recognition.face_recognizer:105 - identify_in_frame cam=2: 0 face(s) detected, 1 track(s)
2026-04-22 12:00:12 | INFO     | app.recognition.face_recognizer:105 - identify_in_frame cam=3: 0 face(s) detected, 1 track(s)
2026-04-22 12:00:13 | INFO     | app.recognition.face_recognizer:105 - identify_in_frame cam=2: 0 face(s) detected, 1 track(s)
2026-04-22 12:00:16 | INFO     | app.pipeline.processing_pipeline:523 - Pipeline cam=3: 2.7 fps actual
2026-04-22 12:00:16 | INFO     | app.recognition.face_recognizer:105 - identify_in_frame cam=3: 0 face(s) detected, 1 track(s)
2026-04-22 12:00:16 | INFO     | app.pipeline.processing_pipeline:523 - Pipeline cam=2: 2.2 fps actual
2026-04-22 12:00:16 | INFO     | app.recognition.face_recognizer:105 - identify_in_frame cam=2: 0 face(s) detected, 2 track(s)
2026-04-22 12:00:20 | INFO     | app.recognition.face_recognizer:105 - identify_in_frame cam=2: 0 face(s) detected, 2 track(s)
2026-04-22 12:00:26 | INFO     | app.pipeline.processing_pipeline:523 - Pipeline cam=2: 2.9 fps actual
2026-04-22 12:00:27 | INFO     | app.pipeline.processing_pipeline:523 - Pipeline cam=3: 2.6 fps actual
2026-04-22 12:00:36 | INFO     | app.pipeline.processing_pipeline:523 - Pipeline cam=2: 3.1 fps actual
2026-04-22 12:00:38 | INFO     | app.pipeline.processing_pipeline:523 - Pipeline cam=3: 2.9 fps actual
2026-04-22 12:00:49 | INFO     | app.pipeline.processing_pipeline:523 - Pipeline cam=2: 2.3 fps actual
2026-04-22 12:00:49 | INFO     | app.pipeline.processing_pipeline:523 - Pipeline cam=3: 2.6 fps actual
2026-04-22 12:00:59 | INFO     | app.pipeline.processing_pipeline:523 - Pipeline cam=2: 2.9 fps actual
2026-04-22 12:01:01 | INFO     | app.pipeline.processing_pipeline:523 - Pipeline cam=3: 2.5 fps actual
2026-04-22 12:01:14 | INFO     | app.pipeline.processing_pipeline:523 - Pipeline cam=2: 2.1 fps actual
2026-04-22 12:01:14 | INFO     | app.pipeline.processing_pipeline:523 - Pipeline cam=3: 2.3 fps actual
2026-04-22 12:01:26 | INFO     | app.pipeline.processing_pipeline:523 - Pipeline cam=2: 2.5 fps actual
2026-04-22 12:01:26 | INFO     | app.pipeline.processing_pipeline:523 - Pipeline cam=3: 2.5 fps actual
2026-04-22 12:01:38 | INFO     | app.pipeline.processing_pipeline:523 - Pipeline cam=3: 2.6 fps actual
2026-04-22 12:01:39 | INFO     | app.pipeline.processing_pipeline:523 - Pipeline cam=2: 2.4 fps actual
2026-04-22 12:01:48 | INFO     | app.pipeline.processing_pipeline:523 - Pipeline cam=3: 2.8 fps actual
2026-04-22 12:03:19 | WARNING  | app.camera.camera_manager:69 - Camera 3 lost connection. Reconnecting...
2026-04-22 12:03:20 | WARNING  | app.camera.camera_manager:69 - Camera 2 lost connection. Reconnecting...
2026-04-22 12:03:49 | WARNING  | app.camera.camera_manager:56 - Camera 3 failed to open. Retrying in 2s...
2026-04-22 12:04:19 | WARNING  | app.camera.camera_manager:56 - Camera 2 failed to open. Retrying in 2s...
2026-04-22 12:04:50 | WARNING  | app.camera.camera_manager:56 - Camera 3 failed to open. Retrying in 4s...
2026-04-22 12:05:20 | WARNING  | app.camera.camera_manager:56 - Camera 2 failed to open. Retrying in 4s...
2026-04-22 12:05:50 | WARNING  | app.camera.camera_manager:56 - Camera 3 failed to open. Retrying in 8s...
2026-04-22 12:06:20 | WARNING  | app.camera.camera_manager:56 - Camera 2 failed to open. Retrying in 8s...
2026-04-22 12:06:50 | WARNING  | app.camera.camera_manager:56 - Camera 3 failed to open. Retrying in 16s...
2026-04-22 12:07:20 | WARNING  | app.camera.camera_manager:56 - Camera 2 failed to open. Retrying in 16s...
2026-04-22 12:07:50 | WARNING  | app.camera.camera_manager:56 - Camera 3 failed to open. Retrying in 30s...
2026-04-22 12:08:20 | WARNING  | app.camera.camera_manager:56 - Camera 2 failed to open. Retrying in 30s...
2026-04-22 12:08:50 | WARNING  | app.camera.camera_manager:56 - Camera 3 failed to open. Retrying in 30s...
2026-04-22 12:08:51 | INFO     | app.camera.camera_manager:64 - Camera 2 connected
2026-04-22 12:08:53 | INFO     | app.pipeline.processing_pipeline:523 - Pipeline cam=2: 0.1 fps actual
2026-04-22 12:08:53 | INFO     | app.recognition.face_recognizer:105 - identify_in_frame cam=2: 0 face(s) detected, 1 track(s)
2026-04-22 12:08:55 | INFO     | app.recognition.face_recognizer:105 - identify_in_frame cam=2: 0 face(s) detected, 1 track(s)
2026-04-22 12:08:56 | INFO     | app.recognition.face_recognizer:105 - identify_in_frame cam=2: 0 face(s) detected, 1 track(s)
2026-04-22 12:08:57 | INFO     | app.recognition.face_recognizer:105 - identify_in_frame cam=2: 0 face(s) detected, 1 track(s)
2026-04-22 12:09:00 | INFO     | app.recognition.face_recognizer:105 - identify_in_frame cam=2: 0 face(s) detected, 1 track(s)
2026-04-22 12:09:04 | INFO     | app.pipeline.processing_pipeline:523 - Pipeline cam=2: 2.7 fps actual
2026-04-22 12:09:04 | INFO     | app.recognition.face_recognizer:105 - identify_in_frame cam=2: 0 face(s) detected, 1 track(s)
2026-04-22 12:09:13 | INFO     | app.recognition.face_recognizer:105 - identify_in_frame cam=2: 0 face(s) detected, 1 track(s)
2026-04-22 12:09:17 | INFO     | app.recognition.face_recognizer:105 - identify_in_frame cam=2: 0 face(s) detected, 1 track(s)
2026-04-22 12:09:20 | INFO     | app.pipeline.processing_pipeline:523 - Pipeline cam=2: 1.9 fps actual
2026-04-22 12:09:20 | INFO     | app.recognition.face_recognizer:105 - identify_in_frame cam=2: 0 face(s) detected, 1 track(s)
2026-04-22 12:09:21 | INFO     | app.camera.camera_manager:64 - Camera 3 connected
2026-04-22 12:09:24 | INFO     | app.recognition.face_recognizer:105 - identify_in_frame cam=2: 0 face(s) detected, 1 track(s)
2026-04-22 12:09:30 | INFO     | app.pipeline.processing_pipeline:523 - Pipeline cam=2: 2.9 fps actual
2026-04-22 12:09:32 | INFO     | app.pipeline.processing_pipeline:523 - Pipeline cam=3: 0.1 fps actual
2026-04-22 12:09:41 | INFO     | app.pipeline.processing_pipeline:523 - Pipeline cam=2: 2.9 fps actual
2026-04-22 12:09:44 | INFO     | app.pipeline.processing_pipeline:523 - Pipeline cam=3: 2.4 fps actual
2026-04-22 12:09:52 | INFO     | app.pipeline.processing_pipeline:523 - Pipeline cam=2: 2.6 fps actual
2026-04-22 12:09:59 | INFO     | app.pipeline.processing_pipeline:523 - Pipeline cam=3: 2.0 fps actual
2026-04-22 12:10:03 | INFO     | app.recognition.face_recognizer:105 - identify_in_frame cam=3: 0 face(s) detected, 1 track(s)
2026-04-22 12:10:04 | INFO     | app.recognition.face_recognizer:105 - identify_in_frame cam=3: 0 face(s) detected, 1 track(s)
2026-04-22 12:10:04 | INFO     | app.pipeline.processing_pipeline:523 - Pipeline cam=2: 2.5 fps actual
2026-04-22 12:10:06 | INFO     | app.recognition.face_recognizer:105 - identify_in_frame cam=3: 2 face(s) detected, 1 track(s)
2026-04-22 12:10:08 | INFO     | app.recognition.face_recognizer:105 - identify_in_frame cam=3: 1 face(s) detected, 1 track(s)
2026-04-22 12:10:08 | INFO     | app.recognition.face_recognizer:204 -   face→track 13: best_id=1016 score=0.1178 (high>=0.5 verified>=0.42 med>=0.37)
2026-04-22 12:10:12 | INFO     | app.pipeline.processing_pipeline:523 - Pipeline cam=3: 2.3 fps actual
2026-04-22 12:10:13 | INFO     | app.recognition.face_recognizer:105 - identify_in_frame cam=3: 1 face(s) detected, 1 track(s)
2026-04-22 12:10:17 | INFO     | app.recognition.face_recognizer:105 - identify_in_frame cam=3: 1 face(s) detected, 1 track(s)
2026-04-22 12:10:19 | INFO     | app.pipeline.processing_pipeline:523 - Pipeline cam=2: 2.1 fps actual
2026-04-22 12:10:22 | INFO     | app.recognition.face_recognizer:105 - identify_in_frame cam=3: 1 face(s) detected, 1 track(s)
2026-04-22 12:10:26 | INFO     | app.pipeline.processing_pipeline:523 - Pipeline cam=3: 2.1 fps actual
2026-04-22 12:10:27 | INFO     | app.recognition.face_recognizer:105 - identify_in_frame cam=3: 1 face(s) detected, 1 track(s)
2026-04-22 12:10:29 | INFO     | app.pipeline.processing_pipeline:523 - Pipeline cam=2: 2.9 fps actual
2026-04-22 12:10:30 | INFO     | app.recognition.face_recognizer:105 - identify_in_frame cam=3: 1 face(s) detected, 1 track(s)
2026-04-22 12:10:30 | INFO     | app.recognition.face_recognizer:204 -   face→track 13: best_id=1023 score=0.1162 (high>=0.5 verified>=0.42 med>=0.37)
2026-04-22 12:10:33 | INFO     | app.recognition.face_recognizer:105 - identify_in_frame cam=3: 1 face(s) detected, 1 track(s)
2026-04-22 12:10:38 | INFO     | app.pipeline.processing_pipeline:523 - Pipeline cam=3: 2.6 fps actual
2026-04-22 12:10:41 | INFO     | app.pipeline.processing_pipeline:523 - Pipeline cam=2: 2.5 fps actual
2026-04-22 12:10:52 | INFO     | app.pipeline.processing_pipeline:523 - Pipeline cam=3: 2.2 fps actual
2026-04-22 12:10:56 | INFO     | app.pipeline.processing_pipeline:523 - Pipeline cam=2: 2.0 fps actual
2026-04-22 12:11:03 | INFO     | app.pipeline.processing_pipeline:523 - Pipeline cam=3: 2.7 fps actual
2026-04-22 12:11:07 | INFO     | app.pipeline.processing_pipeline:523 - Pipeline cam=2: 2.8 fps actual
2026-04-22 12:11:16 | INFO     | app.pipeline.processing_pipeline:523 - Pipeline cam=2: 3.2 fps actual
2026-04-22 12:11:16 | INFO     | app.pipeline.processing_pipeline:523 - Pipeline cam=3: 2.3 fps actual
2026-04-22 12:11:19 | INFO     | app.recognition.face_recognizer:105 - identify_in_frame cam=2: 1 face(s) detected, 1 track(s)
2026-04-22 12:11:20 | INFO     | app.recognition.face_recognizer:105 - identify_in_frame cam=2: 1 face(s) detected, 1 track(s)
2026-04-22 12:11:21 | INFO     | app.recognition.face_recognizer:105 - identify_in_frame cam=2: 0 face(s) detected, 1 track(s)
2026-04-22 12:11:23 | INFO     | app.recognition.face_recognizer:105 - identify_in_frame cam=2: 0 face(s) detected, 1 track(s)
2026-04-22 12:11:27 | INFO     | app.pipeline.processing_pipeline:523 - Pipeline cam=2: 2.8 fps actual
2026-04-22 12:11:27 | INFO     | app.recognition.face_recognizer:105 - identify_in_frame cam=2: 0 face(s) detected, 1 track(s)
2026-04-22 12:11:27 | INFO     | app.recognition.face_recognizer:105 - identify_in_frame cam=3: 0 face(s) detected, 1 track(s)
2026-04-22 12:11:29 | INFO     | app.recognition.face_recognizer:105 - identify_in_frame cam=3: 0 face(s) detected, 2 track(s)
2026-04-22 12:11:30 | INFO     | app.recognition.face_recognizer:105 - identify_in_frame cam=2: 0 face(s) detected, 1 track(s)
2026-04-22 12:11:30 | INFO     | app.pipeline.processing_pipeline:523 - Pipeline cam=3: 2.2 fps actual
2026-04-22 12:11:30 | INFO     | app.recognition.face_recognizer:105 - identify_in_frame cam=3: 0 face(s) detected, 2 track(s)
2026-04-22 12:11:31 | INFO     | app.recognition.face_recognizer:105 - identify_in_frame cam=2: 1 face(s) detected, 1 track(s)
2026-04-22 12:11:32 | INFO     | app.recognition.face_recognizer:105 - identify_in_frame cam=2: 1 face(s) detected, 1 track(s)
2026-04-22 12:11:32 | INFO     | app.recognition.face_recognizer:204 -   face→track 22: best_id=1026 score=0.1058 (high>=0.5 verified>=0.42 med>=0.37)
2026-04-22 12:11:32 | INFO     | app.recognition.face_recognizer:105 - identify_in_frame cam=3: 0 face(s) detected, 1 track(s)
2026-04-22 12:11:32 | INFO     | app.recognition.face_recognizer:105 - identify_in_frame cam=2: 1 face(s) detected, 1 track(s)
2026-04-22 12:11:33 | INFO     | app.recognition.face_recognizer:204 -   face→track 23: best_id=1012 score=0.1315 (high>=0.5 verified>=0.42 med>=0.37)
2026-04-22 12:11:33 | INFO     | app.recognition.face_recognizer:105 - identify_in_frame cam=2: 0 face(s) detected, 1 track(s)
2026-04-22 12:11:34 | INFO     | app.recognition.face_recognizer:105 - identify_in_frame cam=3: 0 face(s) detected, 2 track(s)
2026-04-22 12:11:35 | INFO     | app.recognition.face_recognizer:105 - identify_in_frame cam=2: 0 face(s) detected, 1 track(s)
2026-04-22 12:11:35 | INFO     | app.recognition.face_recognizer:105 - identify_in_frame cam=2: 0 face(s) detected, 2 track(s)
2026-04-22 12:11:36 | INFO     | app.recognition.face_recognizer:105 - identify_in_frame cam=2: 0 face(s) detected, 1 track(s)
2026-04-22 12:11:39 | INFO     | app.recognition.face_recognizer:105 - identify_in_frame cam=3: 0 face(s) detected, 2 track(s)
2026-04-22 12:11:40 | INFO     | app.pipeline.processing_pipeline:523 - Pipeline cam=2: 2.3 fps actual
2026-04-22 12:11:40 | INFO     | app.recognition.face_recognizer:105 - identify_in_frame cam=2: 0 face(s) detected, 3 track(s)
2026-04-22 12:11:42 | INFO     | app.pipeline.processing_pipeline:523 - Pipeline cam=3: 2.5 fps actual
2026-04-22 12:11:43 | INFO     | app.recognition.face_recognizer:105 - identify_in_frame cam=2: 0 face(s) detected, 2 track(s)
2026-04-22 12:11:53 | INFO     | app.pipeline.processing_pipeline:523 - Pipeline cam=2: 2.3 fps actual
2026-04-22 12:13:09 | INFO     | app.api.ws:51 - WS: client connected (1 total)
2026-04-22 12:13:10 | INFO     | app.api.ws:56 - WS: client disconnected (0 remaining)
2026-04-22 12:13:23 | WARNING  | app.camera.camera_manager:69 - Camera 3 lost connection. Reconnecting...
2026-04-22 12:13:23 | WARNING  | app.camera.camera_manager:69 - Camera 2 lost connection. Reconnecting...
2026-04-22 12:13:53 | WARNING  | app.camera.camera_manager:56 - Camera 3 failed to open. Retrying in 2s...
2026-04-22 12:14:23 | WARNING  | app.camera.camera_manager:56 - Camera 2 failed to open. Retrying in 2s...
2026-04-22 12:14:26 | INFO     | app.camera.camera_manager:64 - Camera 3 connected
2026-04-22 12:14:35 | INFO     | app.pipeline.processing_pipeline:523 - Pipeline cam=3: 0.2 fps actual
2026-04-22 12:14:36 | INFO     | app.camera.camera_manager:64 - Camera 2 connected
2026-04-22 12:14:38 | INFO     | app.recognition.face_recognizer:105 - identify_in_frame cam=2: 0 face(s) detected, 1 track(s)
2026-04-22 12:14:39 | INFO     | app.recognition.face_recognizer:105 - identify_in_frame cam=2: 1 face(s) detected, 2 track(s)
2026-04-22 12:14:39 | INFO     | app.recognition.face_recognizer:204 -   face→track 26: best_id=1015 score=0.2142 (high>=0.5 verified>=0.42 med>=0.37)
2026-04-22 12:14:40 | INFO     | app.recognition.face_recognizer:105 - identify_in_frame cam=2: 1 face(s) detected, 3 track(s)
2026-04-22 12:14:40 | INFO     | app.recognition.face_recognizer:204 -   face→track 27: best_id=1016 score=0.1035 (high>=0.5 verified>=0.42 med>=0.37)
2026-04-22 12:14:41 | INFO     | app.recognition.face_recognizer:105 - identify_in_frame cam=2: 0 face(s) detected, 3 track(s)
2026-04-22 12:14:41 | INFO     | app.recognition.face_recognizer:105 - identify_in_frame cam=2: 0 face(s) detected, 2 track(s)
2026-04-22 12:14:43 | INFO     | app.recognition.face_recognizer:105 - identify_in_frame cam=2: 0 face(s) detected, 3 track(s)
2026-04-22 12:14:43 | INFO     | app.recognition.face_recognizer:105 - identify_in_frame cam=2: 0 face(s) detected, 1 track(s)
2026-04-22 12:14:48 | INFO     | app.pipeline.processing_pipeline:523 - Pipeline cam=2: 0.2 fps actual
2026-04-22 12:14:48 | INFO     | app.recognition.face_recognizer:105 - identify_in_frame cam=2: 0 face(s) detected, 4 track(s)
2026-04-22 12:14:49 | INFO     | app.pipeline.processing_pipeline:523 - Pipeline cam=3: 2.2 fps actual
2026-04-22 12:14:53 | INFO     | app.recognition.face_recognizer:105 - identify_in_frame cam=2: 0 face(s) detected, 2 track(s)
2026-04-22 12:15:00 | INFO     | app.pipeline.processing_pipeline:523 - Pipeline cam=2: 2.4 fps actual
2026-04-22 12:15:00 | INFO     | app.pipeline.processing_pipeline:523 - Pipeline cam=3: 2.7 fps actual
2026-04-22 12:15:10 | INFO     | app.pipeline.processing_pipeline:523 - Pipeline cam=2: 3.0 fps actual
2026-04-22 12:15:12 | INFO     | app.pipeline.processing_pipeline:523 - Pipeline cam=3: 2.6 fps actual
2026-04-22 12:15:22 | INFO     | app.pipeline.processing_pipeline:523 - Pipeline cam=3: 3.0 fps actual
2026-04-22 12:15:22 | INFO     | app.pipeline.processing_pipeline:523 - Pipeline cam=2: 2.4 fps actual
2026-04-22 12:15:24 | INFO     | app.recognition.face_recognizer:105 - identify_in_frame cam=2: 0 face(s) detected, 1 track(s)
2026-04-22 12:15:26 | INFO     | app.recognition.face_recognizer:105 - identify_in_frame cam=2: 0 face(s) detected, 1 track(s)
2026-04-22 12:15:27 | INFO     | app.recognition.face_recognizer:105 - identify_in_frame cam=2: 0 face(s) detected, 1 track(s)
2026-04-22 12:15:27 | INFO     | app.recognition.face_recognizer:105 - identify_in_frame cam=2: 0 face(s) detected, 1 track(s)
2026-04-22 12:15:29 | INFO     | app.recognition.face_recognizer:105 - identify_in_frame cam=3: 0 face(s) detected, 1 track(s)
2026-04-22 12:15:31 | INFO     | app.recognition.face_recognizer:105 - identify_in_frame cam=3: 0 face(s) detected, 1 track(s)
2026-04-22 12:15:31 | INFO     | app.recognition.face_recognizer:105 - identify_in_frame cam=2: 0 face(s) detected, 1 track(s)
2026-04-22 12:15:32 | INFO     | app.recognition.face_recognizer:105 - identify_in_frame cam=3: 1 face(s) detected, 1 track(s)
2026-04-22 12:15:32 | INFO     | app.recognition.face_recognizer:204 -   face→track 16: best_id=1002 score=0.1292 (high>=0.5 verified>=0.42 med>=0.37)
2026-04-22 12:15:34 | INFO     | app.pipeline.processing_pipeline:523 - Pipeline cam=3: 2.4 fps actual
2026-04-22 12:15:35 | INFO     | app.recognition.face_recognizer:105 - identify_in_frame cam=3: 1 face(s) detected, 1 track(s)
2026-04-22 12:15:35 | INFO     | app.recognition.face_recognizer:204 -   face→track 16: best_id=1025 score=0.1474 (high>=0.5 verified>=0.42 med>=0.37)
2026-04-22 12:15:35 | INFO     | app.pipeline.processing_pipeline:523 - Pipeline cam=2: 2.4 fps actual
2026-04-22 12:15:35 | INFO     | app.recognition.face_recognizer:105 - identify_in_frame cam=2: 0 face(s) detected, 1 track(s)
2026-04-22 12:15:38 | INFO     | app.recognition.face_recognizer:105 - identify_in_frame cam=2: 0 face(s) detected, 1 track(s)
2026-04-22 12:15:39 | INFO     | app.recognition.face_recognizer:105 - identify_in_frame cam=3: 2 face(s) detected, 1 track(s)
2026-04-22 12:15:39 | INFO     | app.recognition.face_recognizer:204 -   face→track 16: best_id=1024 score=0.1431 (high>=0.5 verified>=0.42 med>=0.37)
2026-04-22 12:15:42 | INFO     | app.recognition.face_recognizer:105 - identify_in_frame cam=3: 0 face(s) detected, 1 track(s)
2026-04-22 12:15:42 | INFO     | app.recognition.face_recognizer:105 - identify_in_frame cam=2: 0 face(s) detected, 1 track(s)
2026-04-22 12:15:45 | INFO     | app.pipeline.processing_pipeline:523 - Pipeline cam=3: 2.7 fps actual
2026-04-22 12:15:46 | INFO     | app.recognition.face_recognizer:105 - identify_in_frame cam=3: 2 face(s) detected, 1 track(s)
2026-04-22 12:15:46 | INFO     | app.recognition.face_recognizer:204 -   face→track 16: best_id=1024 score=0.1184 (high>=0.5 verified>=0.42 med>=0.37)
2026-04-22 12:15:46 | INFO     | app.recognition.face_recognizer:172 -   face bbox=(362,167,386,189) — no track within 400px
2026-04-22 12:15:46 | INFO     | app.pipeline.processing_pipeline:523 - Pipeline cam=2: 2.7 fps actual
2026-04-22 12:15:49 | INFO     | app.recognition.face_recognizer:105 - identify_in_frame cam=3: 0 face(s) detected, 1 track(s)
2026-04-22 12:15:52 | INFO     | app.recognition.face_recognizer:105 - identify_in_frame cam=3: 0 face(s) detected, 1 track(s)
2026-04-22 12:15:55 | INFO     | app.recognition.face_recognizer:105 - identify_in_frame cam=2: 0 face(s) detected, 1 track(s)
2026-04-22 12:15:56 | INFO     | app.recognition.face_recognizer:105 - identify_in_frame cam=2: 1 face(s) detected, 1 track(s)
2026-04-22 12:15:56 | INFO     | app.recognition.face_recognizer:204 -   face→track 31: best_id=1002 score=0.1046 (high>=0.5 verified>=0.42 med>=0.37)
2026-04-22 12:15:56 | INFO     | app.pipeline.processing_pipeline:523 - Pipeline cam=3: 2.8 fps actual
2026-04-22 12:15:56 | INFO     | app.recognition.face_recognizer:105 - identify_in_frame cam=3: 0 face(s) detected, 1 track(s)
2026-04-22 12:15:56 | INFO     | app.pipeline.processing_pipeline:523 - Pipeline cam=2: 2.9 fps actual
2026-04-22 12:15:57 | INFO     | app.recognition.face_recognizer:105 - identify_in_frame cam=2: 2 face(s) detected, 3 track(s)
2026-04-22 12:15:57 | INFO     | app.recognition.face_recognizer:204 -   face→track 31: best_id=1014 score=0.3761 (high>=0.5 verified>=0.42 med>=0.37)
2026-04-22 12:15:58 | INFO     | app.recognition.face_recognizer:262 -   deepface candidate emp=1014 score=0.3761 verified=True sim=0.5359 facenet_min=0.55
2026-04-22 12:15:58 | INFO     | app.recognition.face_recognizer:204 -   face→track 32: best_id=1004 score=0.0913 (high>=0.5 verified>=0.42 med>=0.37)
2026-04-22 12:15:59 | INFO     | app.recognition.face_recognizer:105 - identify_in_frame cam=2: 1 face(s) detected, 5 track(s)
2026-04-22 12:15:59 | INFO     | app.recognition.face_recognizer:204 -   face→track 34: best_id=1014 score=0.1660 (high>=0.5 verified>=0.42 med>=0.37)
2026-04-22 12:16:00 | INFO     | app.recognition.face_recognizer:105 - identify_in_frame cam=2: 1 face(s) detected, 5 track(s)
2026-04-22 12:16:00 | INFO     | app.recognition.face_recognizer:204 -   face→track 33: best_id=1019 score=0.1158 (high>=0.5 verified>=0.42 med>=0.37)
2026-04-22 12:16:01 | INFO     | app.recognition.face_recognizer:105 - identify_in_frame cam=3: 1 face(s) detected, 1 track(s)
2026-04-22 12:16:02 | INFO     | app.recognition.face_recognizer:105 - identify_in_frame cam=2: 1 face(s) detected, 3 track(s)
2026-04-22 12:16:03 | INFO     | app.recognition.face_recognizer:105 - identify_in_frame cam=3: 1 face(s) detected, 1 track(s)
2026-04-22 12:16:03 | INFO     | app.recognition.face_recognizer:105 - identify_in_frame cam=2: 0 face(s) detected, 3 track(s)
2026-04-22 12:16:04 | INFO     | app.recognition.face_recognizer:105 - identify_in_frame cam=2: 0 face(s) detected, 3 track(s)
2026-04-22 12:16:06 | INFO     | app.recognition.face_recognizer:105 - identify_in_frame cam=2: 0 face(s) detected, 1 track(s)
2026-04-22 12:16:06 | INFO     | app.recognition.face_recognizer:105 - identify_in_frame cam=3: 6 face(s) detected, 1 track(s)
2026-04-22 12:16:06 | INFO     | app.recognition.face_recognizer:204 -   face→track 17: best_id=1017 score=0.1759 (high>=0.5 verified>=0.42 med>=0.37)
2026-04-22 12:16:06 | INFO     | app.recognition.face_recognizer:172 -   face bbox=(390,203,413,226) — no track within 400px
2026-04-22 12:16:08 | INFO     | app.recognition.face_recognizer:105 - identify_in_frame cam=3: 4 face(s) detected, 1 track(s)
2026-04-22 12:16:08 | INFO     | app.recognition.face_recognizer:204 -   face→track 18: best_id=1015 score=0.2503 (high>=0.5 verified>=0.42 med>=0.37)
2026-04-22 12:16:08 | INFO     | app.recognition.face_recognizer:172 -   face bbox=(394,239,421,260) — no track within 400px
2026-04-22 12:16:08 | INFO     | app.recognition.face_recognizer:172 -   face bbox=(465,331,505,356) — no track within 400px
2026-04-22 12:16:08 | INFO     | app.recognition.face_recognizer:105 - identify_in_frame cam=2: 0 face(s) detected, 6 track(s)
2026-04-22 12:16:09 | INFO     | app.recognition.face_recognizer:105 - identify_in_frame cam=3: 2 face(s) detected, 1 track(s)
2026-04-22 12:16:09 | INFO     | app.recognition.face_recognizer:204 -   face→track 17: best_id=1024 score=0.1090 (high>=0.5 verified>=0.42 med>=0.37)
2026-04-22 12:16:10 | INFO     | app.recognition.face_recognizer:105 - identify_in_frame cam=3: 3 face(s) detected, 2 track(s)
2026-04-22 12:16:10 | INFO     | app.recognition.face_recognizer:204 -   face→track 19: best_id=1025 score=0.1183 (high>=0.5 verified>=0.42 med>=0.37)
2026-04-22 12:16:10 | INFO     | app.recognition.face_recognizer:204 -   face→track 18: best_id=1024 score=0.0918 (high>=0.5 verified>=0.42 med>=0.37)
2026-04-22 12:16:10 | INFO     | app.recognition.face_recognizer:172 -   face bbox=(436,267,464,295) — no track within 400px
2026-04-22 12:16:10 | INFO     | app.recognition.face_recognizer:105 - identify_in_frame cam=2: 0 face(s) detected, 1 track(s)
2026-04-22 12:16:11 | INFO     | app.recognition.face_recognizer:105 - identify_in_frame cam=3: 1 face(s) detected, 2 track(s)
2026-04-22 12:16:11 | INFO     | app.recognition.face_recognizer:105 - identify_in_frame cam=2: 0 face(s) detected, 1 track(s)
2026-04-22 12:16:12 | INFO     | app.recognition.face_recognizer:105 - identify_in_frame cam=3: 1 face(s) detected, 1 track(s)
2026-04-22 12:16:12 | INFO     | app.pipeline.processing_pipeline:523 - Pipeline cam=3: 1.9 fps actual
2026-04-22 12:16:12 | INFO     | app.recognition.face_recognizer:105 - identify_in_frame cam=3: 1 face(s) detected, 3 track(s)
2026-04-22 12:16:13 | INFO     | app.pipeline.processing_pipeline:523 - Pipeline cam=2: 1.8 fps actual
2026-04-22 12:16:13 | INFO     | app.recognition.face_recognizer:105 - identify_in_frame cam=2: 0 face(s) detected, 6 track(s)
2026-04-22 12:16:14 | INFO     | app.recognition.face_recognizer:105 - identify_in_frame cam=2: 0 face(s) detected, 2 track(s)
2026-04-22 12:16:15 | INFO     | app.recognition.face_recognizer:105 - identify_in_frame cam=2: 0 face(s) detected, 2 track(s)
2026-04-22 12:16:17 | INFO     | app.recognition.face_recognizer:105 - identify_in_frame cam=2: 0 face(s) detected, 1 track(s)
2026-04-22 12:16:17 | INFO     | app.recognition.face_recognizer:105 - identify_in_frame cam=2: 0 face(s) detected, 4 track(s)
2026-04-22 12:16:18 | INFO     | app.recognition.face_recognizer:105 - identify_in_frame cam=3: 1 face(s) detected, 3 track(s)
2026-04-22 12:16:22 | INFO     | app.recognition.face_recognizer:105 - identify_in_frame cam=2: 0 face(s) detected, 1 track(s)
2026-04-22 12:16:22 | INFO     | app.recognition.face_recognizer:105 - identify_in_frame cam=3: 1 face(s) detected, 2 track(s)
2026-04-22 12:16:25 | INFO     | app.pipeline.processing_pipeline:523 - Pipeline cam=3: 2.4 fps actual
2026-04-22 12:16:25 | INFO     | app.pipeline.processing_pipeline:523 - Pipeline cam=2: 2.5 fps actual
2026-04-22 12:16:25 | INFO     | app.recognition.face_recognizer:105 - identify_in_frame cam=2: 0 face(s) detected, 1 track(s)
2026-04-22 12:16:28 | INFO     | app.recognition.face_recognizer:105 - identify_in_frame cam=2: 0 face(s) detected, 1 track(s)
2026-04-22 12:16:32 | INFO     | app.recognition.face_recognizer:105 - identify_in_frame cam=2: 0 face(s) detected, 1 track(s)
2026-04-22 12:16:35 | INFO     | app.pipeline.processing_pipeline:523 - Pipeline cam=2: 2.8 fps actual
2026-04-22 12:16:35 | INFO     | app.recognition.face_recognizer:105 - identify_in_frame cam=2: 0 face(s) detected, 1 track(s)
2026-04-22 12:16:37 | INFO     | app.pipeline.processing_pipeline:523 - Pipeline cam=3: 2.4 fps actual
2026-04-22 12:16:39 | INFO     | app.recognition.face_recognizer:105 - identify_in_frame cam=2: 0 face(s) detected, 1 track(s)
2026-04-22 12:16:46 | INFO     | app.pipeline.processing_pipeline:523 - Pipeline cam=2: 2.9 fps actual
2026-04-22 12:16:48 | INFO     | app.pipeline.processing_pipeline:523 - Pipeline cam=3: 2.7 fps actual
2026-04-22 12:18:25 | WARNING  | app.camera.camera_manager:69 - Camera 3 lost connection. Reconnecting...
2026-04-22 12:18:25 | WARNING  | app.camera.camera_manager:69 - Camera 2 lost connection. Reconnecting...
2026-04-22 12:18:55 | WARNING  | app.camera.camera_manager:56 - Camera 3 failed to open. Retrying in 2s...
2026-04-22 12:18:56 | INFO     | app.camera.camera_manager:64 - Camera 2 connected
2026-04-22 12:18:58 | INFO     | app.pipeline.processing_pipeline:523 - Pipeline cam=2: 0.2 fps actual
2026-04-22 12:18:58 | INFO     | app.recognition.face_recognizer:105 - identify_in_frame cam=2: 0 face(s) detected, 1 track(s)
2026-04-22 12:18:59 | INFO     | app.camera.camera_manager:64 - Camera 3 connected
2026-04-22 12:18:59 | INFO     | app.recognition.face_recognizer:105 - identify_in_frame cam=2: 0 face(s) detected, 1 track(s)
2026-04-22 12:19:00 | INFO     | app.recognition.face_recognizer:105 - identify_in_frame cam=2: 0 face(s) detected, 1 track(s)
2026-04-22 12:19:01 | INFO     | app.recognition.face_recognizer:105 - identify_in_frame cam=2: 0 face(s) detected, 1 track(s)
2026-04-22 12:19:06 | INFO     | app.recognition.face_recognizer:105 - identify_in_frame cam=2: 1 face(s) detected, 1 track(s)
2026-04-22 12:19:06 | INFO     | app.recognition.face_recognizer:204 -   face→track 41: best_id=1015 score=0.0967 (high>=0.5 verified>=0.42 med>=0.37)
2026-04-22 12:19:08 | INFO     | app.pipeline.processing_pipeline:523 - Pipeline cam=3: 0.2 fps actual
2026-04-22 12:19:11 | INFO     | app.pipeline.processing_pipeline:523 - Pipeline cam=2: 2.3 fps actual
2026-04-22 12:19:11 | INFO     | app.recognition.face_recognizer:105 - identify_in_frame cam=2: 0 face(s) detected, 1 track(s)
2026-04-22 12:19:15 | INFO     | app.recognition.face_recognizer:105 - identify_in_frame cam=2: 0 face(s) detected, 1 track(s)
2026-04-22 12:19:18 | INFO     | app.recognition.face_recognizer:105 - identify_in_frame cam=2: 0 face(s) detected, 1 track(s)
2026-04-22 12:20:52 | WARNING  | app.camera.camera_manager:69 - Camera 3 lost connection. Reconnecting...
2026-04-22 12:20:52 | WARNING  | app.camera.camera_manager:69 - Camera 2 lost connection. Reconnecting...
2026-04-22 12:21:22 | WARNING  | app.camera.camera_manager:56 - Camera 3 failed to open. Retrying in 2s...
2026-04-22 12:21:52 | WARNING  | app.camera.camera_manager:56 - Camera 2 failed to open. Retrying in 2s...
2026-04-22 12:22:22 | WARNING  | app.camera.camera_manager:56 - Camera 3 failed to open. Retrying in 4s...
2026-04-22 12:22:52 | WARNING  | app.camera.camera_manager:56 - Camera 2 failed to open. Retrying in 4s...
2026-04-22 12:23:22 | WARNING  | app.camera.camera_manager:56 - Camera 3 failed to open. Retrying in 8s...
2026-04-22 12:23:52 | WARNING  | app.camera.camera_manager:56 - Camera 2 failed to open. Retrying in 8s...
2026-04-22 12:23:56 | INFO     | app.camera.camera_manager:64 - Camera 3 connected
2026-04-22 12:23:58 | INFO     | app.pipeline.processing_pipeline:523 - Pipeline cam=3: 0.1 fps actual
2026-04-22 12:24:02 | INFO     | app.camera.camera_manager:64 - Camera 2 connected
2026-04-22 12:24:02 | INFO     | app.pipeline.processing_pipeline:523 - Pipeline cam=2: 0.1 fps actual
2026-04-22 12:24:09 | INFO     | app.pipeline.processing_pipeline:523 - Pipeline cam=3: 2.8 fps actual
2026-04-22 12:24:12 | INFO     | app.recognition.face_recognizer:105 - identify_in_frame cam=3: 1 face(s) detected, 1 track(s)
2026-04-22 12:24:12 | INFO     | app.recognition.face_recognizer:204 -   face→track 20: best_id=1024 score=0.1439 (high>=0.5 verified>=0.42 med>=0.37)
2026-04-22 12:24:13 | INFO     | app.recognition.face_recognizer:105 - identify_in_frame cam=3: 1 face(s) detected, 1 track(s)
2026-04-22 12:24:13 | INFO     | app.recognition.face_recognizer:204 -   face→track 20: best_id=1016 score=0.1053 (high>=0.5 verified>=0.42 med>=0.37)
2026-04-22 12:24:14 | INFO     | app.recognition.face_recognizer:105 - identify_in_frame cam=3: 0 face(s) detected, 1 track(s)
2026-04-22 12:24:14 | INFO     | app.pipeline.processing_pipeline:523 - Pipeline cam=2: 2.5 fps actual
2026-04-22 12:24:15 | INFO     | app.recognition.face_recognizer:105 - identify_in_frame cam=3: 0 face(s) detected, 1 track(s)
2026-04-22 12:24:16 | INFO     | app.recognition.face_recognizer:105 - identify_in_frame cam=3: 0 face(s) detected, 1 track(s)
2026-04-22 12:24:17 | INFO     | app.recognition.face_recognizer:105 - identify_in_frame cam=3: 2 face(s) detected, 1 track(s)
2026-04-22 12:24:17 | INFO     | app.recognition.face_recognizer:204 -   face→track 21: best_id=1024 score=0.1076 (high>=0.5 verified>=0.42 med>=0.37)
2026-04-22 12:24:17 | INFO     | app.recognition.face_recognizer:172 -   face bbox=(390,268,423,295) — no track within 400px
2026-04-22 12:24:17 | INFO     | app.recognition.face_recognizer:105 - identify_in_frame cam=3: 1 face(s) detected, 1 track(s)
2026-04-22 12:24:17 | INFO     | app.recognition.face_recognizer:204 -   face→track 21: best_id=1016 score=0.0926 (high>=0.5 verified>=0.42 med>=0.37)
2026-04-22 12:24:19 | INFO     | app.pipeline.processing_pipeline:523 - Pipeline cam=3: 3.0 fps actual
2026-04-22 12:24:19 | INFO     | app.recognition.face_recognizer:105 - identify_in_frame cam=3: 1 face(s) detected, 2 track(s)
2026-04-22 12:24:19 | INFO     | app.recognition.face_recognizer:204 -   face→track 21: best_id=1023 score=0.0889 (high>=0.5 verified>=0.42 med>=0.37)
2026-04-22 12:24:22 | INFO     | app.recognition.face_recognizer:105 - identify_in_frame cam=3: 1 face(s) detected, 2 track(s)
2026-04-22 12:24:22 | INFO     | app.recognition.face_recognizer:204 -   face→track 21: best_id=1024 score=0.1168 (high>=0.5 verified>=0.42 med>=0.37)
2026-04-22 12:24:25 | INFO     | app.recognition.face_recognizer:105 - identify_in_frame cam=3: 1 face(s) detected, 1 track(s)
2026-04-22 12:24:25 | INFO     | app.recognition.face_recognizer:204 -   face→track 21: best_id=8 score=0.0695 (high>=0.5 verified>=0.42 med>=0.37)
2026-04-22 12:24:27 | INFO     | app.pipeline.processing_pipeline:523 - Pipeline cam=2: 2.4 fps actual
2026-04-22 12:24:29 | INFO     | app.pipeline.processing_pipeline:523 - Pipeline cam=3: 2.8 fps actual
2026-04-22 12:24:30 | INFO     | app.recognition.face_recognizer:105 - identify_in_frame cam=3: 0 face(s) detected, 2 track(s)
2026-04-22 12:24:32 | INFO     | app.recognition.face_recognizer:105 - identify_in_frame cam=3: 0 face(s) detected, 1 track(s)
2026-04-22 12:24:34 | INFO     | app.recognition.face_recognizer:105 - identify_in_frame cam=3: 0 face(s) detected, 1 track(s)
2026-04-22 12:24:35 | INFO     | app.recognition.face_recognizer:105 - identify_in_frame cam=3: 0 face(s) detected, 2 track(s)
2026-04-22 12:24:38 | INFO     | app.recognition.face_recognizer:105 - identify_in_frame cam=3: 1 face(s) detected, 1 track(s)
2026-04-22 12:24:39 | INFO     | app.recognition.face_recognizer:105 - identify_in_frame cam=2: 0 face(s) detected, 1 track(s)
2026-04-22 12:24:40 | INFO     | app.pipeline.processing_pipeline:523 - Pipeline cam=2: 2.3 fps actual
2026-04-22 12:24:40 | INFO     | app.recognition.face_recognizer:105 - identify_in_frame cam=2: 1 face(s) detected, 1 track(s)
2026-04-22 12:24:41 | INFO     | app.recognition.face_recognizer:105 - identify_in_frame cam=3: 0 face(s) detected, 2 track(s)
2026-04-22 12:24:41 | INFO     | app.recognition.face_recognizer:105 - identify_in_frame cam=2: 1 face(s) detected, 1 track(s)
2026-04-22 12:24:42 | INFO     | app.recognition.face_recognizer:105 - identify_in_frame cam=3: 0 face(s) detected, 2 track(s)
2026-04-22 12:24:43 | INFO     | app.recognition.face_recognizer:105 - identify_in_frame cam=3: 0 face(s) detected, 2 track(s)
2026-04-22 12:24:43 | INFO     | app.recognition.face_recognizer:105 - identify_in_frame cam=2: 1 face(s) detected, 1 track(s)
2026-04-22 12:24:44 | INFO     | app.recognition.face_recognizer:105 - identify_in_frame cam=2: 0 face(s) detected, 1 track(s)
2026-04-22 12:24:45 | INFO     | app.recognition.face_recognizer:105 - identify_in_frame cam=2: 1 face(s) detected, 1 track(s)
2026-04-22 12:24:45 | INFO     | app.recognition.face_recognizer:105 - identify_in_frame cam=3: 0 face(s) detected, 1 track(s)
2026-04-22 12:24:46 | INFO     | app.recognition.face_recognizer:105 - identify_in_frame cam=2: 0 face(s) detected, 1 track(s)
2026-04-22 12:24:47 | INFO     | app.pipeline.processing_pipeline:523 - Pipeline cam=3: 1.7 fps actual
2026-04-22 12:24:47 | INFO     | app.recognition.face_recognizer:105 - identify_in_frame cam=3: 0 face(s) detected, 4 track(s)
2026-04-22 12:24:49 | INFO     | app.recognition.face_recognizer:105 - identify_in_frame cam=2: 1 face(s) detected, 2 track(s)
2026-04-22 12:24:51 | INFO     | app.recognition.face_recognizer:105 - identify_in_frame cam=3: 0 face(s) detected, 2 track(s)
2026-04-22 12:24:53 | INFO     | app.pipeline.processing_pipeline:523 - Pipeline cam=2: 2.2 fps actual
2026-04-22 12:24:54 | INFO     | app.recognition.face_recognizer:105 - identify_in_frame cam=2: 1 face(s) detected, 2 track(s)
2026-04-22 12:24:54 | INFO     | app.recognition.face_recognizer:204 -   face→track 43: best_id=1025 score=0.1930 (high>=0.5 verified>=0.42 med>=0.37)
2026-04-22 12:24:57 | INFO     | app.recognition.face_recognizer:105 - identify_in_frame cam=2: 1 face(s) detected, 1 track(s)
2026-04-22 12:24:57 | INFO     | app.recognition.face_recognizer:204 -   face→track 43: best_id=1025 score=0.2189 (high>=0.5 verified>=0.42 med>=0.37)
2026-04-22 12:24:58 | INFO     | app.pipeline.processing_pipeline:523 - Pipeline cam=3: 2.7 fps actual
2026-04-22 12:25:01 | INFO     | app.recognition.face_recognizer:105 - identify_in_frame cam=2: 0 face(s) detected, 1 track(s)
2026-04-22 12:25:05 | INFO     | app.recognition.face_recognizer:105 - identify_in_frame cam=2: 0 face(s) detected, 1 track(s)
2026-04-22 12:25:06 | INFO     | app.pipeline.processing_pipeline:523 - Pipeline cam=2: 2.4 fps actual
2026-04-22 12:25:06 | INFO     | app.recognition.face_recognizer:105 - identify_in_frame cam=2: 0 face(s) detected, 2 track(s)
2026-04-22 12:25:07 | INFO     | app.recognition.face_recognizer:105 - identify_in_frame cam=2: 0 face(s) detected, 1 track(s)
2026-04-22 12:25:10 | INFO     | app.recognition.face_recognizer:105 - identify_in_frame cam=2: 0 face(s) detected, 2 track(s)
2026-04-22 12:25:10 | INFO     | app.pipeline.processing_pipeline:523 - Pipeline cam=3: 2.5 fps actual
2026-04-22 12:25:13 | INFO     | app.recognition.face_recognizer:105 - identify_in_frame cam=2: 1 face(s) detected, 1 track(s)
2026-04-22 12:25:14 | INFO     | app.recognition.face_recognizer:105 - identify_in_frame cam=2: 1 face(s) detected, 1 track(s)
2026-04-22 12:25:15 | INFO     | app.recognition.face_recognizer:105 - identify_in_frame cam=2: 1 face(s) detected, 1 track(s)
2026-04-22 12:25:16 | INFO     | app.recognition.face_recognizer:105 - identify_in_frame cam=2: 1 face(s) detected, 1 track(s)
2026-04-22 12:25:19 | INFO     | app.recognition.face_recognizer:105 - identify_in_frame cam=3: 2 face(s) detected, 1 track(s)
2026-04-22 12:25:19 | INFO     | app.pipeline.processing_pipeline:523 - Pipeline cam=2: 2.3 fps actual
2026-04-22 12:25:19 | INFO     | app.recognition.face_recognizer:105 - identify_in_frame cam=2: 0 face(s) detected, 2 track(s)
2026-04-22 12:25:20 | INFO     | app.recognition.face_recognizer:105 - identify_in_frame cam=3: 2 face(s) detected, 1 track(s)
2026-04-22 12:25:20 | INFO     | app.recognition.face_recognizer:204 -   face→track 25: best_id=1025 score=0.1554 (high>=0.5 verified>=0.42 med>=0.37)
2026-04-22 12:25:20 | INFO     | app.recognition.face_recognizer:172 -   face bbox=(324,271,347,295) — no track within 400px
2026-04-22 12:25:21 | INFO     | app.recognition.face_recognizer:105 - identify_in_frame cam=3: 2 face(s) detected, 1 track(s)
2026-04-22 12:25:22 | INFO     | app.pipeline.processing_pipeline:523 - Pipeline cam=3: 2.5 fps actual
2026-04-22 12:25:22 | INFO     | app.recognition.face_recognizer:105 - identify_in_frame cam=3: 0 face(s) detected, 1 track(s)
2026-04-22 12:25:24 | INFO     | app.recognition.face_recognizer:105 - identify_in_frame cam=2: 0 face(s) detected, 2 track(s)
2026-04-22 12:25:25 | INFO     | app.recognition.face_recognizer:105 - identify_in_frame cam=3: 2 face(s) detected, 1 track(s)
2026-04-22 12:25:28 | INFO     | app.recognition.face_recognizer:105 - identify_in_frame cam=2: 0 face(s) detected, 2 track(s)
2026-04-22 12:25:30 | INFO     | app.recognition.face_recognizer:105 - identify_in_frame cam=3: 1 face(s) detected, 1 track(s)
2026-04-22 12:25:33 | INFO     | app.pipeline.processing_pipeline:523 - Pipeline cam=2: 2.2 fps actual
2026-04-22 12:25:33 | INFO     | app.pipeline.processing_pipeline:523 - Pipeline cam=3: 2.7 fps actual
2026-04-22 12:25:34 | INFO     | app.recognition.face_recognizer:105 - identify_in_frame cam=3: 2 face(s) detected, 1 track(s)
2026-04-22 12:25:34 | INFO     | app.recognition.face_recognizer:204 -   face→track 25: best_id=1002 score=0.1238 (high>=0.5 verified>=0.42 med>=0.37)
2026-04-22 12:25:35 | INFO     | app.recognition.face_recognizer:105 - identify_in_frame cam=3: 0 face(s) detected, 1 track(s)
2026-04-22 12:25:36 | INFO     | app.recognition.face_recognizer:105 - identify_in_frame cam=3: 0 face(s) detected, 1 track(s)
2026-04-22 12:25:37 | INFO     | app.recognition.face_recognizer:105 - identify_in_frame cam=3: 0 face(s) detected, 1 track(s)
2026-04-22 12:25:37 | INFO     | app.recognition.face_recognizer:105 - identify_in_frame cam=3: 0 face(s) detected, 2 track(s)
2026-04-22 12:25:40 | INFO     | app.recognition.face_recognizer:105 - identify_in_frame cam=3: 0 face(s) detected, 2 track(s)
2026-04-22 12:25:44 | INFO     | app.pipeline.processing_pipeline:523 - Pipeline cam=2: 2.7 fps actual
2026-04-22 12:25:46 | INFO     | app.pipeline.processing_pipeline:523 - Pipeline cam=3: 2.4 fps actual
2026-04-22 12:25:46 | INFO     | app.recognition.face_recognizer:105 - identify_in_frame cam=3: 1 face(s) detected, 1 track(s)
2026-04-22 12:25:48 | INFO     | app.api.ws:51 - WS: client connected (1 total)
2026-04-22 12:25:49 | INFO     | app.recognition.face_recognizer:105 - identify_in_frame cam=3: 0 face(s) detected, 1 track(s)
2026-04-22 12:25:50 | INFO     | app.recognition.face_recognizer:105 - identify_in_frame cam=3: 0 face(s) detected, 2 track(s)
2026-04-22 12:25:51 | INFO     | app.recognition.face_recognizer:105 - identify_in_frame cam=3: 0 face(s) detected, 2 track(s)
2026-04-22 12:25:53 | INFO     | app.recognition.face_recognizer:105 - identify_in_frame cam=3: 1 face(s) detected, 2 track(s)
2026-04-22 12:25:53 | INFO     | app.api.ws:56 - WS: client disconnected (0 remaining)
2026-04-22 12:25:54 | INFO     | app.recognition.face_recognizer:105 - identify_in_frame cam=3: 2 face(s) detected, 3 track(s)
2026-04-22 12:25:55 | INFO     | app.pipeline.processing_pipeline:523 - Pipeline cam=2: 2.6 fps actual
2026-04-22 12:25:58 | INFO     | app.pipeline.processing_pipeline:523 - Pipeline cam=3: 2.4 fps actual
2026-04-22 12:25:59 | INFO     | app.recognition.face_recognizer:105 - identify_in_frame cam=3: 1 face(s) detected, 3 track(s)
2026-04-22 12:26:02 | INFO     | app.recognition.face_recognizer:105 - identify_in_frame cam=3: 0 face(s) detected, 3 track(s)
2026-04-22 12:26:06 | INFO     | app.recognition.face_recognizer:105 - identify_in_frame cam=3: 0 face(s) detected, 1 track(s)
2026-04-22 12:26:06 | INFO     | app.api.ws:51 - WS: client connected (1 total)
2026-04-22 12:26:07 | INFO     | app.pipeline.processing_pipeline:523 - Pipeline cam=2: 2.7 fps actual
2026-04-22 12:26:07 | INFO     | app.api.ws:56 - WS: client disconnected (0 remaining)
2026-04-22 12:26:10 | INFO     | app.pipeline.processing_pipeline:523 - Pipeline cam=3: 2.6 fps actual
2026-04-22 12:26:17 | INFO     | app.pipeline.processing_pipeline:523 - Pipeline cam=2: 2.9 fps actual
2026-04-22 12:26:19 | INFO     | app.pipeline.processing_pipeline:523 - Pipeline cam=3: 3.3 fps actual
2026-04-22 12:26:22 | INFO     | app.recognition.face_recognizer:105 - identify_in_frame cam=3: 0 face(s) detected, 1 track(s)
2026-04-22 12:26:23 | INFO     | app.recognition.face_recognizer:105 - identify_in_frame cam=2: 0 face(s) detected, 1 track(s)
2026-04-22 12:26:24 | INFO     | app.recognition.face_recognizer:105 - identify_in_frame cam=3: 0 face(s) detected, 1 track(s)
2026-04-22 12:26:24 | INFO     | app.recognition.face_recognizer:105 - identify_in_frame cam=2: 0 face(s) detected, 1 track(s)
2026-04-22 12:26:25 | INFO     | app.recognition.face_recognizer:105 - identify_in_frame cam=2: 0 face(s) detected, 1 track(s)
2026-04-22 12:26:25 | INFO     | app.recognition.face_recognizer:105 - identify_in_frame cam=3: 0 face(s) detected, 1 track(s)
2026-04-22 12:26:27 | INFO     | app.recognition.face_recognizer:105 - identify_in_frame cam=3: 0 face(s) detected, 1 track(s)
2026-04-22 12:26:27 | INFO     | app.pipeline.processing_pipeline:523 - Pipeline cam=2: 3.0 fps actual
2026-04-22 12:26:27 | INFO     | app.recognition.face_recognizer:105 - identify_in_frame cam=2: 1 face(s) detected, 1 track(s)
2026-04-22 12:26:28 | INFO     | app.recognition.face_recognizer:105 - identify_in_frame cam=3: 0 face(s) detected, 1 track(s)
2026-04-22 12:26:29 | INFO     | app.recognition.face_recognizer:105 - identify_in_frame cam=3: 0 face(s) detected, 1 track(s)
2026-04-22 12:26:31 | INFO     | app.recognition.face_recognizer:105 - identify_in_frame cam=3: 0 face(s) detected, 1 track(s)
2026-04-22 12:26:31 | INFO     | app.recognition.face_recognizer:105 - identify_in_frame cam=2: 0 face(s) detected, 1 track(s)
2026-04-22 12:26:33 | INFO     | app.pipeline.processing_pipeline:523 - Pipeline cam=3: 2.2 fps actual
2026-04-22 12:26:33 | INFO     | app.recognition.face_recognizer:105 - identify_in_frame cam=3: 0 face(s) detected, 2 track(s)
2026-04-22 12:26:34 | INFO     | app.recognition.face_recognizer:105 - identify_in_frame cam=2: 1 face(s) detected, 1 track(s)
2026-04-22 12:26:38 | INFO     | app.recognition.face_recognizer:105 - identify_in_frame cam=3: 0 face(s) detected, 2 track(s)
2026-04-22 12:26:39 | INFO     | app.pipeline.processing_pipeline:523 - Pipeline cam=2: 2.5 fps actual
2026-04-22 12:26:39 | INFO     | app.recognition.face_recognizer:105 - identify_in_frame cam=2: 1 face(s) detected, 1 track(s)
2026-04-22 12:26:41 | INFO     | app.recognition.face_recognizer:105 - identify_in_frame cam=3: 0 face(s) detected, 1 track(s)
2026-04-22 12:26:42 | INFO     | app.recognition.face_recognizer:105 - identify_in_frame cam=2: 0 face(s) detected, 1 track(s)
2026-04-22 12:26:43 | INFO     | app.recognition.face_recognizer:105 - identify_in_frame cam=2: 2 face(s) detected, 1 track(s)
2026-04-22 12:26:43 | INFO     | app.recognition.face_recognizer:204 -   face→track 48: best_id=1023 score=0.1061 (high>=0.5 verified>=0.42 med>=0.37)
2026-04-22 12:26:44 | INFO     | app.recognition.face_recognizer:105 - identify_in_frame cam=2: 0 face(s) detected, 3 track(s)
2026-04-22 12:26:45 | INFO     | app.recognition.face_recognizer:105 - identify_in_frame cam=2: 0 face(s) detected, 4 track(s)
2026-04-22 12:26:46 | INFO     | app.recognition.face_recognizer:105 - identify_in_frame cam=2: 1 face(s) detected, 2 track(s)
2026-04-22 12:26:47 | INFO     | app.recognition.face_recognizer:105 - identify_in_frame cam=2: 1 face(s) detected, 4 track(s)
2026-04-22 12:26:48 | INFO     | app.pipeline.processing_pipeline:523 - Pipeline cam=3: 2.0 fps actual
2026-04-22 12:26:49 | INFO     | app.recognition.face_recognizer:105 - identify_in_frame cam=2: 2 face(s) detected, 4 track(s)
2026-04-22 12:26:50 | INFO     | app.recognition.face_recognizer:105 - identify_in_frame cam=2: 0 face(s) detected, 3 track(s)
2026-04-22 12:26:51 | INFO     | app.pipeline.processing_pipeline:523 - Pipeline cam=2: 2.4 fps actual
2026-04-22 12:26:52 | INFO     | app.recognition.face_recognizer:105 - identify_in_frame cam=2: 0 face(s) detected, 6 track(s)
2026-04-22 12:26:54 | INFO     | app.recognition.face_recognizer:105 - identify_in_frame cam=3: 0 face(s) detected, 2 track(s)
2026-04-22 12:26:56 | INFO     | app.recognition.face_recognizer:105 - identify_in_frame cam=3: 0 face(s) detected, 2 track(s)
2026-04-22 12:26:56 | INFO     | app.recognition.face_recognizer:105 - identify_in_frame cam=2: 0 face(s) detected, 6 track(s)
2026-04-22 12:26:57 | INFO     | app.recognition.face_recognizer:105 - identify_in_frame cam=3: 0 face(s) detected, 2 track(s)
2026-04-22 12:28:28 | WARNING  | app.camera.camera_manager:69 - Camera 2 lost connection. Reconnecting...
2026-04-22 12:28:28 | WARNING  | app.camera.camera_manager:69 - Camera 3 lost connection. Reconnecting...
2026-04-22 12:28:58 | WARNING  | app.camera.camera_manager:56 - Camera 3 failed to open. Retrying in 2s...
2026-04-22 12:28:59 | INFO     | app.camera.camera_manager:64 - Camera 2 connected
2026-04-22 12:29:01 | INFO     | app.recognition.face_recognizer:105 - identify_in_frame cam=2: 1 face(s) detected, 4 track(s)
2026-04-22 12:29:02 | INFO     | app.camera.camera_manager:64 - Camera 3 connected
2026-04-22 12:29:02 | INFO     | app.recognition.face_recognizer:105 - identify_in_frame cam=3: 2 face(s) detected, 2 track(s)
2026-04-22 12:29:02 | INFO     | app.recognition.face_recognizer:204 -   face→track 31: best_id=1024 score=0.1280 (high>=0.5 verified>=0.42 med>=0.37)
2026-04-22 12:29:02 | INFO     | app.recognition.face_recognizer:204 -   face→track 32: best_id=1010 score=0.1110 (high>=0.5 verified>=0.42 med>=0.37)
2026-04-22 12:29:03 | INFO     | app.recognition.face_recognizer:105 - identify_in_frame cam=3: 0 face(s) detected, 1 track(s)
2026-04-22 12:29:04 | INFO     | app.recognition.face_recognizer:105 - identify_in_frame cam=3: 0 face(s) detected, 1 track(s)
2026-04-22 12:29:05 | INFO     | app.pipeline.processing_pipeline:523 - Pipeline cam=3: 0.2 fps actual
2026-04-22 12:29:06 | INFO     | app.recognition.face_recognizer:105 - identify_in_frame cam=3: 2 face(s) detected, 3 track(s)
2026-04-22 12:29:06 | INFO     | app.recognition.face_recognizer:204 -   face→track 31: best_id=1024 score=0.1244 (high>=0.5 verified>=0.42 med>=0.37)
2026-04-22 12:29:06 | INFO     | app.recognition.face_recognizer:204 -   face→track 33: best_id=1015 score=0.1078 (high>=0.5 verified>=0.42 med>=0.37)
2026-04-22 12:29:06 | INFO     | app.pipeline.processing_pipeline:523 - Pipeline cam=2: 0.2 fps actual
2026-04-22 12:29:06 | INFO     | app.recognition.face_recognizer:105 - identify_in_frame cam=2: 1 face(s) detected, 3 track(s)
2026-04-22 12:29:11 | INFO     | app.recognition.face_recognizer:105 - identify_in_frame cam=3: 2 face(s) detected, 1 track(s)
2026-04-22 12:29:11 | INFO     | app.recognition.face_recognizer:204 -   face→track 34: best_id=1011 score=0.1605 (high>=0.5 verified>=0.42 med>=0.37)
2026-04-22 12:29:11 | INFO     | app.recognition.face_recognizer:105 - identify_in_frame cam=3: 0 face(s) detected, 1 track(s)
2026-04-22 12:29:12 | INFO     | app.recognition.face_recognizer:105 - identify_in_frame cam=3: 1 face(s) detected, 2 track(s)
2026-04-22 12:29:14 | INFO     | app.recognition.face_recognizer:105 - identify_in_frame cam=3: 1 face(s) detected, 1 track(s)
2026-04-22 12:29:15 | INFO     | app.recognition.face_recognizer:105 - identify_in_frame cam=2: 1 face(s) detected, 3 track(s)
2026-04-22 12:29:17 | INFO     | app.recognition.face_recognizer:105 - identify_in_frame cam=2: 1 face(s) detected, 2 track(s)
2026-04-22 12:29:18 | INFO     | app.recognition.face_recognizer:105 - identify_in_frame cam=2: 1 face(s) detected, 2 track(s)
2026-04-22 12:29:19 | INFO     | app.recognition.face_recognizer:105 - identify_in_frame cam=2: 1 face(s) detected, 2 track(s)
2026-04-22 12:29:20 | INFO     | app.recognition.face_recognizer:105 - identify_in_frame cam=2: 1 face(s) detected, 5 track(s)
2026-04-22 12:29:22 | INFO     | app.recognition.face_recognizer:105 - identify_in_frame cam=3: 1 face(s) detected, 3 track(s)
2026-04-22 12:29:25 | INFO     | app.pipeline.processing_pipeline:523 - Pipeline cam=2: 1.6 fps actual
2026-04-22 12:29:25 | INFO     | app.recognition.face_recognizer:105 - identify_in_frame cam=2: 1 face(s) detected, 5 track(s)
2026-04-22 12:29:27 | INFO     | app.pipeline.processing_pipeline:523 - Pipeline cam=3: 1.4 fps actual
2026-04-22 12:29:27 | INFO     | app.recognition.face_recognizer:105 - identify_in_frame cam=3: 2 face(s) detected, 2 track(s)
2026-04-22 12:29:30 | INFO     | app.recognition.face_recognizer:105 - identify_in_frame cam=2: 1 face(s) detected, 3 track(s)
2026-04-22 12:39:20 | INFO     | app.main:26 - Starting Smart Employee Monitoring System
2026-04-22 12:39:20 | INFO     | app.main:29 - Loading InsightFace engine (may download model on first run)...
2026-04-22 12:39:24 | INFO     | app.recognition.insightface_engine:46 - InsightFaceEngine loaded model 'buffalo_l'
2026-04-22 12:39:25 | INFO     | app.recognition.deepface_engine:35 - FaceNetEngine (facenet-pytorch) loaded — VGGFace2 pretrained
2026-04-22 12:39:25 | INFO     | app.recognition.embedding_store:46 - EmbeddingStore: loaded 29 employee(s), 88 photo(s) from data\embeddings.pkl
2026-04-22 12:39:25 | INFO     | app.main:45 - Face recognition ready — 29 embedding(s) loaded from store
2026-04-22 12:39:25 | INFO     | app.main:52 - OSNet ReID engine initialized (model loads lazily on first use)
2026-04-22 12:39:36 | ERROR    | app.database.connection:74 - DB: connection test failed — ('08001', '[08001] [Microsoft][ODBC Driver 17 for SQL Server]Named Pipes Provider: Could not open a connection to SQL Server [2].  (2) (SQLDriverConnect); [08001] [Microsoft][ODBC Driver 17 for SQL Server]Login timeout expired (0); [08001] [Microsoft][ODBC Driver 17 for SQL Server]A network-related or instance-specific error has occurred while establishing a connection to SQL Server. Server is not found or not accessible. Check if instance name is correct and if SQL Server is configured to allow remote connections. For more information see SQL Server Books Online. (2)')
2026-04-22 12:39:36 | WARNING  | app.main:93 - DB: DATABASE_URL set but connection failed — running in-memory only
2026-04-22 12:39:36 | INFO     | app.main:100 - WS: event loop registered for thread-safe broadcast
2026-04-22 12:39:36 | INFO     | app.main:119 - AutoCheckout scheduler started (runs every 60s, threshold=20min)
2026-04-22 12:39:36 | INFO     | app.services.alert_service:102 - AlertService worker started (checks every 60s)
2026-04-22 12:39:36 | INFO     | app.main:132 - No cameras registered yet — add via POST /api/v1/cameras
2026-04-22 12:53:19 | INFO     | app.api.ws:51 - WS: client connected (1 total)
2026-04-22 12:53:20 | INFO     | app.api.ws:56 - WS: client disconnected (0 remaining)
2026-04-22 12:53:26 | INFO     | app.api.ws:51 - WS: client connected (1 total)
2026-04-22 12:53:26 | INFO     | app.api.ws:56 - WS: client disconnected (0 remaining)
2026-04-22 14:45:43 | INFO     | app.api.ws:51 - WS: client connected (1 total)
2026-04-22 14:45:44 | INFO     | app.api.ws:56 - WS: client disconnected (0 remaining)
2026-04-22 14:46:05 | INFO     | app.api.ws:51 - WS: client connected (1 total)
2026-04-22 14:46:05 | INFO     | app.api.ws:56 - WS: client disconnected (0 remaining)
2026-04-22 14:46:33 | INFO     | app.main:137 - Shutting down pipelines and camera threads...
2026-04-22 14:46:33 | INFO     | app.camera.camera_manager:123 - All camera threads stopped
2026-04-22 14:46:33 | INFO     | app.main:140 - Shutdown complete
2026-04-22 14:46:50 | INFO     | app.main:26 - Starting Smart Employee Monitoring System
2026-04-22 14:46:50 | INFO     | app.main:29 - Loading InsightFace engine (may download model on first run)...
2026-04-22 14:46:53 | INFO     | app.recognition.insightface_engine:46 - InsightFaceEngine loaded model 'buffalo_l'
2026-04-22 14:46:53 | INFO     | app.recognition.deepface_engine:35 - FaceNetEngine (facenet-pytorch) loaded — VGGFace2 pretrained
2026-04-22 14:46:53 | INFO     | app.recognition.embedding_store:46 - EmbeddingStore: loaded 29 employee(s), 88 photo(s) from data\embeddings.pkl
2026-04-22 14:46:53 | INFO     | app.main:45 - Face recognition ready — 29 embedding(s) loaded from store
2026-04-22 14:46:53 | INFO     | app.main:52 - OSNet ReID engine initialized (model loads lazily on first use)
2026-04-22 14:46:53 | INFO     | app.main:58 - DB: connected to MS SQL Server
2026-04-22 14:46:53 | INFO     | app.database.init_db:128 - DB: table 'employees' ready
2026-04-22 14:46:53 | INFO     | app.database.init_db:128 - DB: table 'cameras' ready
2026-04-22 14:46:53 | INFO     | app.database.init_db:128 - DB: table 'face_embeddings' ready
2026-04-22 14:46:53 | INFO     | app.database.init_db:128 - DB: table 'attendance_logs' ready
2026-04-22 14:46:53 | INFO     | app.database.init_db:128 - DB: table 'break_logs' ready
2026-04-22 14:46:53 | INFO     | app.database.init_db:128 - DB: table 'movement_logs' ready
2026-04-22 14:46:54 | INFO     | app.database.init_db:133 - DB: all tables initialized
2026-04-22 14:46:54 | INFO     | app.main:87 - DB: loaded 31 employee(s) and 4 camera(s) from SQL Server
2026-04-22 14:46:54 | INFO     | app.main:91 - Storage mode: SQL Server (Phase 5)
2026-04-22 14:46:54 | INFO     | app.main:100 - WS: event loop registered for thread-safe broadcast
2026-04-22 14:46:54 | INFO     | app.main:119 - AutoCheckout scheduler started (runs every 60s, threshold=20min)
2026-04-22 14:46:54 | INFO     | app.services.alert_service:102 - AlertService worker started (checks every 60s)
2026-04-22 14:46:54 | INFO     | app.main:128 - Starting 4 camera thread(s) and pipeline(s)...
2026-04-22 14:46:54 | INFO     | app.camera.camera_manager:49 - Camera 2 (entry) starting — source: rtsp://admin:admin123@115.246.61.35:8082/cam/realmonitor?channel=1&subtype=0
2026-04-22 14:46:54 | INFO     | app.camera.camera_manager:49 - Camera 3 (exit) starting — source: rtsp://admin:admin123@115.246.61.35:8081/cam/realmonitor?channel=1&subtype=0
2026-04-22 14:46:54 | INFO     | app.detection.yolo_detector:31 - Loading YOLO model from weights/yolov8n.pt on cpu...
2026-04-22 14:46:54 | INFO     | app.detection.yolo_detector:35 - YOLO model loaded
2026-04-22 14:46:54 | INFO     | app.pipeline.processing_pipeline:478 - Pipeline started cam=2 (entry)
2026-04-22 14:46:54 | INFO     | app.detection.yolo_detector:31 - Loading YOLO model from weights/yolov8n.pt on cpu...
2026-04-22 14:46:54 | INFO     | app.detection.yolo_detector:35 - YOLO model loaded
2026-04-22 14:46:54 | INFO     | app.pipeline.processing_pipeline:478 - Pipeline started cam=3 (exit)
2026-04-22 14:47:01 | INFO     | app.api.ws:51 - WS: client connected (1 total)
2026-04-22 14:47:01 | INFO     | app.api.ws:56 - WS: client disconnected (0 remaining)
2026-04-22 14:47:09 | INFO     | app.camera.camera_manager:64 - Camera 2 connected
2026-04-22 14:47:11 | INFO     | app.camera.camera_manager:64 - Camera 3 connected
2026-04-22 14:47:23 | INFO     | app.pipeline.processing_pipeline:523 - Pipeline cam=3: 1.0 fps actual
2026-04-22 14:47:27 | INFO     | app.pipeline.processing_pipeline:523 - Pipeline cam=2: 0.9 fps actual
2026-04-22 14:47:35 | INFO     | app.pipeline.processing_pipeline:62 - Recognition worker started for cam=2
2026-04-22 14:47:36 | INFO     | app.recognition.face_recognizer:105 - identify_in_frame cam=2: 1 face(s) detected, 1 track(s)
2026-04-22 14:47:36 | INFO     | app.recognition.face_recognizer:204 -   face→track 1: best_id=7 score=0.5416 (high>=0.5 verified>=0.42 med>=0.37)
2026-04-22 14:47:36 | INFO     | app.recognition.face_recognizer:217 - identify_in_frame MATCH: cam=2 track=1 → emp=7 score=0.5416
2026-04-22 14:47:36 | INFO     | app.pipeline.processing_pipeline:138 - Recognized cam=2 track=1 → employee_id=7 conf=0.54 method=frame_high stable=1/1
2026-04-22 14:47:36 | INFO     | app.services.attendance_service:253 - Attendance: employee 7 checked IN at 09:17:36
2026-04-22 14:47:36 | INFO     | app.recognition.face_recognizer:105 - identify_in_frame cam=2: 0 face(s) detected, 1 track(s)
2026-04-22 14:47:37 | INFO     | app.pipeline.processing_pipeline:62 - Recognition worker started for cam=3
2026-04-22 14:47:37 | INFO     | app.recognition.face_recognizer:105 - identify_in_frame cam=3: 1 face(s) detected, 1 track(s)
2026-04-22 14:47:38 | INFO     | app.pipeline.processing_pipeline:523 - Pipeline cam=3: 2.1 fps actual
2026-04-22 14:47:38 | INFO     | app.recognition.face_recognizer:105 - identify_in_frame cam=2: 0 face(s) detected, 2 track(s)
2026-04-22 14:47:39 | INFO     | app.recognition.face_recognizer:105 - identify_in_frame cam=3: 1 face(s) detected, 1 track(s)
2026-04-22 14:47:39 | INFO     | app.recognition.face_recognizer:204 -   face→track 1: best_id=1024 score=0.1517 (high>=0.5 verified>=0.42 med>=0.37)
2026-04-22 14:47:40 | INFO     | app.recognition.face_recognizer:105 - identify_in_frame cam=2: 0 face(s) detected, 2 track(s)
2026-04-22 14:47:41 | INFO     | app.recognition.face_recognizer:105 - identify_in_frame cam=3: 0 face(s) detected, 1 track(s)
2026-04-22 14:47:41 | INFO     | app.recognition.face_recognizer:105 - identify_in_frame cam=2: 0 face(s) detected, 2 track(s)
2026-04-22 14:47:42 | INFO     | app.recognition.face_recognizer:105 - identify_in_frame cam=2: 0 face(s) detected, 1 track(s)
2026-04-22 14:47:42 | INFO     | app.pipeline.processing_pipeline:523 - Pipeline cam=2: 2.0 fps actual
2026-04-22 14:47:42 | INFO     | app.recognition.face_recognizer:105 - identify_in_frame cam=2: 0 face(s) detected, 3 track(s)
2026-04-22 14:47:43 | INFO     | app.recognition.face_recognizer:105 - identify_in_frame cam=3: 0 face(s) detected, 1 track(s)
2026-04-22 14:47:46 | INFO     | app.recognition.face_recognizer:105 - identify_in_frame cam=2: 0 face(s) detected, 3 track(s)
2026-04-22 14:47:47 | INFO     | app.recognition.face_recognizer:105 - identify_in_frame cam=3: 1 face(s) detected, 1 track(s)
2026-04-22 14:47:47 | INFO     | app.recognition.face_recognizer:105 - identify_in_frame cam=3: 1 face(s) detected, 1 track(s)
2026-04-22 14:47:47 | INFO     | app.recognition.face_recognizer:204 -   face→track 1: best_id=7 score=0.4779 (high>=0.5 verified>=0.42 med>=0.37)
2026-04-22 14:47:49 | INFO     | app.recognition.face_recognizer:230 -   frame_verified candidate emp=7 score=0.4779 verified=False sim=0.4198 facenet_min=0.50
2026-04-22 14:47:49 | INFO     | app.recognition.face_recognizer:105 - identify_in_frame cam=3: 1 face(s) detected, 1 track(s)
2026-04-22 14:47:49 | INFO     | app.recognition.face_recognizer:204 -   face→track 2: best_id=7 score=0.4963 (high>=0.5 verified>=0.42 med>=0.37)
2026-04-22 14:47:50 | INFO     | app.recognition.face_recognizer:230 -   frame_verified candidate emp=7 score=0.4963 verified=True sim=0.4648 facenet_min=0.50
2026-04-22 14:47:51 | INFO     | app.recognition.face_recognizer:105 - identify_in_frame cam=3: 1 face(s) detected, 1 track(s)
2026-04-22 14:47:51 | INFO     | app.recognition.face_recognizer:204 -   face→track 2: best_id=7 score=0.5462 (high>=0.5 verified>=0.42 med>=0.37)
2026-04-22 14:47:51 | INFO     | app.recognition.face_recognizer:217 - identify_in_frame MATCH: cam=3 track=2 → emp=7 score=0.5462
2026-04-22 14:47:51 | INFO     | app.pipeline.processing_pipeline:138 - Recognized cam=3 track=2 → employee_id=7 conf=0.55 method=frame_high stable=1/1
2026-04-22 14:47:51 | INFO     | app.services.attendance_service:304 - Attendance: employee 7 left — break started at 09:17:51
2026-04-22 14:47:51 | INFO     | app.recognition.face_recognizer:105 - identify_in_frame cam=2: 0 face(s) detected, 3 track(s)
2026-04-22 14:47:52 | INFO     | app.pipeline.processing_pipeline:523 - Pipeline cam=3: 2.1 fps actual
2026-04-22 14:47:53 | INFO     | app.recognition.face_recognizer:105 - identify_in_frame cam=3: 0 face(s) detected, 1 track(s)
2026-04-22 14:47:55 | INFO     | app.pipeline.processing_pipeline:523 - Pipeline cam=2: 2.4 fps actual
2026-04-22 14:47:55 | INFO     | app.recognition.face_recognizer:105 - identify_in_frame cam=2: 0 face(s) detected, 2 track(s)
2026-04-22 14:47:59 | INFO     | app.recognition.face_recognizer:105 - identify_in_frame cam=2: 0 face(s) detected, 2 track(s)
2026-04-22 14:48:03 | INFO     | app.pipeline.processing_pipeline:523 - Pipeline cam=3: 2.8 fps actual
2026-04-22 14:48:04 | INFO     | app.recognition.face_recognizer:105 - identify_in_frame cam=2: 0 face(s) detected, 2 track(s)
2026-04-22 14:48:09 | INFO     | app.pipeline.processing_pipeline:523 - Pipeline cam=2: 2.1 fps actual
2026-04-22 14:48:09 | INFO     | app.recognition.face_recognizer:105 - identify_in_frame cam=2: 0 face(s) detected, 1 track(s)
2026-04-22 14:48:17 | INFO     | app.pipeline.processing_pipeline:523 - Pipeline cam=3: 2.3 fps actual
2026-04-22 14:48:21 | INFO     | app.pipeline.processing_pipeline:523 - Pipeline cam=2: 2.5 fps actual
2026-04-22 14:48:26 | INFO     | app.recognition.face_recognizer:105 - identify_in_frame cam=2: 1 face(s) detected, 1 track(s)
2026-04-22 14:48:28 | INFO     | app.recognition.face_recognizer:105 - identify_in_frame cam=2: 0 face(s) detected, 1 track(s)
2026-04-22 14:48:28 | INFO     | app.pipeline.processing_pipeline:523 - Pipeline cam=3: 2.6 fps actual
2026-04-22 14:48:29 | INFO     | app.recognition.face_recognizer:105 - identify_in_frame cam=2: 0 face(s) detected, 2 track(s)
2026-04-22 14:48:30 | INFO     | app.recognition.face_recognizer:105 - identify_in_frame cam=2: 0 face(s) detected, 1 track(s)
2026-04-22 14:48:30 | INFO     | app.recognition.face_recognizer:105 - identify_in_frame cam=3: 0 face(s) detected, 1 track(s)
2026-04-22 14:48:31 | INFO     | app.recognition.face_recognizer:105 - identify_in_frame cam=2: 0 face(s) detected, 1 track(s)
2026-04-22 14:48:32 | INFO     | app.recognition.face_recognizer:105 - identify_in_frame cam=3: 1 face(s) detected, 1 track(s)
2026-04-22 14:48:32 | INFO     | app.recognition.face_recognizer:204 -   face→track 3: best_id=1019 score=0.1089 (high>=0.5 verified>=0.42 med>=0.37)
2026-04-22 14:48:32 | INFO     | app.pipeline.processing_pipeline:523 - Pipeline cam=2: 2.7 fps actual
2026-04-22 14:48:32 | INFO     | app.recognition.face_recognizer:105 - identify_in_frame cam=2: 0 face(s) detected, 2 track(s)
2026-04-22 14:48:33 | INFO     | app.recognition.face_recognizer:105 - identify_in_frame cam=3: 0 face(s) detected, 1 track(s)
2026-04-22 14:48:33 | INFO     | app.recognition.face_recognizer:105 - identify_in_frame cam=3: 0 face(s) detected, 1 track(s)
2026-04-22 14:48:35 | INFO     | app.recognition.face_recognizer:105 - identify_in_frame cam=2: 0 face(s) detected, 2 track(s)
2026-04-22 14:48:37 | INFO     | app.recognition.face_recognizer:105 - identify_in_frame cam=3: 0 face(s) detected, 1 track(s)
2026-04-22 14:48:39 | INFO     | app.recognition.face_recognizer:105 - identify_in_frame cam=2: 0 face(s) detected, 1 track(s)
2026-04-22 14:48:41 | INFO     | app.pipeline.processing_pipeline:523 - Pipeline cam=3: 2.4 fps actual
2026-04-22 14:48:41 | INFO     | app.recognition.face_recognizer:105 - identify_in_frame cam=3: 0 face(s) detected, 1 track(s)
2026-04-22 14:48:42 | INFO     | app.pipeline.processing_pipeline:523 - Pipeline cam=2: 3.1 fps actual
2026-04-22 14:48:44 | INFO     | app.api.ws:51 - WS: client connected (1 total)
2026-04-22 14:48:44 | INFO     | app.api.ws:56 - WS: client disconnected (0 remaining)
2026-04-22 14:48:45 | INFO     | app.api.ws:51 - WS: client connected (1 total)
2026-04-22 14:48:46 | INFO     | app.api.ws:56 - WS: client disconnected (0 remaining)
2026-04-22 14:48:51 | INFO     | app.recognition.face_recognizer:105 - identify_in_frame cam=3: 1 face(s) detected, 1 track(s)
2026-04-22 14:48:51 | INFO     | app.recognition.face_recognizer:105 - identify_in_frame cam=2: 0 face(s) detected, 1 track(s)
2026-04-22 14:48:52 | INFO     | app.recognition.face_recognizer:105 - identify_in_frame cam=3: 0 face(s) detected, 1 track(s)
2026-04-22 14:48:52 | INFO     | app.recognition.face_recognizer:105 - identify_in_frame cam=2: 0 face(s) detected, 2 track(s)
2026-04-22 14:48:53 | INFO     | app.pipeline.processing_pipeline:523 - Pipeline cam=2: 2.8 fps actual
2026-04-22 14:48:53 | INFO     | app.recognition.face_recognizer:105 - identify_in_frame cam=2: 0 face(s) detected, 2 track(s)
2026-04-22 14:48:53 | INFO     | app.recognition.face_recognizer:105 - identify_in_frame cam=3: 0 face(s) detected, 1 track(s)
2026-04-22 14:48:54 | INFO     | app.recognition.face_recognizer:105 - identify_in_frame cam=2: 1 face(s) detected, 1 track(s)
2026-04-22 14:48:55 | INFO     | app.pipeline.processing_pipeline:523 - Pipeline cam=3: 2.1 fps actual
2026-04-22 14:48:55 | INFO     | app.recognition.face_recognizer:105 - identify_in_frame cam=3: 0 face(s) detected, 1 track(s)
2026-04-22 14:48:56 | INFO     | app.recognition.face_recognizer:105 - identify_in_frame cam=2: 1 face(s) detected, 2 track(s)
2026-04-22 14:48:56 | INFO     | app.recognition.face_recognizer:204 -   face→track 9: best_id=1002 score=0.1284 (high>=0.5 verified>=0.42 med>=0.37)
2026-04-22 14:48:58 | INFO     | app.recognition.face_recognizer:105 - identify_in_frame cam=2: 1 face(s) detected, 2 track(s)
2026-04-22 14:48:58 | INFO     | app.recognition.face_recognizer:204 -   face→track 11: best_id=1026 score=0.3372 (high>=0.5 verified>=0.42 med>=0.37)
2026-04-22 14:48:58 | INFO     | app.recognition.face_recognizer:105 - identify_in_frame cam=3: 0 face(s) detected, 1 track(s)
2026-04-22 14:48:59 | INFO     | app.recognition.face_recognizer:105 - identify_in_frame cam=2: 1 face(s) detected, 2 track(s)
2026-04-22 14:48:59 | INFO     | app.recognition.face_recognizer:204 -   face→track 10: best_id=1026 score=0.1802 (high>=0.5 verified>=0.42 med>=0.37)
2026-04-22 14:49:00 | INFO     | app.recognition.face_recognizer:105 - identify_in_frame cam=2: 0 face(s) detected, 2 track(s)
2026-04-22 14:49:00 | INFO     | app.recognition.face_recognizer:105 - identify_in_frame cam=2: 0 face(s) detected, 2 track(s)
2026-04-22 14:49:01 | INFO     | app.recognition.face_recognizer:105 - identify_in_frame cam=3: 0 face(s) detected, 1 track(s)
2026-04-22 14:49:03 | INFO     | app.pipeline.processing_pipeline:523 - Pipeline cam=2: 2.8 fps actual
2026-04-22 14:49:03 | INFO     | app.recognition.face_recognizer:105 - identify_in_frame cam=2: 0 face(s) detected, 3 track(s)
2026-04-22 14:49:06 | INFO     | app.pipeline.processing_pipeline:523 - Pipeline cam=3: 2.6 fps actual
2026-04-22 14:49:09 | INFO     | app.recognition.face_recognizer:105 - identify_in_frame cam=2: 0 face(s) detected, 3 track(s)
2026-04-22 14:49:12 | INFO     | app.recognition.face_recognizer:105 - identify_in_frame cam=2: 0 face(s) detected, 1 track(s)
2026-04-22 14:49:15 | INFO     | app.pipeline.processing_pipeline:523 - Pipeline cam=2: 2.5 fps actual
2026-04-22 14:49:17 | INFO     | app.pipeline.processing_pipeline:523 - Pipeline cam=3: 2.8 fps actual
2026-04-22 14:49:25 | INFO     | app.recognition.face_recognizer:105 - identify_in_frame cam=2: 1 face(s) detected, 1 track(s)
2026-04-22 14:49:25 | INFO     | app.recognition.face_recognizer:204 -   face→track 12: best_id=1013 score=0.3266 (high>=0.5 verified>=0.42 med>=0.37)
2026-04-22 14:49:25 | INFO     | app.recognition.face_recognizer:105 - identify_in_frame cam=2: 1 face(s) detected, 1 track(s)
2026-04-22 14:49:25 | INFO     | app.recognition.face_recognizer:204 -   face→track 12: best_id=1013 score=0.3153 (high>=0.5 verified>=0.42 med>=0.37)
2026-04-22 14:49:26 | INFO     | app.pipeline.processing_pipeline:523 - Pipeline cam=2: 2.7 fps actual
2026-04-22 14:49:26 | INFO     | app.recognition.face_recognizer:105 - identify_in_frame cam=2: 0 face(s) detected, 1 track(s)
2026-04-22 14:49:27 | INFO     | app.pipeline.processing_pipeline:523 - Pipeline cam=3: 2.9 fps actual
2026-04-22 14:49:30 | INFO     | app.recognition.face_recognizer:105 - identify_in_frame cam=2: 0 face(s) detected, 1 track(s)
2026-04-22 14:49:35 | INFO     | app.recognition.face_recognizer:105 - identify_in_frame cam=2: 0 face(s) detected, 1 track(s)
2026-04-22 14:49:38 | INFO     | app.pipeline.processing_pipeline:523 - Pipeline cam=2: 2.6 fps actual
2026-04-22 14:49:40 | INFO     | app.pipeline.processing_pipeline:523 - Pipeline cam=3: 2.5 fps actual
2026-04-22 14:49:43 | INFO     | app.recognition.face_recognizer:105 - identify_in_frame cam=3: 1 face(s) detected, 1 track(s)
2026-04-22 14:49:43 | INFO     | app.recognition.face_recognizer:204 -   face→track 5: best_id=1024 score=0.1623 (high>=0.5 verified>=0.42 med>=0.37)
2026-04-22 14:49:44 | INFO     | app.recognition.face_recognizer:105 - identify_in_frame cam=3: 0 face(s) detected, 1 track(s)
2026-04-22 14:49:46 | INFO     | app.recognition.face_recognizer:105 - identify_in_frame cam=3: 1 face(s) detected, 2 track(s)
2026-04-22 14:49:46 | INFO     | app.recognition.face_recognizer:204 -   face→track 5: best_id=1025 score=0.1317 (high>=0.5 verified>=0.42 med>=0.37)
2026-04-22 14:49:47 | INFO     | app.recognition.face_recognizer:105 - identify_in_frame cam=3: 2 face(s) detected, 1 track(s)
2026-04-22 14:49:47 | INFO     | app.recognition.face_recognizer:204 -   face→track 5: best_id=1004 score=0.0925 (high>=0.5 verified>=0.42 med>=0.37)
2026-04-22 14:49:47 | INFO     | app.recognition.face_recognizer:105 - identify_in_frame cam=2: 2 face(s) detected, 1 track(s)
2026-04-22 14:49:47 | INFO     | app.recognition.face_recognizer:204 -   face→track 13: best_id=1009 score=0.3624 (high>=0.5 verified>=0.42 med>=0.37)
2026-04-22 14:49:48 | INFO     | app.recognition.face_recognizer:105 - identify_in_frame cam=3: 2 face(s) detected, 2 track(s)
2026-04-22 14:49:49 | INFO     | app.recognition.face_recognizer:105 - identify_in_frame cam=2: 2 face(s) detected, 3 track(s)
2026-04-22 14:49:49 | INFO     | app.recognition.face_recognizer:204 -   face→track 15: best_id=1012 score=0.2078 (high>=0.5 verified>=0.42 med>=0.37)
2026-04-22 14:49:50 | INFO     | app.recognition.face_recognizer:105 - identify_in_frame cam=3: 0 face(s) detected, 2 track(s)
2026-04-22 14:49:51 | INFO     | app.recognition.face_recognizer:105 - identify_in_frame cam=2: 1 face(s) detected, 4 track(s)
2026-04-22 14:49:51 | INFO     | app.recognition.face_recognizer:204 -   face→track 15: best_id=1025 score=0.2158 (high>=0.5 verified>=0.42 med>=0.37)
2026-04-22 14:49:51 | INFO     | app.recognition.face_recognizer:105 - identify_in_frame cam=3: 0 face(s) detected, 1 track(s)
2026-04-22 14:49:52 | INFO     | app.recognition.face_recognizer:105 - identify_in_frame cam=2: 1 face(s) detected, 3 track(s)
2026-04-22 14:49:52 | INFO     | app.recognition.face_recognizer:204 -   face→track 16: best_id=1020 score=0.2892 (high>=0.5 verified>=0.42 med>=0.37)
2026-04-22 14:49:53 | INFO     | app.pipeline.processing_pipeline:523 - Pipeline cam=3: 2.2 fps actual
2026-04-22 14:49:53 | INFO     | app.recognition.face_recognizer:105 - identify_in_frame cam=3: 0 face(s) detected, 3 track(s)
2026-04-22 14:49:54 | INFO     | app.pipeline.processing_pipeline:523 - Pipeline cam=2: 1.9 fps actual
2026-04-22 14:49:54 | INFO     | app.recognition.face_recognizer:105 - identify_in_frame cam=2: 0 face(s) detected, 4 track(s)
2026-04-22 14:49:56 | INFO     | app.recognition.face_recognizer:105 - identify_in_frame cam=3: 0 face(s) detected, 3 track(s)
2026-04-22 14:49:59 | INFO     | app.recognition.face_recognizer:105 - identify_in_frame cam=2: 0 face(s) detected, 4 track(s)
2026-04-22 14:50:01 | INFO     | app.recognition.face_recognizer:105 - identify_in_frame cam=3: 0 face(s) detected, 3 track(s)
2026-04-22 14:50:04 | INFO     | app.recognition.face_recognizer:105 - identify_in_frame cam=2: 0 face(s) detected, 4 track(s)
2026-04-22 14:50:06 | INFO     | app.pipeline.processing_pipeline:523 - Pipeline cam=3: 2.4 fps actual
2026-04-22 14:50:09 | INFO     | app.pipeline.processing_pipeline:523 - Pipeline cam=2: 1.9 fps actual
2026-04-22 14:50:19 | INFO     | app.pipeline.processing_pipeline:523 - Pipeline cam=3: 2.2 fps actual
2026-04-22 14:50:25 | INFO     | app.pipeline.processing_pipeline:523 - Pipeline cam=2: 1.9 fps actual
2026-04-22 14:50:29 | INFO     | app.pipeline.processing_pipeline:523 - Pipeline cam=3: 3.0 fps actual
2026-04-22 14:50:35 | INFO     | app.pipeline.processing_pipeline:523 - Pipeline cam=2: 3.0 fps actual
2026-04-22 14:50:40 | INFO     | app.pipeline.processing_pipeline:523 - Pipeline cam=3: 2.7 fps actual
2026-04-22 14:50:44 | INFO     | app.recognition.face_recognizer:105 - identify_in_frame cam=3: 0 face(s) detected, 1 track(s)
2026-04-22 14:50:45 | INFO     | app.recognition.face_recognizer:105 - identify_in_frame cam=3: 1 face(s) detected, 1 track(s)
2026-04-22 14:50:45 | INFO     | app.pipeline.processing_pipeline:523 - Pipeline cam=2: 3.0 fps actual
2026-04-22 14:50:47 | INFO     | app.recognition.face_recognizer:105 - identify_in_frame cam=3: 1 face(s) detected, 2 track(s)
2026-04-22 14:50:47 | INFO     | app.recognition.face_recognizer:204 -   face→track 8: best_id=1012 score=0.0858 (high>=0.5 verified>=0.42 med>=0.37)
2026-04-22 14:50:47 | INFO     | app.recognition.face_recognizer:105 - identify_in_frame cam=2: 0 face(s) detected, 1 track(s)
2026-04-22 14:50:48 | INFO     | app.recognition.face_recognizer:105 - identify_in_frame cam=3: 1 face(s) detected, 1 track(s)
2026-04-22 14:50:48 | INFO     | app.recognition.face_recognizer:105 - identify_in_frame cam=3: 0 face(s) detected, 1 track(s)
2026-04-22 14:50:49 | INFO     | app.recognition.face_recognizer:105 - identify_in_frame cam=2: 1 face(s) detected, 1 track(s)
2026-04-22 14:50:50 | INFO     | app.recognition.face_recognizer:105 - identify_in_frame cam=3: 0 face(s) detected, 2 track(s)
2026-04-22 14:50:51 | INFO     | app.recognition.face_recognizer:105 - identify_in_frame cam=2: 2 face(s) detected, 1 track(s)
2026-04-22 14:50:51 | INFO     | app.recognition.face_recognizer:204 -   face→track 17: best_id=1024 score=0.1739 (high>=0.5 verified>=0.42 med>=0.37)
2026-04-22 14:50:51 | INFO     | app.recognition.face_recognizer:105 - identify_in_frame cam=3: 0 face(s) detected, 1 track(s)
2026-04-22 14:50:52 | INFO     | app.recognition.face_recognizer:105 - identify_in_frame cam=2: 3 face(s) detected, 2 track(s)
2026-04-22 14:50:52 | INFO     | app.recognition.face_recognizer:204 -   face→track 19: best_id=1015 score=0.1540 (high>=0.5 verified>=0.42 med>=0.37)
2026-04-22 14:50:52 | INFO     | app.recognition.face_recognizer:204 -   face→track 18: best_id=1017 score=0.1780 (high>=0.5 verified>=0.42 med>=0.37)
2026-04-22 14:50:52 | INFO     | app.pipeline.processing_pipeline:523 - Pipeline cam=3: 2.5 fps actual
2026-04-22 14:50:53 | INFO     | app.recognition.face_recognizer:105 - identify_in_frame cam=3: 0 face(s) detected, 3 track(s)
2026-04-22 14:50:54 | INFO     | app.recognition.face_recognizer:105 - identify_in_frame cam=2: 2 face(s) detected, 3 track(s)
2026-04-22 14:50:54 | INFO     | app.recognition.face_recognizer:204 -   face→track 18: best_id=1011 score=0.0985 (high>=0.5 verified>=0.42 med>=0.37)
2026-04-22 14:50:54 | INFO     | app.recognition.face_recognizer:204 -   face→track 20: best_id=1024 score=0.1429 (high>=0.5 verified>=0.42 med>=0.37)
2026-04-22 14:50:54 | INFO     | app.recognition.face_recognizer:105 - identify_in_frame cam=2: 0 face(s) detected, 1 track(s)
2026-04-22 14:50:54 | INFO     | app.recognition.face_recognizer:105 - identify_in_frame cam=2: 0 face(s) detected, 3 track(s)
2026-04-22 14:50:56 | INFO     | app.recognition.face_recognizer:105 - identify_in_frame cam=2: 0 face(s) detected, 1 track(s)
2026-04-22 14:50:57 | INFO     | app.recognition.face_recognizer:105 - identify_in_frame cam=3: 0 face(s) detected, 3 track(s)
2026-04-22 14:50:58 | INFO     | app.pipeline.processing_pipeline:523 - Pipeline cam=2: 2.3 fps actual
2026-04-22 14:50:58 | INFO     | app.recognition.face_recognizer:105 - identify_in_frame cam=2: 0 face(s) detected, 4 track(s)
2026-04-22 14:50:59 | INFO     | app.recognition.face_recognizer:105 - identify_in_frame cam=3: 0 face(s) detected, 3 track(s)
2026-04-22 14:51:02 | INFO     | app.recognition.face_recognizer:105 - identify_in_frame cam=2: 0 face(s) detected, 4 track(s)
2026-04-22 14:51:03 | INFO     | app.pipeline.processing_pipeline:523 - Pipeline cam=3: 2.7 fps actual
2026-04-22 14:51:06 | INFO     | app.recognition.face_recognizer:105 - identify_in_frame cam=2: 0 face(s) detected, 2 track(s)
2026-04-22 14:51:09 | INFO     | app.pipeline.processing_pipeline:523 - Pipeline cam=2: 2.7 fps actual
2026-04-22 14:51:16 | INFO     | app.pipeline.processing_pipeline:523 - Pipeline cam=3: 2.4 fps actual
2026-04-22 14:51:18 | INFO     | app.recognition.face_recognizer:105 - identify_in_frame cam=2: 1 face(s) detected, 1 track(s)
2026-04-22 14:51:19 | INFO     | app.recognition.face_recognizer:105 - identify_in_frame cam=2: 0 face(s) detected, 1 track(s)
2026-04-22 14:51:20 | INFO     | app.recognition.face_recognizer:105 - identify_in_frame cam=2: 0 face(s) detected, 1 track(s)
2026-04-22 14:51:21 | INFO     | app.pipeline.processing_pipeline:523 - Pipeline cam=2: 2.5 fps actual
2026-04-22 14:51:22 | INFO     | app.recognition.face_recognizer:105 - identify_in_frame cam=2: 0 face(s) detected, 1 track(s)
2026-04-22 14:51:27 | INFO     | app.recognition.face_recognizer:105 - identify_in_frame cam=2: 0 face(s) detected, 1 track(s)
2026-04-22 14:51:30 | INFO     | app.pipeline.processing_pipeline:523 - Pipeline cam=3: 2.2 fps actual
2026-04-22 14:51:30 | INFO     | app.recognition.face_recognizer:105 - identify_in_frame cam=2: 0 face(s) detected, 1 track(s)
2026-04-22 14:51:30 | INFO     | app.recognition.face_recognizer:105 - identify_in_frame cam=3: 0 face(s) detected, 1 track(s)
2026-04-22 14:51:31 | INFO     | app.recognition.face_recognizer:105 - identify_in_frame cam=3: 0 face(s) detected, 1 track(s)
2026-04-22 14:51:32 | INFO     | app.recognition.face_recognizer:105 - identify_in_frame cam=3: 0 face(s) detected, 1 track(s)
2026-04-22 14:51:33 | INFO     | app.recognition.face_recognizer:105 - identify_in_frame cam=3: 0 face(s) detected, 1 track(s)
2026-04-22 14:51:34 | INFO     | app.recognition.face_recognizer:105 - identify_in_frame cam=2: 1 face(s) detected, 1 track(s)
2026-04-22 14:51:34 | INFO     | app.recognition.face_recognizer:204 -   face→track 23: best_id=1018 score=0.1330 (high>=0.5 verified>=0.42 med>=0.37)
2026-04-22 14:51:35 | INFO     | app.pipeline.processing_pipeline:523 - Pipeline cam=2: 2.2 fps actual
2026-04-22 14:51:35 | INFO     | app.recognition.face_recognizer:105 - identify_in_frame cam=2: 1 face(s) detected, 2 track(s)
2026-04-22 14:51:35 | INFO     | app.recognition.face_recognizer:204 -   face→track 23: best_id=1018 score=0.1899 (high>=0.5 verified>=0.42 med>=0.37)
2026-04-22 14:51:36 | INFO     | app.recognition.face_recognizer:105 - identify_in_frame cam=2: 0 face(s) detected, 2 track(s)
2026-04-22 14:51:37 | INFO     | app.recognition.face_recognizer:105 - identify_in_frame cam=2: 0 face(s) detected, 2 track(s)
2026-04-22 14:51:38 | INFO     | app.recognition.face_recognizer:105 - identify_in_frame cam=2: 0 face(s) detected, 2 track(s)
2026-04-22 14:51:39 | INFO     | app.recognition.face_recognizer:105 - identify_in_frame cam=2: 0 face(s) detected, 3 track(s)
2026-04-22 14:51:39 | INFO     | app.recognition.face_recognizer:105 - identify_in_frame cam=2: 0 face(s) detected, 1 track(s)
2026-04-22 14:51:39 | INFO     | app.recognition.face_recognizer:105 - identify_in_frame cam=3: 0 face(s) detected, 1 track(s)
2026-04-22 14:51:42 | INFO     | app.recognition.face_recognizer:105 - identify_in_frame cam=2: 0 face(s) detected, 4 track(s)
2026-04-22 14:51:43 | INFO     | app.pipeline.processing_pipeline:523 - Pipeline cam=3: 2.3 fps actual
2026-04-22 14:51:43 | INFO     | app.recognition.face_recognizer:105 - identify_in_frame cam=3: 0 face(s) detected, 1 track(s)
2026-04-22 14:51:46 | INFO     | app.pipeline.processing_pipeline:523 - Pipeline cam=2: 2.8 fps actual
2026-04-22 14:51:46 | INFO     | app.recognition.face_recognizer:105 - identify_in_frame cam=2: 0 face(s) detected, 2 track(s)
2026-04-22 14:51:53 | INFO     | app.pipeline.processing_pipeline:523 - Pipeline cam=3: 2.8 fps actual
2026-04-22 14:51:56 | INFO     | app.api.ws:51 - WS: client connected (1 total)
2026-04-22 14:51:57 | INFO     | app.pipeline.processing_pipeline:523 - Pipeline cam=2: 2.8 fps actual
2026-04-22 14:51:57 | INFO     | app.api.ws:56 - WS: client disconnected (0 remaining)
2026-04-22 14:52:04 | INFO     | app.pipeline.processing_pipeline:523 - Pipeline cam=3: 2.8 fps actual
2026-04-22 14:52:05 | INFO     | app.pipeline.processing_pipeline:523 - Pipeline cam=2: 3.6 fps actual
2026-04-22 14:52:14 | INFO     | app.pipeline.processing_pipeline:523 - Pipeline cam=3: 2.9 fps actual
2026-04-22 14:52:16 | INFO     | app.pipeline.processing_pipeline:523 - Pipeline cam=2: 2.8 fps actual
2026-04-22 14:52:24 | INFO     | app.pipeline.processing_pipeline:523 - Pipeline cam=3: 3.0 fps actual
2026-04-22 14:52:28 | INFO     | app.pipeline.processing_pipeline:523 - Pipeline cam=2: 2.3 fps actual
2026-04-22 14:52:36 | INFO     | app.pipeline.processing_pipeline:523 - Pipeline cam=3: 2.5 fps actual
2026-04-22 14:52:39 | INFO     | app.pipeline.processing_pipeline:523 - Pipeline cam=2: 2.8 fps actual
2026-04-22 14:52:50 | INFO     | app.recognition.face_recognizer:105 - identify_in_frame cam=2: 0 face(s) detected, 1 track(s)
2026-04-22 14:52:50 | INFO     | app.pipeline.processing_pipeline:523 - Pipeline cam=3: 2.2 fps actual
2026-04-22 14:52:50 | INFO     | app.recognition.face_recognizer:105 - identify_in_frame cam=3: 0 face(s) detected, 1 track(s)
2026-04-22 14:52:52 | INFO     | app.recognition.face_recognizer:105 - identify_in_frame cam=2: 0 face(s) detected, 1 track(s)
2026-04-22 14:52:52 | INFO     | app.recognition.face_recognizer:105 - identify_in_frame cam=3: 0 face(s) detected, 1 track(s)
2026-04-22 14:52:53 | INFO     | app.recognition.face_recognizer:105 - identify_in_frame cam=3: 0 face(s) detected, 1 track(s)
2026-04-22 14:52:53 | INFO     | app.recognition.face_recognizer:105 - identify_in_frame cam=2: 0 face(s) detected, 1 track(s)
2026-04-22 14:52:54 | INFO     | app.recognition.face_recognizer:105 - identify_in_frame cam=3: 0 face(s) detected, 1 track(s)
2026-04-22 14:52:57 | INFO     | app.pipeline.processing_pipeline:523 - Pipeline cam=2: 1.7 fps actual
2026-04-22 14:52:57 | INFO     | app.recognition.face_recognizer:105 - identify_in_frame cam=2: 0 face(s) detected, 1 track(s)
2026-04-22 14:52:58 | INFO     | app.recognition.face_recognizer:105 - identify_in_frame cam=3: 0 face(s) detected, 1 track(s)
2026-04-22 14:53:01 | INFO     | app.recognition.face_recognizer:105 - identify_in_frame cam=2: 0 face(s) detected, 1 track(s)
2026-04-22 14:53:02 | INFO     | app.pipeline.processing_pipeline:523 - Pipeline cam=3: 2.5 fps actual
2026-04-22 14:53:09 | INFO     | app.pipeline.processing_pipeline:523 - Pipeline cam=2: 2.6 fps actual
2026-04-22 14:53:22 | INFO     | app.recognition.face_recognizer:105 - identify_in_frame cam=3: 1 face(s) detected, 1 track(s)
2026-04-22 14:53:25 | INFO     | app.pipeline.processing_pipeline:523 - Pipeline cam=3: 1.3 fps actual
2026-04-22 14:53:25 | INFO     | app.recognition.face_recognizer:105 - identify_in_frame cam=3: 0 face(s) detected, 1 track(s)
2026-04-22 14:53:26 | INFO     | app.recognition.face_recognizer:105 - identify_in_frame cam=3: 1 face(s) detected, 2 track(s)
2026-04-22 14:53:28 | INFO     | app.recognition.face_recognizer:105 - identify_in_frame cam=3: 2 face(s) detected, 1 track(s)
2026-04-22 14:53:30 | INFO     | app.recognition.face_recognizer:105 - identify_in_frame cam=3: 0 face(s) detected, 1 track(s)
2026-04-22 14:53:30 | INFO     | app.recognition.face_recognizer:105 - identify_in_frame cam=3: 0 face(s) detected, 2 track(s)
2026-04-22 14:53:44 | INFO     | app.recognition.face_recognizer:105 - identify_in_frame cam=3: 0 face(s) detected, 2 track(s)
2026-04-22 14:53:56 | INFO     | app.pipeline.processing_pipeline:523 - Pipeline cam=3: 0.9 fps actual
2026-04-22 14:53:56 | INFO     | app.recognition.face_recognizer:105 - identify_in_frame cam=3: 0 face(s) detected, 2 track(s)
2026-04-22 14:54:35 | WARNING  | app.camera.camera_manager:69 - Camera 2 lost connection. Reconnecting...
2026-04-22 14:54:37 | INFO     | app.camera.camera_manager:64 - Camera 2 connected
2026-04-22 14:54:45 | INFO     | app.pipeline.processing_pipeline:523 - Pipeline cam=2: 0.3 fps actual
2026-04-22 14:54:55 | INFO     | app.pipeline.processing_pipeline:523 - Pipeline cam=2: 2.8 fps actual
2026-04-22 14:54:58 | INFO     | app.pipeline.processing_pipeline:523 - Pipeline cam=3: 0.5 fps actual
2026-04-22 14:55:05 | INFO     | app.pipeline.processing_pipeline:523 - Pipeline cam=2: 3.0 fps actual
2026-04-22 14:55:09 | INFO     | app.recognition.face_recognizer:105 - identify_in_frame cam=2: 0 face(s) detected, 1 track(s)
2026-04-22 14:55:10 | INFO     | app.recognition.face_recognizer:105 - identify_in_frame cam=2: 0 face(s) detected, 2 track(s)
2026-04-22 14:55:12 | INFO     | app.recognition.face_recognizer:105 - identify_in_frame cam=2: 0 face(s) detected, 2 track(s)
2026-04-22 14:55:13 | INFO     | app.recognition.face_recognizer:105 - identify_in_frame cam=2: 0 face(s) detected, 1 track(s)
2026-04-22 14:55:15 | INFO     | app.recognition.face_recognizer:105 - identify_in_frame cam=2: 0 face(s) detected, 2 track(s)
2026-04-22 14:55:18 | INFO     | app.pipeline.processing_pipeline:523 - Pipeline cam=2: 2.4 fps actual
2026-04-22 14:55:18 | INFO     | app.recognition.face_recognizer:105 - identify_in_frame cam=2: 0 face(s) detected, 2 track(s)
2026-04-22 14:55:19 | INFO     | app.pipeline.processing_pipeline:523 - Pipeline cam=3: 1.4 fps actual
2026-04-22 14:55:22 | INFO     | app.recognition.face_recognizer:105 - identify_in_frame cam=2: 0 face(s) detected, 1 track(s)
2026-04-22 14:55:35 | INFO     | app.pipeline.processing_pipeline:523 - Pipeline cam=2: 1.8 fps actual
2026-04-22 14:56:01 | INFO     | app.pipeline.processing_pipeline:523 - Pipeline cam=2: 1.2 fps actual
2026-04-22 14:56:09 | INFO     | app.pipeline.processing_pipeline:523 - Pipeline cam=2: 3.6 fps actual
2026-04-22 14:56:11 | INFO     | app.pipeline.processing_pipeline:523 - Pipeline cam=3: 0.6 fps actual
2026-04-22 14:56:21 | INFO     | app.pipeline.processing_pipeline:523 - Pipeline cam=2: 2.6 fps actual
2026-04-22 14:56:23 | INFO     | app.pipeline.processing_pipeline:523 - Pipeline cam=3: 2.5 fps actual
2026-04-22 14:56:31 | INFO     | app.pipeline.processing_pipeline:523 - Pipeline cam=2: 3.1 fps actual
2026-04-22 14:56:34 | INFO     | app.pipeline.processing_pipeline:523 - Pipeline cam=3: 2.8 fps actual
2026-04-22 14:56:42 | INFO     | app.pipeline.processing_pipeline:523 - Pipeline cam=2: 2.7 fps actual
2026-04-22 14:56:46 | INFO     | app.pipeline.processing_pipeline:523 - Pipeline cam=3: 2.4 fps actual
2026-04-22 14:56:52 | INFO     | app.pipeline.processing_pipeline:523 - Pipeline cam=2: 2.9 fps actual
2026-04-22 14:56:58 | INFO     | app.pipeline.processing_pipeline:523 - Pipeline cam=3: 2.7 fps actual
2026-04-22 14:56:59 | INFO     | app.recognition.face_recognizer:105 - identify_in_frame cam=3: 0 face(s) detected, 1 track(s)
2026-04-22 14:57:01 | INFO     | app.recognition.face_recognizer:105 - identify_in_frame cam=3: 2 face(s) detected, 1 track(s)
2026-04-22 14:57:02 | INFO     | app.recognition.face_recognizer:105 - identify_in_frame cam=3: 0 face(s) detected, 2 track(s)
2026-04-22 14:57:03 | INFO     | app.pipeline.processing_pipeline:523 - Pipeline cam=2: 2.8 fps actual
2026-04-22 14:57:03 | INFO     | app.recognition.face_recognizer:105 - identify_in_frame cam=3: 0 face(s) detected, 1 track(s)
2026-04-22 14:57:04 | INFO     | app.recognition.face_recognizer:105 - identify_in_frame cam=3: 0 face(s) detected, 1 track(s)
2026-04-22 14:57:04 | INFO     | app.recognition.face_recognizer:105 - identify_in_frame cam=3: 0 face(s) detected, 2 track(s)
2026-04-22 14:57:05 | INFO     | app.recognition.face_recognizer:105 - identify_in_frame cam=2: 1 face(s) detected, 1 track(s)
2026-04-22 14:57:06 | INFO     | app.recognition.face_recognizer:105 - identify_in_frame cam=2: 1 face(s) detected, 1 track(s)
2026-04-22 14:57:06 | INFO     | app.recognition.face_recognizer:204 -   face→track 29: best_id=1025 score=0.1642 (high>=0.5 verified>=0.42 med>=0.37)
2026-04-22 14:57:07 | INFO     | app.recognition.face_recognizer:105 - identify_in_frame cam=2: 0 face(s) detected, 2 track(s)
2026-04-22 14:57:07 | INFO     | app.recognition.face_recognizer:105 - identify_in_frame cam=2: 0 face(s) detected, 1 track(s)
2026-04-22 14:57:08 | INFO     | app.recognition.face_recognizer:105 - identify_in_frame cam=2: 0 face(s) detected, 1 track(s)
2026-04-22 14:57:09 | INFO     | app.recognition.face_recognizer:105 - identify_in_frame cam=2: 0 face(s) detected, 1 track(s)
2026-04-22 14:57:10 | INFO     | app.pipeline.processing_pipeline:523 - Pipeline cam=3: 2.4 fps actual
2026-04-22 14:57:10 | INFO     | app.recognition.face_recognizer:105 - identify_in_frame cam=3: 0 face(s) detected, 2 track(s)
2026-04-22 14:57:11 | INFO     | app.recognition.face_recognizer:105 - identify_in_frame cam=2: 0 face(s) detected, 2 track(s)
2026-04-22 14:57:14 | INFO     | app.recognition.face_recognizer:105 - identify_in_frame cam=3: 0 face(s) detected, 1 track(s)
2026-04-22 14:57:15 | INFO     | app.pipeline.processing_pipeline:523 - Pipeline cam=2: 2.6 fps actual
2026-04-22 14:57:15 | INFO     | app.recognition.face_recognizer:105 - identify_in_frame cam=2: 0 face(s) detected, 2 track(s)
2026-04-22 14:57:20 | INFO     | app.pipeline.processing_pipeline:523 - Pipeline cam=3: 3.1 fps actual
2026-04-22 14:57:27 | INFO     | app.pipeline.processing_pipeline:523 - Pipeline cam=2: 2.5 fps actual
2026-04-22 14:57:32 | INFO     | app.pipeline.processing_pipeline:523 - Pipeline cam=3: 2.6 fps actual
2026-04-22 14:57:37 | INFO     | app.pipeline.processing_pipeline:523 - Pipeline cam=2: 2.8 fps actual
2026-04-22 14:57:43 | INFO     | app.pipeline.processing_pipeline:523 - Pipeline cam=3: 2.7 fps actual
2026-04-22 14:57:49 | INFO     | app.pipeline.processing_pipeline:523 - Pipeline cam=2: 2.5 fps actual
2026-04-22 14:57:53 | INFO     | app.pipeline.processing_pipeline:523 - Pipeline cam=3: 3.0 fps actual
2026-04-22 14:58:00 | INFO     | app.pipeline.processing_pipeline:523 - Pipeline cam=2: 2.7 fps actual
2026-04-22 14:58:04 | INFO     | app.pipeline.processing_pipeline:523 - Pipeline cam=3: 2.8 fps actual
2026-04-22 14:58:06 | INFO     | app.recognition.face_recognizer:105 - identify_in_frame cam=3: 1 face(s) detected, 1 track(s)
2026-04-22 14:58:06 | INFO     | app.recognition.face_recognizer:204 -   face→track 17: best_id=1025 score=0.1363 (high>=0.5 verified>=0.42 med>=0.37)
2026-04-22 14:58:08 | INFO     | app.recognition.face_recognizer:105 - identify_in_frame cam=3: 0 face(s) detected, 2 track(s)
2026-04-22 14:58:09 | INFO     | app.recognition.face_recognizer:105 - identify_in_frame cam=2: 0 face(s) detected, 1 track(s)
2026-04-22 14:58:09 | INFO     | app.recognition.face_recognizer:105 - identify_in_frame cam=3: 0 face(s) detected, 3 track(s)
2026-04-22 14:58:10 | INFO     | app.recognition.face_recognizer:105 - identify_in_frame cam=2: 1 face(s) detected, 2 track(s)
2026-04-22 14:58:12 | INFO     | app.recognition.face_recognizer:105 - identify_in_frame cam=3: 0 face(s) detected, 2 track(s)
2026-04-22 14:58:12 | INFO     | app.pipeline.processing_pipeline:523 - Pipeline cam=2: 2.5 fps actual
2026-04-22 14:58:13 | INFO     | app.recognition.face_recognizer:105 - identify_in_frame cam=2: 2 face(s) detected, 2 track(s)
2026-04-22 14:58:13 | INFO     | app.recognition.face_recognizer:204 -   face→track 32: best_id=1018 score=0.1989 (high>=0.5 verified>=0.42 med>=0.37)
2026-04-22 14:58:13 | INFO     | app.recognition.face_recognizer:204 -   face→track 31: best_id=8 score=0.1322 (high>=0.5 verified>=0.42 med>=0.37)
2026-04-22 14:58:13 | INFO     | app.recognition.face_recognizer:105 - identify_in_frame cam=2: 0 face(s) detected, 3 track(s)
2026-04-22 14:58:15 | INFO     | app.recognition.face_recognizer:105 - identify_in_frame cam=3: 0 face(s) detected, 1 track(s)
2026-04-22 14:58:15 | INFO     | app.recognition.face_recognizer:105 - identify_in_frame cam=2: 0 face(s) detected, 2 track(s)
2026-04-22 14:58:16 | INFO     | app.recognition.face_recognizer:105 - identify_in_frame cam=3: 0 face(s) detected, 3 track(s)
2026-04-22 14:58:17 | INFO     | app.recognition.face_recognizer:105 - identify_in_frame cam=2: 0 face(s) detected, 2 track(s)
2026-04-22 14:58:17 | INFO     | app.recognition.face_recognizer:105 - identify_in_frame cam=2: 0 face(s) detected, 4 track(s)
2026-04-22 14:58:20 | INFO     | app.recognition.face_recognizer:105 - identify_in_frame cam=2: 0 face(s) detected, 4 track(s)
2026-04-22 14:58:20 | INFO     | app.pipeline.processing_pipeline:523 - Pipeline cam=3: 1.9 fps actual
2026-04-22 14:58:20 | INFO     | app.recognition.face_recognizer:105 - identify_in_frame cam=3: 0 face(s) detected, 3 track(s)
2026-04-22 14:58:23 | INFO     | app.recognition.face_recognizer:105 - identify_in_frame cam=3: 0 face(s) detected, 1 track(s)
2026-04-22 14:58:24 | INFO     | app.pipeline.processing_pipeline:523 - Pipeline cam=2: 2.6 fps actual
2026-04-22 14:58:24 | INFO     | app.recognition.face_recognizer:105 - identify_in_frame cam=2: 0 face(s) detected, 2 track(s)
2026-04-22 14:58:33 | INFO     | app.pipeline.processing_pipeline:523 - Pipeline cam=2: 3.1 fps actual
2026-04-22 14:58:40 | INFO     | app.recognition.face_recognizer:105 - identify_in_frame cam=2: 2 face(s) detected, 2 track(s)
2026-04-22 14:58:40 | INFO     | app.recognition.face_recognizer:204 -   face→track 35: best_id=1024 score=0.0728 (high>=0.5 verified>=0.42 med>=0.37)
2026-04-22 14:58:40 | INFO     | app.pipeline.processing_pipeline:523 - Pipeline cam=3: 1.5 fps actual
2026-04-22 14:58:42 | INFO     | app.recognition.face_recognizer:105 - identify_in_frame cam=2: 0 face(s) detected, 2 track(s)
2026-04-22 14:58:43 | INFO     | app.recognition.face_recognizer:105 - identify_in_frame cam=2: 0 face(s) detected, 3 track(s)
2026-04-22 14:58:44 | INFO     | app.recognition.face_recognizer:105 - identify_in_frame cam=2: 0 face(s) detected, 1 track(s)
2026-04-22 14:58:44 | INFO     | app.pipeline.processing_pipeline:523 - Pipeline cam=2: 2.8 fps actual
2026-04-22 14:58:44 | INFO     | app.recognition.face_recognizer:105 - identify_in_frame cam=2: 0 face(s) detected, 3 track(s)
2026-04-22 14:58:47 | INFO     | app.recognition.face_recognizer:105 - identify_in_frame cam=2: 0 face(s) detected, 3 track(s)
2026-04-22 14:58:50 | INFO     | app.recognition.face_recognizer:105 - identify_in_frame cam=2: 0 face(s) detected, 3 track(s)
2026-04-22 14:58:54 | INFO     | app.pipeline.processing_pipeline:523 - Pipeline cam=2: 3.1 fps actual
2026-04-22 14:59:03 | INFO     | app.pipeline.processing_pipeline:523 - Pipeline cam=2: 3.2 fps actual
2026-04-22 14:59:05 | INFO     | app.pipeline.processing_pipeline:523 - Pipeline cam=3: 1.2 fps actual
2026-04-22 14:59:16 | INFO     | app.pipeline.processing_pipeline:523 - Pipeline cam=2: 2.4 fps actual
2026-04-22 14:59:24 | INFO     | app.pipeline.processing_pipeline:523 - Pipeline cam=2: 3.6 fps actual
2026-04-22 14:59:34 | INFO     | app.pipeline.processing_pipeline:523 - Pipeline cam=2: 2.9 fps actual
2026-04-22 14:59:34 | INFO     | app.pipeline.processing_pipeline:523 - Pipeline cam=3: 1.0 fps actual
2026-04-22 14:59:44 | INFO     | app.pipeline.processing_pipeline:523 - Pipeline cam=2: 3.0 fps actual
2026-04-22 14:59:54 | INFO     | app.pipeline.processing_pipeline:523 - Pipeline cam=2: 3.1 fps actual
2026-04-22 15:00:01 | INFO     | app.api.ws:51 - WS: client connected (1 total)
2026-04-22 15:00:03 | INFO     | app.pipeline.processing_pipeline:523 - Pipeline cam=3: 1.1 fps actual
2026-04-22 15:00:04 | INFO     | app.api.ws:56 - WS: client disconnected (0 remaining)
2026-04-22 15:00:05 | INFO     | app.pipeline.processing_pipeline:523 - Pipeline cam=2: 2.7 fps actual
2026-04-22 15:00:16 | INFO     | app.pipeline.processing_pipeline:523 - Pipeline cam=2: 2.9 fps actual
2026-04-22 15:00:25 | INFO     | app.pipeline.processing_pipeline:523 - Pipeline cam=2: 3.2 fps actual
2026-04-22 15:00:30 | INFO     | app.pipeline.processing_pipeline:523 - Pipeline cam=3: 1.1 fps actual
2026-04-22 15:00:36 | INFO     | app.pipeline.processing_pipeline:523 - Pipeline cam=2: 2.8 fps actual
2026-04-22 15:00:49 | INFO     | app.pipeline.processing_pipeline:523 - Pipeline cam=2: 2.2 fps actual
2026-04-22 15:01:00 | INFO     | app.pipeline.processing_pipeline:523 - Pipeline cam=3: 1.0 fps actual
2026-04-22 15:01:02 | INFO     | app.pipeline.processing_pipeline:523 - Pipeline cam=2: 2.3 fps actual
2026-04-22 15:01:15 | INFO     | app.pipeline.processing_pipeline:523 - Pipeline cam=2: 2.3 fps actual
2026-04-22 15:01:25 | INFO     | app.pipeline.processing_pipeline:523 - Pipeline cam=2: 3.0 fps actual
2026-04-22 15:01:34 | INFO     | app.pipeline.processing_pipeline:523 - Pipeline cam=3: 0.9 fps actual
2026-04-22 15:01:38 | INFO     | app.pipeline.processing_pipeline:523 - Pipeline cam=2: 2.4 fps actual
2026-04-22 15:01:48 | INFO     | app.pipeline.processing_pipeline:523 - Pipeline cam=2: 2.8 fps actual
2026-04-22 15:01:54 | INFO     | app.recognition.face_recognizer:105 - identify_in_frame cam=3: 0 face(s) detected, 1 track(s)
2026-04-22 15:01:55 | INFO     | app.recognition.face_recognizer:105 - identify_in_frame cam=2: 1 face(s) detected, 1 track(s)
2026-04-22 15:01:56 | INFO     | app.recognition.face_recognizer:105 - identify_in_frame cam=2: 1 face(s) detected, 2 track(s)
2026-04-22 15:01:56 | INFO     | app.recognition.face_recognizer:204 -   face→track 39: best_id=1025 score=0.1650 (high>=0.5 verified>=0.42 med>=0.37)
2026-04-22 15:01:57 | INFO     | app.recognition.face_recognizer:105 - identify_in_frame cam=2: 0 face(s) detected, 3 track(s)
2026-04-22 15:01:58 | INFO     | app.recognition.face_recognizer:105 - identify_in_frame cam=3: 0 face(s) detected, 1 track(s)
2026-04-22 15:01:58 | INFO     | app.recognition.face_recognizer:105 - identify_in_frame cam=2: 0 face(s) detected, 2 track(s)
2026-04-22 15:01:59 | INFO     | app.recognition.face_recognizer:105 - identify_in_frame cam=2: 0 face(s) detected, 1 track(s)
2026-04-22 15:02:00 | INFO     | app.pipeline.processing_pipeline:523 - Pipeline cam=2: 2.6 fps actual
2026-04-22 15:02:00 | INFO     | app.recognition.face_recognizer:105 - identify_in_frame cam=2: 0 face(s) detected, 3 track(s)
2026-04-22 15:02:00 | INFO     | app.recognition.face_recognizer:105 - identify_in_frame cam=3: 0 face(s) detected, 1 track(s)
2026-04-22 15:02:04 | INFO     | app.recognition.face_recognizer:105 - identify_in_frame cam=2: 0 face(s) detected, 3 track(s)
2026-04-22 15:02:06 | INFO     | app.pipeline.processing_pipeline:523 - Pipeline cam=3: 0.9 fps actual
2026-04-22 15:02:07 | INFO     | app.recognition.face_recognizer:105 - identify_in_frame cam=3: 0 face(s) detected, 1 track(s)
2026-04-22 15:02:09 | INFO     | app.recognition.face_recognizer:105 - identify_in_frame cam=2: 0 face(s) detected, 1 track(s)
2026-04-22 15:02:12 | INFO     | app.recognition.face_recognizer:105 - identify_in_frame cam=3: 0 face(s) detected, 1 track(s)
2026-04-22 15:02:14 | INFO     | app.pipeline.processing_pipeline:523 - Pipeline cam=2: 2.1 fps actual
2026-04-22 15:02:19 | INFO     | app.pipeline.processing_pipeline:523 - Pipeline cam=3: 2.3 fps actual
2026-04-22 15:02:27 | INFO     | app.pipeline.processing_pipeline:523 - Pipeline cam=2: 2.4 fps actual
2026-04-22 15:02:30 | INFO     | app.pipeline.processing_pipeline:523 - Pipeline cam=3: 2.7 fps actual
2026-04-22 15:02:38 | INFO     | app.pipeline.processing_pipeline:523 - Pipeline cam=2: 2.6 fps actual
2026-04-22 15:02:42 | INFO     | app.pipeline.processing_pipeline:523 - Pipeline cam=3: 2.7 fps actual
2026-04-22 15:02:49 | INFO     | app.pipeline.processing_pipeline:523 - Pipeline cam=2: 2.9 fps actual
2026-04-22 15:02:52 | INFO     | app.pipeline.processing_pipeline:523 - Pipeline cam=3: 2.8 fps actual
2026-04-22 15:02:54 | INFO     | app.services.alert_service:74 - Alert: Prateek missing — last seen 15m ago
2026-04-22 15:02:57 | INFO     | app.pipeline.processing_pipeline:523 - Pipeline cam=2: 3.5 fps actual
2026-04-22 15:03:04 | INFO     | app.pipeline.processing_pipeline:523 - Pipeline cam=3: 2.7 fps actual
2026-04-22 15:03:08 | INFO     | app.pipeline.processing_pipeline:523 - Pipeline cam=2: 2.9 fps actual
2026-04-22 15:03:13 | INFO     | app.pipeline.processing_pipeline:523 - Pipeline cam=3: 3.2 fps actual
2026-04-22 15:03:20 | INFO     | app.pipeline.processing_pipeline:523 - Pipeline cam=2: 2.5 fps actual
2026-04-22 15:03:25 | INFO     | app.pipeline.processing_pipeline:523 - Pipeline cam=3: 2.5 fps actual
2026-04-22 15:03:32 | INFO     | app.pipeline.processing_pipeline:523 - Pipeline cam=2: 2.4 fps actual
2026-04-22 15:03:37 | INFO     | app.pipeline.processing_pipeline:523 - Pipeline cam=3: 2.4 fps actual
2026-04-22 15:03:44 | INFO     | app.pipeline.processing_pipeline:523 - Pipeline cam=2: 2.5 fps actual
2026-04-22 15:03:51 | INFO     | app.pipeline.processing_pipeline:523 - Pipeline cam=3: 2.2 fps actual
2026-04-22 15:03:56 | INFO     | app.pipeline.processing_pipeline:523 - Pipeline cam=2: 2.6 fps actual
2026-04-22 15:04:02 | INFO     | app.pipeline.processing_pipeline:523 - Pipeline cam=3: 2.8 fps actual
2026-04-22 15:04:08 | INFO     | app.pipeline.processing_pipeline:523 - Pipeline cam=2: 2.5 fps actual
2026-04-22 15:04:14 | INFO     | app.pipeline.processing_pipeline:523 - Pipeline cam=3: 2.4 fps actual
2026-04-22 15:04:19 | INFO     | app.pipeline.processing_pipeline:523 - Pipeline cam=2: 2.6 fps actual
2026-04-22 15:04:22 | INFO     | app.recognition.face_recognizer:105 - identify_in_frame cam=3: 1 face(s) detected, 1 track(s)
2026-04-22 15:04:22 | INFO     | app.recognition.face_recognizer:204 -   face→track 21: best_id=2028 score=0.0920 (high>=0.5 verified>=0.42 med>=0.37)
2026-04-22 15:04:22 | INFO     | app.recognition.face_recognizer:105 - identify_in_frame cam=2: 0 face(s) detected, 1 track(s)
2026-04-22 15:04:23 | INFO     | app.recognition.face_recognizer:105 - identify_in_frame cam=2: 0 face(s) detected, 1 track(s)
2026-04-22 15:04:24 | INFO     | app.recognition.face_recognizer:105 - identify_in_frame cam=3: 0 face(s) detected, 1 track(s)
2026-04-22 15:04:24 | INFO     | app.recognition.face_recognizer:105 - identify_in_frame cam=2: 1 face(s) detected, 1 track(s)
2026-04-22 15:04:25 | INFO     | app.pipeline.processing_pipeline:523 - Pipeline cam=3: 2.8 fps actual
2026-04-22 15:04:25 | INFO     | app.recognition.face_recognizer:105 - identify_in_frame cam=3: 0 face(s) detected, 2 track(s)
2026-04-22 15:04:26 | INFO     | app.recognition.face_recognizer:105 - identify_in_frame cam=2: 1 face(s) detected, 1 track(s)
2026-04-22 15:04:26 | INFO     | app.recognition.face_recognizer:204 -   face→track 41: best_id=7 score=0.1540 (high>=0.5 verified>=0.42 med>=0.37)
2026-04-22 15:04:26 | INFO     | app.recognition.face_recognizer:105 - identify_in_frame cam=2: 1 face(s) detected, 2 track(s)
2026-04-22 15:04:26 | INFO     | app.recognition.face_recognizer:204 -   face→track 42: best_id=1019 score=0.1310 (high>=0.5 verified>=0.42 med>=0.37)
2026-04-22 15:04:27 | INFO     | app.recognition.face_recognizer:105 - identify_in_frame cam=3: 0 face(s) detected, 1 track(s)
2026-04-22 15:04:27 | INFO     | app.recognition.face_recognizer:105 - identify_in_frame cam=2: 1 face(s) detected, 2 track(s)
2026-04-22 15:04:28 | INFO     | app.recognition.face_recognizer:105 - identify_in_frame cam=3: 0 face(s) detected, 1 track(s)
2026-04-22 15:04:29 | INFO     | app.recognition.face_recognizer:105 - identify_in_frame cam=2: 1 face(s) detected, 2 track(s)
2026-04-22 15:04:29 | INFO     | app.recognition.face_recognizer:204 -   face→track 42: best_id=1015 score=0.2322 (high>=0.5 verified>=0.42 med>=0.37)
2026-04-22 15:04:29 | INFO     | app.recognition.face_recognizer:105 - identify_in_frame cam=3: 0 face(s) detected, 2 track(s)
2026-04-22 15:04:30 | INFO     | app.pipeline.processing_pipeline:523 - Pipeline cam=2: 2.8 fps actual
2026-04-22 15:04:30 | INFO     | app.recognition.face_recognizer:105 - identify_in_frame cam=2: 0 face(s) detected, 4 track(s)
2026-04-22 15:04:31 | INFO     | app.recognition.face_recognizer:105 - identify_in_frame cam=2: 0 face(s) detected, 1 track(s)
2026-04-22 15:04:32 | INFO     | app.recognition.face_recognizer:105 - identify_in_frame cam=2: 0 face(s) detected, 1 track(s)
2026-04-22 15:04:32 | INFO     | app.recognition.face_recognizer:105 - identify_in_frame cam=3: 0 face(s) detected, 2 track(s)
2026-04-22 15:04:34 | INFO     | app.recognition.face_recognizer:105 - identify_in_frame cam=2: 0 face(s) detected, 4 track(s)
2026-04-22 15:04:36 | INFO     | app.pipeline.processing_pipeline:523 - Pipeline cam=3: 2.6 fps actual
2026-04-22 15:04:38 | INFO     | app.recognition.face_recognizer:105 - identify_in_frame cam=2: 0 face(s) detected, 4 track(s)
2026-04-22 15:04:43 | INFO     | app.pipeline.processing_pipeline:523 - Pipeline cam=2: 2.3 fps actual
2026-04-22 15:04:48 | INFO     | app.pipeline.processing_pipeline:523 - Pipeline cam=3: 2.7 fps actual
2026-04-22 15:04:54 | INFO     | app.pipeline.processing_pipeline:523 - Pipeline cam=2: 2.7 fps actual
2026-04-22 15:04:59 | INFO     | app.pipeline.processing_pipeline:523 - Pipeline cam=3: 2.7 fps actual
2026-04-22 15:05:06 | INFO     | app.pipeline.processing_pipeline:523 - Pipeline cam=2: 2.6 fps actual
2026-04-22 15:05:10 | INFO     | app.pipeline.processing_pipeline:523 - Pipeline cam=3: 2.6 fps actual
2026-04-22 15:05:15 | INFO     | app.pipeline.processing_pipeline:523 - Pipeline cam=2: 3.2 fps actual
2026-04-22 15:05:22 | INFO     | app.pipeline.processing_pipeline:523 - Pipeline cam=3: 2.6 fps actual
2026-04-22 15:05:27 | INFO     | app.pipeline.processing_pipeline:523 - Pipeline cam=2: 2.5 fps actual
2026-04-22 15:05:33 | INFO     | app.pipeline.processing_pipeline:523 - Pipeline cam=3: 2.6 fps actual
2026-04-22 15:05:39 | INFO     | app.pipeline.processing_pipeline:523 - Pipeline cam=2: 2.5 fps actual
2026-04-22 15:05:44 | INFO     | app.pipeline.processing_pipeline:523 - Pipeline cam=3: 2.9 fps actual
2026-04-22 15:05:51 | INFO     | app.pipeline.processing_pipeline:523 - Pipeline cam=2: 2.6 fps actual
2026-04-22 15:05:56 | INFO     | app.pipeline.processing_pipeline:523 - Pipeline cam=3: 2.5 fps actual
2026-04-22 15:06:04 | INFO     | app.pipeline.processing_pipeline:523 - Pipeline cam=2: 2.3 fps actual
2026-04-22 15:06:09 | INFO     | app.pipeline.processing_pipeline:523 - Pipeline cam=3: 2.2 fps actual
2026-04-22 15:06:19 | INFO     | app.pipeline.processing_pipeline:523 - Pipeline cam=2: 2.0 fps actual
2026-04-22 15:06:21 | INFO     | app.pipeline.processing_pipeline:523 - Pipeline cam=3: 2.5 fps actual
2026-04-22 15:06:30 | INFO     | app.pipeline.processing_pipeline:523 - Pipeline cam=2: 2.8 fps actual
2026-04-22 15:06:34 | INFO     | app.pipeline.processing_pipeline:523 - Pipeline cam=3: 2.3 fps actual
2026-04-22 15:06:43 | INFO     | app.pipeline.processing_pipeline:523 - Pipeline cam=2: 2.4 fps actual
2026-04-22 15:06:46 | INFO     | app.pipeline.processing_pipeline:523 - Pipeline cam=3: 2.4 fps actual
2026-04-22 15:06:54 | INFO     | app.pipeline.processing_pipeline:523 - Pipeline cam=2: 2.6 fps actual
2026-04-22 15:06:59 | INFO     | app.pipeline.processing_pipeline:523 - Pipeline cam=3: 2.3 fps actual
2026-04-22 15:07:07 | INFO     | app.pipeline.processing_pipeline:523 - Pipeline cam=2: 2.4 fps actual
2026-04-22 15:07:11 | INFO     | app.pipeline.processing_pipeline:523 - Pipeline cam=3: 2.5 fps actual
2026-04-22 15:07:17 | INFO     | app.pipeline.processing_pipeline:523 - Pipeline cam=2: 2.9 fps actual
2026-04-22 15:07:26 | INFO     | app.pipeline.processing_pipeline:523 - Pipeline cam=3: 2.1 fps actual
2026-04-22 15:07:27 | INFO     | app.pipeline.processing_pipeline:523 - Pipeline cam=2: 2.9 fps actual
2026-04-22 15:07:38 | INFO     | app.pipeline.processing_pipeline:523 - Pipeline cam=2: 2.8 fps actual
2026-04-22 15:07:39 | INFO     | app.pipeline.processing_pipeline:523 - Pipeline cam=3: 2.2 fps actual
2026-04-22 15:07:50 | INFO     | app.pipeline.processing_pipeline:523 - Pipeline cam=2: 2.5 fps actual
2026-04-22 15:07:51 | INFO     | app.pipeline.processing_pipeline:523 - Pipeline cam=3: 2.4 fps actual
2026-04-22 15:08:02 | INFO     | app.pipeline.processing_pipeline:523 - Pipeline cam=2: 2.6 fps actual
2026-04-22 15:08:03 | INFO     | app.pipeline.processing_pipeline:523 - Pipeline cam=3: 2.6 fps actual
2026-04-22 15:08:13 | INFO     | app.pipeline.processing_pipeline:523 - Pipeline cam=2: 2.7 fps actual
2026-04-22 15:08:17 | INFO     | app.pipeline.processing_pipeline:523 - Pipeline cam=3: 2.1 fps actual
2026-04-22 15:08:23 | INFO     | app.pipeline.processing_pipeline:523 - Pipeline cam=2: 3.0 fps actual
2026-04-22 15:08:28 | INFO     | app.pipeline.processing_pipeline:523 - Pipeline cam=3: 2.9 fps actual
2026-04-22 15:08:35 | INFO     | app.pipeline.processing_pipeline:523 - Pipeline cam=2: 2.4 fps actual
2026-04-22 15:08:38 | INFO     | app.pipeline.processing_pipeline:523 - Pipeline cam=3: 2.8 fps actual
2026-04-22 15:08:49 | INFO     | app.pipeline.processing_pipeline:523 - Pipeline cam=2: 2.2 fps actual
2026-04-22 15:08:51 | INFO     | app.pipeline.processing_pipeline:523 - Pipeline cam=3: 2.4 fps actual
2026-04-22 15:09:03 | INFO     | app.pipeline.processing_pipeline:523 - Pipeline cam=2: 2.1 fps actual
2026-04-22 15:09:05 | INFO     | app.pipeline.processing_pipeline:523 - Pipeline cam=3: 2.1 fps actual
2026-04-22 15:09:11 | INFO     | app.pipeline.processing_pipeline:523 - Pipeline cam=2: 3.5 fps actual
2026-04-22 15:09:16 | INFO     | app.api.ws:51 - WS: client connected (1 total)
2026-04-22 15:09:18 | INFO     | app.pipeline.processing_pipeline:523 - Pipeline cam=3: 2.3 fps actual
2026-04-22 15:09:19 | INFO     | app.api.ws:56 - WS: client disconnected (0 remaining)
2026-04-22 15:09:25 | INFO     | app.pipeline.processing_pipeline:523 - Pipeline cam=2: 2.2 fps actual
2026-04-22 15:09:29 | INFO     | app.pipeline.processing_pipeline:523 - Pipeline cam=3: 2.7 fps actual
2026-04-22 15:09:35 | INFO     | app.pipeline.processing_pipeline:523 - Pipeline cam=2: 3.0 fps actual
2026-04-22 15:09:35 | INFO     | app.recognition.face_recognizer:105 - identify_in_frame cam=2: 0 face(s) detected, 1 track(s)
2026-04-22 15:09:36 | INFO     | app.recognition.face_recognizer:105 - identify_in_frame cam=2: 0 face(s) detected, 2 track(s)
2026-04-22 15:09:38 | INFO     | app.recognition.face_recognizer:105 - identify_in_frame cam=2: 0 face(s) detected, 2 track(s)
2026-04-22 15:09:38 | INFO     | app.recognition.face_recognizer:105 - identify_in_frame cam=2: 0 face(s) detected, 1 track(s)
2026-04-22 15:09:38 | INFO     | app.recognition.face_recognizer:105 - identify_in_frame cam=2: 0 face(s) detected, 2 track(s)
2026-04-22 15:09:40 | INFO     | app.pipeline.processing_pipeline:523 - Pipeline cam=3: 2.8 fps actual
2026-04-22 15:09:41 | INFO     | app.recognition.face_recognizer:105 - identify_in_frame cam=2: 0 face(s) detected, 2 track(s)
2026-04-22 15:09:45 | INFO     | app.pipeline.processing_pipeline:523 - Pipeline cam=2: 2.9 fps actual
2026-04-22 15:09:45 | INFO     | app.recognition.face_recognizer:105 - identify_in_frame cam=2: 0 face(s) detected, 1 track(s)
2026-04-22 15:09:50 | INFO     | app.recognition.face_recognizer:105 - identify_in_frame cam=2: 1 face(s) detected, 1 track(s)
2026-04-22 15:09:50 | INFO     | app.recognition.face_recognizer:204 -   face→track 47: best_id=7 score=0.4841 (high>=0.5 verified>=0.42 med>=0.37)
2026-04-22 15:09:51 | INFO     | app.recognition.face_recognizer:230 -   frame_verified candidate emp=7 score=0.4841 verified=True sim=0.5314 facenet_min=0.50
2026-04-22 15:09:51 | INFO     | app.recognition.face_recognizer:240 - identify_in_frame MATCH (verified): cam=2 track=47 → emp=7 score=0.4841
2026-04-22 15:09:51 | INFO     | app.pipeline.processing_pipeline:138 - Recognized cam=2 track=47 → employee_id=7 conf=0.48 method=frame_verified stable=1/2
2026-04-22 15:09:51 | INFO     | app.pipeline.processing_pipeline:241 -   attendance held: emp=7 stable=1/2 method=frame_verified
2026-04-22 15:09:51 | INFO     | app.services.attendance_service:274 - Attendance: employee 7 returned — long break (22.0 min)
2026-04-22 15:09:52 | INFO     | app.recognition.face_recognizer:105 - identify_in_frame cam=2: 1 face(s) detected, 1 track(s)
2026-04-22 15:09:52 | INFO     | app.recognition.face_recognizer:204 -   face→track 47: best_id=7 score=0.5429 (high>=0.5 verified>=0.42 med>=0.37)
2026-04-22 15:09:52 | INFO     | app.recognition.face_recognizer:217 - identify_in_frame MATCH: cam=2 track=47 → emp=7 score=0.5429
2026-04-22 15:09:53 | INFO     | app.pipeline.processing_pipeline:523 - Pipeline cam=3: 2.4 fps actual
2026-04-22 15:09:55 | INFO     | app.recognition.face_recognizer:105 - identify_in_frame cam=2: 0 face(s) detected, 1 track(s)
2026-04-22 15:09:56 | INFO     | app.pipeline.processing_pipeline:523 - Pipeline cam=2: 2.7 fps actual
2026-04-22 15:09:56 | INFO     | app.recognition.face_recognizer:105 - identify_in_frame cam=2: 0 face(s) detected, 1 track(s)
2026-04-22 15:09:58 | INFO     | app.recognition.face_recognizer:105 - identify_in_frame cam=2: 0 face(s) detected, 1 track(s)
2026-04-22 15:10:00 | INFO     | app.recognition.face_recognizer:105 - identify_in_frame cam=2: 0 face(s) detected, 1 track(s)
2026-04-22 15:10:02 | INFO     | app.pipeline.processing_pipeline:523 - Pipeline cam=3: 3.2 fps actual
2026-04-22 15:10:03 | INFO     | app.recognition.face_recognizer:105 - identify_in_frame cam=2: 0 face(s) detected, 1 track(s)
2026-04-22 15:10:06 | INFO     | app.pipeline.processing_pipeline:523 - Pipeline cam=2: 3.2 fps actual
2026-04-22 15:10:09 | INFO     | app.api.ws:51 - WS: client connected (1 total)
2026-04-22 15:10:10 | INFO     | app.api.ws:56 - WS: client disconnected (0 remaining)
2026-04-22 15:10:14 | INFO     | app.pipeline.processing_pipeline:523 - Pipeline cam=3: 2.7 fps actual
2026-04-22 15:10:18 | INFO     | app.pipeline.processing_pipeline:523 - Pipeline cam=2: 2.5 fps actual
2026-04-22 15:10:25 | INFO     | app.pipeline.processing_pipeline:523 - Pipeline cam=3: 2.7 fps actual
2026-04-22 15:10:28 | INFO     | app.pipeline.processing_pipeline:523 - Pipeline cam=2: 2.8 fps actual
2026-04-22 15:10:35 | INFO     | app.pipeline.processing_pipeline:523 - Pipeline cam=3: 2.9 fps actual
2026-04-22 15:10:38 | INFO     | app.pipeline.processing_pipeline:523 - Pipeline cam=2: 3.3 fps actual
2026-04-22 15:10:45 | INFO     | app.pipeline.processing_pipeline:523 - Pipeline cam=3: 3.1 fps actual
2026-04-22 15:10:46 | INFO     | app.pipeline.processing_pipeline:523 - Pipeline cam=2: 3.4 fps actual
2026-04-22 15:10:56 | INFO     | app.pipeline.processing_pipeline:523 - Pipeline cam=3: 2.7 fps actual
2026-04-22 15:10:57 | INFO     | app.pipeline.processing_pipeline:523 - Pipeline cam=2: 3.0 fps actual
2026-04-22 15:11:05 | INFO     | app.pipeline.processing_pipeline:523 - Pipeline cam=3: 3.2 fps actual
2026-04-22 15:11:07 | INFO     | app.pipeline.processing_pipeline:523 - Pipeline cam=2: 3.0 fps actual
2026-04-22 15:11:15 | INFO     | app.pipeline.processing_pipeline:523 - Pipeline cam=3: 2.9 fps actual
2026-04-22 15:11:16 | INFO     | app.pipeline.processing_pipeline:523 - Pipeline cam=2: 3.0 fps actual
2026-04-22 15:11:26 | INFO     | app.pipeline.processing_pipeline:523 - Pipeline cam=3: 2.9 fps actual
2026-04-22 15:11:26 | INFO     | app.pipeline.processing_pipeline:523 - Pipeline cam=2: 3.1 fps actual
2026-04-22 15:11:37 | INFO     | app.pipeline.processing_pipeline:523 - Pipeline cam=3: 2.7 fps actual
2026-04-22 15:11:40 | INFO     | app.pipeline.processing_pipeline:523 - Pipeline cam=2: 2.1 fps actual
2026-04-22 15:11:44 | INFO     | app.api.ws:51 - WS: client connected (1 total)
2026-04-22 15:11:45 | INFO     | app.api.ws:56 - WS: client disconnected (0 remaining)
2026-04-22 15:11:46 | INFO     | app.pipeline.processing_pipeline:523 - Pipeline cam=3: 3.3 fps actual
2026-04-22 15:11:52 | INFO     | app.pipeline.processing_pipeline:523 - Pipeline cam=2: 2.6 fps actual
2026-04-22 15:11:57 | INFO     | app.pipeline.processing_pipeline:523 - Pipeline cam=3: 2.8 fps actual
2026-04-22 15:12:02 | INFO     | app.pipeline.processing_pipeline:523 - Pipeline cam=2: 3.0 fps actual
2026-04-22 15:12:07 | INFO     | app.pipeline.processing_pipeline:523 - Pipeline cam=3: 2.9 fps actual
2026-04-22 15:12:10 | INFO     | app.pipeline.processing_pipeline:523 - Pipeline cam=2: 3.4 fps actual
2026-04-22 15:12:19 | INFO     | app.pipeline.processing_pipeline:523 - Pipeline cam=3: 2.6 fps actual
2026-04-22 15:12:23 | INFO     | app.pipeline.processing_pipeline:523 - Pipeline cam=2: 2.5 fps actual
2026-04-22 15:12:30 | INFO     | app.pipeline.processing_pipeline:523 - Pipeline cam=3: 2.6 fps actual
2026-04-22 15:12:33 | INFO     | app.pipeline.processing_pipeline:523 - Pipeline cam=2: 2.9 fps actual
2026-04-22 15:12:40 | INFO     | app.pipeline.processing_pipeline:523 - Pipeline cam=3: 3.2 fps actual
2026-04-22 15:12:44 | INFO     | app.pipeline.processing_pipeline:523 - Pipeline cam=2: 2.6 fps actual
2026-04-22 15:12:45 | INFO     | app.recognition.face_recognizer:105 - identify_in_frame cam=2: 1 face(s) detected, 1 track(s)
2026-04-22 15:12:45 | INFO     | app.recognition.face_recognizer:204 -   face→track 50: best_id=1016 score=0.1655 (high>=0.5 verified>=0.42 med>=0.37)
2026-04-22 15:12:46 | INFO     | app.recognition.face_recognizer:105 - identify_in_frame cam=2: 0 face(s) detected, 1 track(s)
2026-04-22 15:12:47 | INFO     | app.recognition.face_recognizer:105 - identify_in_frame cam=2: 0 face(s) detected, 1 track(s)
2026-04-22 15:12:49 | INFO     | app.recognition.face_recognizer:105 - identify_in_frame cam=2: 0 face(s) detected, 1 track(s)
2026-04-22 15:12:50 | INFO     | app.pipeline.processing_pipeline:523 - Pipeline cam=3: 2.8 fps actual
2026-04-22 15:12:53 | INFO     | app.recognition.face_recognizer:105 - identify_in_frame cam=2: 0 face(s) detected, 1 track(s)
2026-04-22 15:12:56 | INFO     | app.pipeline.processing_pipeline:523 - Pipeline cam=2: 2.5 fps actual
2026-04-22 15:12:56 | INFO     | app.recognition.face_recognizer:105 - identify_in_frame cam=2: 0 face(s) detected, 1 track(s)
2026-04-22 15:12:58 | INFO     | app.recognition.face_recognizer:105 - identify_in_frame cam=3: 0 face(s) detected, 1 track(s)
2026-04-22 15:12:58 | INFO     | app.recognition.face_recognizer:105 - identify_in_frame cam=3: 0 face(s) detected, 1 track(s)
2026-04-22 15:12:59 | INFO     | app.pipeline.processing_pipeline:523 - Pipeline cam=3: 3.4 fps actual
2026-04-22 15:12:59 | INFO     | app.recognition.face_recognizer:105 - identify_in_frame cam=3: 2 face(s) detected, 1 track(s)
2026-04-22 15:12:59 | INFO     | app.recognition.face_recognizer:204 -   face→track 23: best_id=1003 score=0.1111 (high>=0.5 verified>=0.42 med>=0.37)
2026-04-22 15:13:01 | INFO     | app.recognition.face_recognizer:105 - identify_in_frame cam=2: 0 face(s) detected, 1 track(s)
2026-04-22 15:13:02 | INFO     | app.recognition.face_recognizer:105 - identify_in_frame cam=3: 0 face(s) detected, 1 track(s)
2026-04-22 15:13:06 | INFO     | app.recognition.face_recognizer:105 - identify_in_frame cam=2: 0 face(s) detected, 1 track(s)
2026-04-22 15:13:06 | INFO     | app.recognition.face_recognizer:105 - identify_in_frame cam=3: 0 face(s) detected, 1 track(s)
2026-04-22 15:13:10 | INFO     | app.pipeline.processing_pipeline:523 - Pipeline cam=2: 2.3 fps actual
2026-04-22 15:13:10 | INFO     | app.recognition.face_recognizer:105 - identify_in_frame cam=2: 0 face(s) detected, 1 track(s)
2026-04-22 15:13:10 | INFO     | app.pipeline.processing_pipeline:523 - Pipeline cam=3: 2.7 fps actual
2026-04-22 15:13:10 | INFO     | app.recognition.face_recognizer:105 - identify_in_frame cam=3: 0 face(s) detected, 1 track(s)
2026-04-22 15:13:20 | INFO     | app.pipeline.processing_pipeline:523 - Pipeline cam=2: 2.9 fps actual
2026-04-22 15:13:21 | INFO     | app.pipeline.processing_pipeline:523 - Pipeline cam=3: 2.8 fps actual
2026-04-22 15:13:30 | INFO     | app.pipeline.processing_pipeline:523 - Pipeline cam=2: 2.9 fps actual
2026-04-22 15:13:35 | INFO     | app.pipeline.processing_pipeline:523 - Pipeline cam=3: 2.2 fps actual
2026-04-22 15:13:42 | INFO     | app.pipeline.processing_pipeline:523 - Pipeline cam=2: 2.7 fps actual
2026-04-22 15:13:43 | INFO     | app.recognition.face_recognizer:105 - identify_in_frame cam=3: 0 face(s) detected, 1 track(s)
2026-04-22 15:13:44 | INFO     | app.recognition.face_recognizer:105 - identify_in_frame cam=2: 0 face(s) detected, 1 track(s)
2026-04-22 15:13:45 | INFO     | app.recognition.face_recognizer:105 - identify_in_frame cam=3: 0 face(s) detected, 1 track(s)
2026-04-22 15:13:45 | INFO     | app.recognition.face_recognizer:105 - identify_in_frame cam=2: 0 face(s) detected, 1 track(s)
2026-04-22 15:13:46 | INFO     | app.recognition.face_recognizer:105 - identify_in_frame cam=3: 0 face(s) detected, 1 track(s)
2026-04-22 15:13:46 | INFO     | app.recognition.face_recognizer:105 - identify_in_frame cam=2: 1 face(s) detected, 1 track(s)
2026-04-22 15:13:46 | INFO     | app.recognition.face_recognizer:204 -   face→track 51: best_id=1025 score=0.2104 (high>=0.5 verified>=0.42 med>=0.37)
2026-04-22 15:13:47 | INFO     | app.pipeline.processing_pipeline:523 - Pipeline cam=3: 2.4 fps actual
2026-04-22 15:13:48 | INFO     | app.recognition.face_recognizer:105 - identify_in_frame cam=3: 0 face(s) detected, 1 track(s)
2026-04-22 15:13:48 | INFO     | app.recognition.face_recognizer:105 - identify_in_frame cam=2: 0 face(s) detected, 1 track(s)
2026-04-22 15:13:48 | INFO     | app.recognition.face_recognizer:105 - identify_in_frame cam=2: 0 face(s) detected, 1 track(s)
2026-04-22 15:13:50 | INFO     | app.recognition.face_recognizer:105 - identify_in_frame cam=2: 0 face(s) detected, 1 track(s)
2026-04-22 15:13:51 | INFO     | app.recognition.face_recognizer:105 - identify_in_frame cam=2: 0 face(s) detected, 1 track(s)
2026-04-22 15:13:52 | INFO     | app.recognition.face_recognizer:105 - identify_in_frame cam=3: 0 face(s) detected, 1 track(s)
2026-04-22 15:13:53 | INFO     | app.pipeline.processing_pipeline:523 - Pipeline cam=2: 2.7 fps actual
2026-04-22 15:13:53 | INFO     | app.recognition.face_recognizer:105 - identify_in_frame cam=2: 0 face(s) detected, 2 track(s)
2026-04-22 15:13:56 | INFO     | app.recognition.face_recognizer:105 - identify_in_frame cam=3: 0 face(s) detected, 1 track(s)
2026-04-22 15:13:57 | INFO     | app.recognition.face_recognizer:105 - identify_in_frame cam=2: 0 face(s) detected, 2 track(s)
2026-04-22 15:13:59 | INFO     | app.pipeline.processing_pipeline:523 - Pipeline cam=3: 2.5 fps actual
2026-04-22 15:14:04 | INFO     | app.pipeline.processing_pipeline:523 - Pipeline cam=2: 2.6 fps actual
2026-04-22 15:14:13 | INFO     | app.pipeline.processing_pipeline:523 - Pipeline cam=3: 2.1 fps actual
2026-04-22 15:14:14 | INFO     | app.pipeline.processing_pipeline:523 - Pipeline cam=2: 2.9 fps actual
2026-04-22 15:14:27 | INFO     | app.pipeline.processing_pipeline:523 - Pipeline cam=3: 2.3 fps actual
2026-04-22 15:14:28 | INFO     | app.pipeline.processing_pipeline:523 - Pipeline cam=2: 2.1 fps actual
2026-04-22 15:14:38 | INFO     | app.pipeline.processing_pipeline:523 - Pipeline cam=3: 2.6 fps actual
2026-04-22 15:14:40 | INFO     | app.pipeline.processing_pipeline:523 - Pipeline cam=2: 2.6 fps actual
2026-04-22 15:14:49 | INFO     | app.pipeline.processing_pipeline:523 - Pipeline cam=3: 2.7 fps actual
2026-04-22 15:14:51 | INFO     | app.pipeline.processing_pipeline:523 - Pipeline cam=2: 2.7 fps actual
2026-04-22 15:14:58 | INFO     | app.pipeline.processing_pipeline:523 - Pipeline cam=3: 3.2 fps actual
2026-04-22 15:15:01 | INFO     | app.pipeline.processing_pipeline:523 - Pipeline cam=2: 3.1 fps actual
2026-04-22 15:15:10 | INFO     | app.pipeline.processing_pipeline:523 - Pipeline cam=3: 2.5 fps actual
2026-04-22 15:15:11 | INFO     | app.pipeline.processing_pipeline:523 - Pipeline cam=2: 2.8 fps actual
2026-04-22 15:15:23 | INFO     | app.pipeline.processing_pipeline:523 - Pipeline cam=3: 2.4 fps actual
2026-04-22 15:15:24 | INFO     | app.pipeline.processing_pipeline:523 - Pipeline cam=2: 2.4 fps actual
2026-04-22 15:15:34 | INFO     | app.pipeline.processing_pipeline:523 - Pipeline cam=2: 2.8 fps actual
2026-04-22 15:15:35 | INFO     | app.pipeline.processing_pipeline:523 - Pipeline cam=3: 2.5 fps actual
2026-04-22 15:15:43 | INFO     | app.pipeline.processing_pipeline:523 - Pipeline cam=2: 3.6 fps actual
2026-04-22 15:15:47 | INFO     | app.pipeline.processing_pipeline:523 - Pipeline cam=3: 2.4 fps actual
2026-04-22 15:15:55 | INFO     | app.pipeline.processing_pipeline:523 - Pipeline cam=2: 2.5 fps actual
2026-04-22 15:16:00 | INFO     | app.pipeline.processing_pipeline:523 - Pipeline cam=3: 2.4 fps actual
2026-04-22 15:16:05 | INFO     | app.pipeline.processing_pipeline:523 - Pipeline cam=2: 3.0 fps actual
2026-04-22 15:16:10 | INFO     | app.pipeline.processing_pipeline:523 - Pipeline cam=3: 2.9 fps actual
2026-04-22 15:16:19 | INFO     | app.pipeline.processing_pipeline:523 - Pipeline cam=2: 2.1 fps actual
2026-04-22 15:16:24 | INFO     | app.pipeline.processing_pipeline:523 - Pipeline cam=3: 2.2 fps actual
2026-04-22 15:16:29 | INFO     | app.pipeline.processing_pipeline:523 - Pipeline cam=2: 3.0 fps actual
2026-04-22 15:16:35 | INFO     | app.pipeline.processing_pipeline:523 - Pipeline cam=3: 2.7 fps actual
2026-04-22 15:16:39 | INFO     | app.pipeline.processing_pipeline:523 - Pipeline cam=2: 2.9 fps actual
2026-04-22 15:16:39 | INFO     | app.recognition.face_recognizer:105 - identify_in_frame cam=2: 0 face(s) detected, 2 track(s)
2026-04-22 15:16:40 | INFO     | app.recognition.face_recognizer:105 - identify_in_frame cam=2: 0 face(s) detected, 4 track(s)
2026-04-22 15:16:42 | INFO     | app.recognition.face_recognizer:105 - identify_in_frame cam=2: 0 face(s) detected, 5 track(s)
2026-04-22 15:16:43 | INFO     | app.recognition.face_recognizer:105 - identify_in_frame cam=2: 0 face(s) detected, 3 track(s)
2026-04-22 15:16:44 | INFO     | app.recognition.face_recognizer:105 - identify_in_frame cam=2: 0 face(s) detected, 4 track(s)
2026-04-22 15:16:45 | INFO     | app.recognition.face_recognizer:105 - identify_in_frame cam=3: 1 face(s) detected, 1 track(s)
2026-04-22 15:16:45 | INFO     | app.recognition.face_recognizer:204 -   face→track 25: best_id=1017 score=0.1100 (high>=0.5 verified>=0.42 med>=0.37)
2026-04-22 15:16:46 | INFO     | app.recognition.face_recognizer:105 - identify_in_frame cam=2: 0 face(s) detected, 2 track(s)
2026-04-22 15:16:47 | INFO     | app.recognition.face_recognizer:105 - identify_in_frame cam=3: 2 face(s) detected, 4 track(s)
2026-04-22 15:16:47 | INFO     | app.recognition.face_recognizer:204 -   face→track 26: best_id=1003 score=0.0795 (high>=0.5 verified>=0.42 med>=0.37)
2026-04-22 15:16:47 | INFO     | app.recognition.face_recognizer:105 - identify_in_frame cam=2: 0 face(s) detected, 1 track(s)
2026-04-22 15:16:49 | INFO     | app.recognition.face_recognizer:105 - identify_in_frame cam=3: 2 face(s) detected, 4 track(s)
2026-04-22 15:16:49 | INFO     | app.recognition.face_recognizer:204 -   face→track 26: best_id=1024 score=0.0939 (high>=0.5 verified>=0.42 med>=0.37)
2026-04-22 15:16:49 | INFO     | app.recognition.face_recognizer:204 -   face→track 28: best_id=1025 score=0.0838 (high>=0.5 verified>=0.42 med>=0.37)
2026-04-22 15:16:49 | INFO     | app.recognition.face_recognizer:105 - identify_in_frame cam=2: 0 face(s) detected, 1 track(s)
2026-04-22 15:16:49 | INFO     | app.pipeline.processing_pipeline:523 - Pipeline cam=3: 2.1 fps actual
2026-04-22 15:16:50 | INFO     | app.recognition.face_recognizer:105 - identify_in_frame cam=2: 0 face(s) detected, 6 track(s)
2026-04-22 15:16:50 | INFO     | app.recognition.face_recognizer:105 - identify_in_frame cam=3: 1 face(s) detected, 4 track(s)
2026-04-22 15:16:50 | INFO     | app.recognition.face_recognizer:204 -   face→track 26: best_id=1024 score=0.2796 (high>=0.5 verified>=0.42 med>=0.37)
2026-04-22 15:16:52 | INFO     | app.recognition.face_recognizer:105 - identify_in_frame cam=3: 0 face(s) detected, 1 track(s)
2026-04-22 15:16:53 | INFO     | app.recognition.face_recognizer:105 - identify_in_frame cam=3: 0 face(s) detected, 1 track(s)
2026-04-22 15:16:53 | INFO     | app.recognition.face_recognizer:105 - identify_in_frame cam=3: 0 face(s) detected, 1 track(s)
2026-04-22 15:16:54 | INFO     | app.recognition.face_recognizer:105 - identify_in_frame cam=3: 0 face(s) detected, 5 track(s)
2026-04-22 15:16:55 | INFO     | app.pipeline.processing_pipeline:523 - Pipeline cam=2: 1.9 fps actual
2026-04-22 15:16:55 | INFO     | app.recognition.face_recognizer:105 - identify_in_frame cam=2: 0 face(s) detected, 4 track(s)
2026-04-22 15:16:57 | INFO     | app.recognition.face_recognizer:105 - identify_in_frame cam=3: 0 face(s) detected, 5 track(s)
2026-04-22 15:17:01 | INFO     | app.recognition.face_recognizer:105 - identify_in_frame cam=2: 0 face(s) detected, 2 track(s)
2026-04-22 15:17:02 | INFO     | app.pipeline.processing_pipeline:523 - Pipeline cam=3: 2.3 fps actual
2026-04-22 15:17:02 | INFO     | app.recognition.face_recognizer:105 - identify_in_frame cam=3: 0 face(s) detected, 1 track(s)
2026-04-22 15:17:09 | INFO     | app.pipeline.processing_pipeline:523 - Pipeline cam=2: 2.1 fps actual
2026-04-22 15:17:16 | INFO     | app.pipeline.processing_pipeline:523 - Pipeline cam=3: 2.2 fps actual
2026-04-22 15:17:20 | INFO     | app.pipeline.processing_pipeline:523 - Pipeline cam=2: 2.8 fps actual
2026-04-22 15:17:27 | INFO     | app.pipeline.processing_pipeline:523 - Pipeline cam=3: 2.8 fps actual
2026-04-22 15:17:30 | INFO     | app.pipeline.processing_pipeline:523 - Pipeline cam=2: 3.0 fps actual
2026-04-22 15:17:38 | INFO     | app.pipeline.processing_pipeline:523 - Pipeline cam=3: 2.7 fps actual
2026-04-22 15:17:39 | INFO     | app.recognition.face_recognizer:105 - identify_in_frame cam=3: 0 face(s) detected, 1 track(s)
2026-04-22 15:17:40 | INFO     | app.pipeline.processing_pipeline:523 - Pipeline cam=2: 3.0 fps actual
2026-04-22 15:17:40 | INFO     | app.recognition.face_recognizer:105 - identify_in_frame cam=3: 0 face(s) detected, 1 track(s)
2026-04-22 15:17:41 | INFO     | app.recognition.face_recognizer:105 - identify_in_frame cam=2: 0 face(s) detected, 1 track(s)
2026-04-22 15:17:42 | INFO     | app.recognition.face_recognizer:105 - identify_in_frame cam=3: 0 face(s) detected, 2 track(s)
2026-04-22 15:17:42 | INFO     | app.recognition.face_recognizer:105 - identify_in_frame cam=3: 0 face(s) detected, 1 track(s)
2026-04-22 15:17:43 | INFO     | app.recognition.face_recognizer:105 - identify_in_frame cam=2: 1 face(s) detected, 1 track(s)
2026-04-22 15:17:43 | INFO     | app.recognition.face_recognizer:204 -   face→track 59: best_id=1019 score=0.1722 (high>=0.5 verified>=0.42 med>=0.37)
2026-04-22 15:17:43 | INFO     | app.recognition.face_recognizer:105 - identify_in_frame cam=3: 0 face(s) detected, 1 track(s)
2026-04-22 15:17:44 | INFO     | app.recognition.face_recognizer:105 - identify_in_frame cam=2: 1 face(s) detected, 1 track(s)
2026-04-22 15:17:44 | INFO     | app.recognition.face_recognizer:204 -   face→track 59: best_id=1024 score=0.1512 (high>=0.5 verified>=0.42 med>=0.37)
2026-04-22 15:17:44 | INFO     | app.recognition.face_recognizer:105 - identify_in_frame cam=2: 0 face(s) detected, 1 track(s)
2026-04-22 15:17:44 | INFO     | app.recognition.face_recognizer:105 - identify_in_frame cam=2: 0 face(s) detected, 1 track(s)
2026-04-22 15:17:45 | INFO     | app.recognition.face_recognizer:105 - identify_in_frame cam=3: 0 face(s) detected, 1 track(s)
2026-04-22 15:17:46 | INFO     | app.recognition.face_recognizer:105 - identify_in_frame cam=2: 0 face(s) detected, 1 track(s)
2026-04-22 15:17:46 | INFO     | app.recognition.face_recognizer:105 - identify_in_frame cam=2: 0 face(s) detected, 1 track(s)
2026-04-22 15:17:47 | INFO     | app.recognition.face_recognizer:105 - identify_in_frame cam=3: 0 face(s) detected, 2 track(s)
2026-04-22 15:17:47 | INFO     | app.recognition.face_recognizer:105 - identify_in_frame cam=2: 0 face(s) detected, 2 track(s)
2026-04-22 15:17:50 | INFO     | app.pipeline.processing_pipeline:523 - Pipeline cam=3: 2.6 fps actual
2026-04-22 15:17:50 | INFO     | app.recognition.face_recognizer:105 - identify_in_frame cam=3: 0 face(s) detected, 2 track(s)
2026-04-22 15:17:51 | INFO     | app.pipeline.processing_pipeline:523 - Pipeline cam=2: 2.7 fps actual
2026-04-22 15:17:51 | INFO     | app.recognition.face_recognizer:105 - identify_in_frame cam=2: 0 face(s) detected, 2 track(s)
2026-04-22 15:17:55 | INFO     | app.recognition.face_recognizer:105 - identify_in_frame cam=2: 0 face(s) detected, 1 track(s)
2026-04-22 15:18:00 | INFO     | app.pipeline.processing_pipeline:523 - Pipeline cam=3: 2.8 fps actual
2026-04-22 15:18:02 | INFO     | app.pipeline.processing_pipeline:523 - Pipeline cam=2: 2.9 fps actual
2026-04-22 15:18:12 | INFO     | app.pipeline.processing_pipeline:523 - Pipeline cam=2: 2.8 fps actual
2026-04-22 15:18:13 | INFO     | app.pipeline.processing_pipeline:523 - Pipeline cam=3: 2.5 fps actual
2026-04-22 15:18:22 | INFO     | app.pipeline.processing_pipeline:523 - Pipeline cam=2: 3.1 fps actual
2026-04-22 15:18:23 | INFO     | app.pipeline.processing_pipeline:523 - Pipeline cam=3: 3.0 fps actual
2026-04-22 15:18:33 | INFO     | app.pipeline.processing_pipeline:523 - Pipeline cam=2: 2.7 fps actual
2026-04-22 15:18:34 | INFO     | app.pipeline.processing_pipeline:523 - Pipeline cam=3: 2.6 fps actual
2026-04-22 15:18:45 | INFO     | app.pipeline.processing_pipeline:523 - Pipeline cam=2: 2.5 fps actual
2026-04-22 15:18:47 | INFO     | app.pipeline.processing_pipeline:523 - Pipeline cam=3: 2.3 fps actual
2026-04-22 15:18:56 | INFO     | app.pipeline.processing_pipeline:523 - Pipeline cam=2: 2.7 fps actual
2026-04-22 15:19:00 | INFO     | app.pipeline.processing_pipeline:523 - Pipeline cam=3: 2.4 fps actual
2026-04-22 15:19:07 | INFO     | app.pipeline.processing_pipeline:523 - Pipeline cam=2: 2.7 fps actual
2026-04-22 15:19:12 | INFO     | app.pipeline.processing_pipeline:523 - Pipeline cam=3: 2.6 fps actual
2026-04-22 15:19:12 | INFO     | app.recognition.face_recognizer:105 - identify_in_frame cam=2: 0 face(s) detected, 1 track(s)
2026-04-22 15:19:14 | INFO     | app.recognition.face_recognizer:105 - identify_in_frame cam=2: 0 face(s) detected, 1 track(s)
2026-04-22 15:19:15 | INFO     | app.recognition.face_recognizer:105 - identify_in_frame cam=2: 0 face(s) detected, 2 track(s)
2026-04-22 15:19:16 | INFO     | app.recognition.face_recognizer:105 - identify_in_frame cam=2: 0 face(s) detected, 1 track(s)
2026-04-22 15:19:17 | INFO     | app.recognition.face_recognizer:105 - identify_in_frame cam=3: 0 face(s) detected, 1 track(s)
2026-04-22 15:19:17 | INFO     | app.recognition.face_recognizer:105 - identify_in_frame cam=2: 0 face(s) detected, 1 track(s)
2026-04-22 15:19:18 | INFO     | app.recognition.face_recognizer:105 - identify_in_frame cam=3: 0 face(s) detected, 2 track(s)
2026-04-22 15:19:19 | INFO     | app.pipeline.processing_pipeline:523 - Pipeline cam=2: 2.6 fps actual
2026-04-22 15:19:19 | INFO     | app.recognition.face_recognizer:105 - identify_in_frame cam=2: 0 face(s) detected, 2 track(s)
2026-04-22 15:19:19 | INFO     | app.recognition.face_recognizer:105 - identify_in_frame cam=3: 0 face(s) detected, 2 track(s)
2026-04-22 15:19:20 | INFO     | app.recognition.face_recognizer:105 - identify_in_frame cam=3: 0 face(s) detected, 1 track(s)
2026-04-22 15:19:22 | INFO     | app.recognition.face_recognizer:105 - identify_in_frame cam=3: 0 face(s) detected, 2 track(s)
2026-04-22 15:19:24 | INFO     | app.recognition.face_recognizer:105 - identify_in_frame cam=2: 0 face(s) detected, 2 track(s)
2026-04-22 15:19:26 | INFO     | app.pipeline.processing_pipeline:523 - Pipeline cam=3: 2.1 fps actual
2026-04-22 15:19:26 | INFO     | app.recognition.face_recognizer:105 - identify_in_frame cam=3: 0 face(s) detected, 2 track(s)
2026-04-22 15:19:28 | INFO     | app.recognition.face_recognizer:105 - identify_in_frame cam=2: 0 face(s) detected, 1 track(s)
2026-04-22 15:19:30 | INFO     | app.recognition.face_recognizer:105 - identify_in_frame cam=3: 0 face(s) detected, 1 track(s)
2026-04-22 15:19:31 | INFO     | app.pipeline.processing_pipeline:523 - Pipeline cam=2: 2.4 fps actual
2026-04-22 15:19:35 | INFO     | app.pipeline.processing_pipeline:523 - Pipeline cam=3: 3.1 fps actual
2026-04-22 15:20:01 | WARNING  | app.camera.camera_manager:69 - Camera 3 lost connection. Reconnecting...
2026-04-22 15:20:01 | WARNING  | app.camera.camera_manager:69 - Camera 2 lost connection. Reconnecting...
2026-04-22 15:20:31 | WARNING  | app.camera.camera_manager:56 - Camera 3 failed to open. Retrying in 2s...
2026-04-22 15:21:01 | WARNING  | app.camera.camera_manager:56 - Camera 2 failed to open. Retrying in 2s...
2026-04-22 15:21:31 | WARNING  | app.camera.camera_manager:56 - Camera 3 failed to open. Retrying in 4s...
2026-04-22 15:22:01 | WARNING  | app.camera.camera_manager:56 - Camera 2 failed to open. Retrying in 4s...
2026-04-22 15:22:31 | WARNING  | app.camera.camera_manager:56 - Camera 3 failed to open. Retrying in 8s...
2026-04-22 15:23:01 | WARNING  | app.camera.camera_manager:56 - Camera 2 failed to open. Retrying in 8s...
2026-04-22 15:23:31 | WARNING  | app.camera.camera_manager:56 - Camera 3 failed to open. Retrying in 16s...
2026-04-22 15:24:01 | WARNING  | app.camera.camera_manager:56 - Camera 2 failed to open. Retrying in 16s...
2026-04-22 15:24:31 | WARNING  | app.camera.camera_manager:56 - Camera 3 failed to open. Retrying in 30s...
2026-04-22 15:24:54 | INFO     | app.services.alert_service:74 - Alert: Prateek missing — last seen 15m ago
2026-04-22 15:25:01 | WARNING  | app.camera.camera_manager:56 - Camera 2 failed to open. Retrying in 30s...
2026-04-22 15:25:31 | WARNING  | app.camera.camera_manager:56 - Camera 3 failed to open. Retrying in 30s...
2026-04-22 15:26:01 | WARNING  | app.camera.camera_manager:56 - Camera 2 failed to open. Retrying in 30s...
2026-04-22 15:26:31 | WARNING  | app.camera.camera_manager:56 - Camera 3 failed to open. Retrying in 30s...
2026-04-22 15:27:02 | WARNING  | app.camera.camera_manager:56 - Camera 2 failed to open. Retrying in 30s...
2026-04-22 15:27:32 | WARNING  | app.camera.camera_manager:56 - Camera 3 failed to open. Retrying in 30s...
2026-04-22 15:28:02 | WARNING  | app.camera.camera_manager:56 - Camera 2 failed to open. Retrying in 30s...
2026-04-22 15:28:23 | INFO     | app.api.ws:51 - WS: client connected (1 total)
2026-04-22 15:28:24 | INFO     | app.api.ws:56 - WS: client disconnected (0 remaining)
2026-04-22 15:28:32 | WARNING  | app.camera.camera_manager:56 - Camera 3 failed to open. Retrying in 30s...
2026-04-22 15:29:02 | WARNING  | app.camera.camera_manager:56 - Camera 2 failed to open. Retrying in 30s...
2026-04-22 15:29:32 | WARNING  | app.camera.camera_manager:56 - Camera 3 failed to open. Retrying in 30s...
2026-04-22 15:30:02 | WARNING  | app.camera.camera_manager:56 - Camera 2 failed to open. Retrying in 30s...
2026-04-22 15:30:32 | WARNING  | app.camera.camera_manager:56 - Camera 3 failed to open. Retrying in 30s...
2026-04-22 15:31:02 | WARNING  | app.camera.camera_manager:56 - Camera 2 failed to open. Retrying in 30s...
2026-04-22 15:31:32 | WARNING  | app.camera.camera_manager:56 - Camera 3 failed to open. Retrying in 30s...
2026-04-22 15:32:02 | WARNING  | app.camera.camera_manager:56 - Camera 2 failed to open. Retrying in 30s...
2026-04-22 15:32:32 | WARNING  | app.camera.camera_manager:56 - Camera 3 failed to open. Retrying in 30s...
2026-04-22 15:32:32 | INFO     | app.api.ws:51 - WS: client connected (1 total)
2026-04-22 15:32:33 | INFO     | app.api.ws:56 - WS: client disconnected (0 remaining)
2026-04-22 15:33:02 | WARNING  | app.camera.camera_manager:56 - Camera 2 failed to open. Retrying in 30s...
2026-04-22 15:33:32 | WARNING  | app.camera.camera_manager:56 - Camera 3 failed to open. Retrying in 30s...
2026-04-22 15:34:02 | WARNING  | app.camera.camera_manager:56 - Camera 2 failed to open. Retrying in 30s...
2026-04-22 15:34:32 | WARNING  | app.camera.camera_manager:56 - Camera 3 failed to open. Retrying in 30s...
2026-04-22 15:34:54 | INFO     | app.services.alert_service:74 - Alert: Prateek missing — last seen 25m ago
2026-04-22 15:35:02 | WARNING  | app.camera.camera_manager:56 - Camera 2 failed to open. Retrying in 30s...
2026-04-22 15:35:33 | WARNING  | app.camera.camera_manager:56 - Camera 3 failed to open. Retrying in 30s...
2026-04-22 15:36:03 | WARNING  | app.camera.camera_manager:56 - Camera 2 failed to open. Retrying in 30s...
2026-04-22 15:36:33 | WARNING  | app.camera.camera_manager:56 - Camera 3 failed to open. Retrying in 30s...
2026-04-22 15:37:03 | WARNING  | app.camera.camera_manager:56 - Camera 2 failed to open. Retrying in 30s...
2026-04-22 15:37:33 | WARNING  | app.camera.camera_manager:56 - Camera 3 failed to open. Retrying in 30s...
2026-04-22 15:38:03 | WARNING  | app.camera.camera_manager:56 - Camera 2 failed to open. Retrying in 30s...
2026-04-22 15:38:33 | WARNING  | app.camera.camera_manager:56 - Camera 3 failed to open. Retrying in 30s...
2026-04-22 15:39:03 | WARNING  | app.camera.camera_manager:56 - Camera 2 failed to open. Retrying in 30s...
2026-04-22 15:39:33 | WARNING  | app.camera.camera_manager:56 - Camera 3 failed to open. Retrying in 30s...
2026-04-22 15:40:03 | WARNING  | app.camera.camera_manager:56 - Camera 2 failed to open. Retrying in 30s...
2026-04-22 15:40:33 | WARNING  | app.camera.camera_manager:56 - Camera 3 failed to open. Retrying in 30s...
2026-04-22 15:41:03 | WARNING  | app.camera.camera_manager:56 - Camera 2 failed to open. Retrying in 30s...
2026-04-22 15:41:33 | WARNING  | app.camera.camera_manager:56 - Camera 3 failed to open. Retrying in 30s...
2026-04-22 15:42:03 | WARNING  | app.camera.camera_manager:56 - Camera 2 failed to open. Retrying in 30s...
2026-04-22 15:42:33 | WARNING  | app.camera.camera_manager:56 - Camera 3 failed to open. Retrying in 30s...
2026-04-22 15:43:03 | WARNING  | app.camera.camera_manager:56 - Camera 2 failed to open. Retrying in 30s...
2026-04-22 15:43:34 | WARNING  | app.camera.camera_manager:56 - Camera 3 failed to open. Retrying in 30s...
2026-04-22 15:44:04 | WARNING  | app.camera.camera_manager:56 - Camera 2 failed to open. Retrying in 30s...
2026-04-22 15:44:34 | WARNING  | app.camera.camera_manager:56 - Camera 3 failed to open. Retrying in 30s...
2026-04-22 15:44:54 | INFO     | app.services.alert_service:74 - Alert: Prateek missing — last seen 35m ago
2026-04-22 15:45:04 | WARNING  | app.camera.camera_manager:56 - Camera 2 failed to open. Retrying in 30s...
2026-04-22 15:45:34 | WARNING  | app.camera.camera_manager:56 - Camera 3 failed to open. Retrying in 30s...
2026-04-22 15:46:04 | WARNING  | app.camera.camera_manager:56 - Camera 2 failed to open. Retrying in 30s...
2026-04-22 15:46:34 | WARNING  | app.camera.camera_manager:56 - Camera 3 failed to open. Retrying in 30s...
2026-04-22 15:47:04 | WARNING  | app.camera.camera_manager:56 - Camera 2 failed to open. Retrying in 30s...
2026-04-22 15:47:34 | WARNING  | app.camera.camera_manager:56 - Camera 3 failed to open. Retrying in 30s...
2026-04-22 15:48:04 | WARNING  | app.camera.camera_manager:56 - Camera 2 failed to open. Retrying in 30s...
2026-04-22 15:48:34 | WARNING  | app.camera.camera_manager:56 - Camera 3 failed to open. Retrying in 30s...
2026-04-22 15:49:04 | WARNING  | app.camera.camera_manager:56 - Camera 2 failed to open. Retrying in 30s...
2026-04-22 15:49:34 | WARNING  | app.camera.camera_manager:56 - Camera 3 failed to open. Retrying in 30s...
2026-04-22 15:50:04 | WARNING  | app.camera.camera_manager:56 - Camera 2 failed to open. Retrying in 30s...
2026-04-22 15:50:34 | WARNING  | app.camera.camera_manager:56 - Camera 3 failed to open. Retrying in 30s...
2026-04-22 15:51:04 | WARNING  | app.camera.camera_manager:56 - Camera 2 failed to open. Retrying in 30s...
2026-04-22 15:51:35 | WARNING  | app.camera.camera_manager:56 - Camera 3 failed to open. Retrying in 30s...
2026-04-22 15:52:05 | WARNING  | app.camera.camera_manager:56 - Camera 2 failed to open. Retrying in 30s...
2026-04-22 15:52:35 | WARNING  | app.camera.camera_manager:56 - Camera 3 failed to open. Retrying in 30s...
2026-04-22 15:53:05 | WARNING  | app.camera.camera_manager:56 - Camera 2 failed to open. Retrying in 30s...
2026-04-22 15:53:35 | WARNING  | app.camera.camera_manager:56 - Camera 3 failed to open. Retrying in 30s...
2026-04-22 15:54:05 | WARNING  | app.camera.camera_manager:56 - Camera 2 failed to open. Retrying in 30s...
2026-04-22 15:54:35 | WARNING  | app.camera.camera_manager:56 - Camera 3 failed to open. Retrying in 30s...
2026-04-22 15:54:54 | INFO     | app.services.alert_service:74 - Alert: Prateek missing — last seen 45m ago
2026-04-22 15:55:05 | WARNING  | app.camera.camera_manager:56 - Camera 2 failed to open. Retrying in 30s...
2026-04-22 15:56:58 | WARNING  | app.camera.camera_manager:56 - Camera 3 failed to open. Retrying in 30s...
2026-04-22 17:08:58 | WARNING  | app.camera.camera_manager:56 - Camera 2 failed to open. Retrying in 30s...
2026-04-22 17:08:59 | INFO     | app.services.alert_service:74 - Alert: Prateek missing — last seen 119m ago
2026-04-22 17:30:59 | WARNING  | app.camera.camera_manager:56 - Camera 3 failed to open. Retrying in 30s...
